job_title,salary_usd,years_of_experience,city,jd
Facebook Ads Marketing Specialist,400.0,0.5,Hanoi,"Participate in managing Facebook ad campaigns for the company.
Build and manage company pages and ad accounts.
Identify potential customer data and prospects for product needs.
Develop and promote the product and company brand across digital channels.
Carry out additional tasks as assigned by the supervisor.
Demonstrate basic Photoshop and video editing skills; maintain strong computer proficiency and teamwork."
"Regional Sales Manager - Northwest Region (ASM), FMCG",760.0,2.0,Hanoi,"Develop and implement monthly, quarterly, and annual sales strategies for the assigned region to achieve target metrics.
Be responsible for sales results according to set targets and manage the distribution network within the region.
Collaborate with Marketing to execute Trade Marketing programs and support communications to enhance product visibility at points of sale and build brand awareness.
Recruit, train, coach, and evaluate the regional sales team; ensure adherence to company policies and compliance across the team.
Support sales team in building and developing the point-of-sale network; explore new distributors and maintain relationships with existing ones.
Analyze market and sales data, assess product quality, compare with competitors, and provide insights to drive higher product sales in the region."
Head of Admissions Consulting Team,480.0,2.0,"Vinh, Nghệ An, Vietnam","Lead and manage a team of 6-10 admissions consulting sales staff.
Plan and execute weekly, monthly, quarterly, and yearly business plans to identify, advise, and close clients to meet sales targets.
Coordinate with schools, buildings, and other entities with shared client bases to generate potential leads.
Monitor and drive the team's performance to operate effectively and achieve KPIs; coach staff to convert prospects into students.
Recruit, train, and develop sales personnel to align with company requirements.
Prepare and submit reports to management as required and comply with directives; report directly to the Center Director."
Sales Manager (New ALPHA Project),1400.0,1.0,Hanoi,"Plan sales strategy and set business development targets.
Develop and manage client portfolios; expand the customer base.
Monitor sales activities, performance, and results; report findings.
Provide pre-sales and post-sales customer support to ensure satisfaction.
Build personal brand on social platforms (TikTok, Zalo, Facebook) to generate leads.
Collaborate with the team to achieve sales targets; participate in training and development."
Technical Leader (Fluent English),1600.0,5.0,"Hanoi, Vietnam","Create high-quality applications and solutions; analyze requirements and design and develop functionalities based on project requirements.
Constantly optimize the product and development process, identify and fix issues, and improve stability and availability of the product.
Coordinate with internal teams to understand user requirements and provide technical solutions.
Work on assigned tasks under a direct manager and coordinate among teams to ensure alignment and quality.
Fluent in verbal and written English; 5+ years of experience in developing web, web-app, and application projects; strong experience with Java, C#, JavaScript, and related technologies.
Demonstrate a structured, solution-oriented mindset with good problem-solving, communication, and potential to mentor others; proactive and capable of working with international teams."
Trade Marketing Executive,320.0,0.5,Ho Chi Minh City,"Assist sales staff in distributing products to supermarket chains.
Support activities for Key Account Management (KAM).
Execute promotional programs and manage sampling activities.
Coordinate nationwide recruitment of promotional staff as required.
Monitor work performance and compensation policies for promotional staff.
Perform other duties as assigned by the supervisor."
Executive Assistant to CEO,1000.0,2.0,Hanoi,"Plan meetings and prepare for the CEO's business trips.
Plan and organize the CEO's schedule, and prepare documents and reports for the CEO.
Support the CEO in managing and directing the company's operations.
Attend meetings, conferences, and negotiations with internal and external stakeholders.
Perform administrative, office, and other tasks as required by the CEO.
Advise on and implement solutions for issues arising in the work environment.
Represent the CEO in meetings, monitor progress, and handle other specialist tasks as assigned."
Automotive Sales Consultant (TOYOTA) - No Experience Required,160.0,0.0,Ho Chi Minh City,"Identify and manage new and potential customers to achieve sales targets.
Present products, pricing, services, and promotions to meet customer needs.
Plan and execute sales activities to achieve monthly targets.
Collaborate with Marketing to implement company-wide strategies, customer care, and market development.
Sell new cars and related product packages; promote ancillary services (parts, insurance, etc.).
Provide post-sale support and customer care; participate in product and sales training."
IT Staff,360.0,4.0,"Đắk Lắk, Vietnam","Install, maintain, repair, and upgrade computer networks, network devices, software, and hardware for the company.
Manage and monitor network systems to ensure stable, secure, and efficient operation.
Provide technical support to users and resolve issues related to networks, software, and hardware.
Participate in IT projects and apply information technology to enhance business operations.
Lead or participate in digital transformation efforts within the company; familiarity with Office 365 preferred.
Requirements: diploma/college/university in IT, Network Administration or related fields; knowledge of computer networks, network systems, devices, software, and hardware; strong problem-solving and troubleshooting skills; ability to work independently and in a team; proactive, energetic, and responsible."
Area Sales Manager,600.0,2.0,Ho Chi Minh City,"Lead and manage a sales team to achieve growth and revenue targets.
Develop and execute business strategies to expand the customer base and brand coverage.
Recruit, train, and monitor performance of the sales staff.
Build and nurture long-term relationships with customers and partners.
Develop and implement sales programs from planning to closing and delivery.
Identify potential markets, monitor competitors and product trends, and report on sales results, revenue, and profitability."
Pharmaceutical Sales Manager,720.0,2.0,Long An and multiple locations nationwide,"Advise the CEO on sales plans and market development strategies.
Oversee OTC Medical Representatives to achieve monthly, quarterly, and yearly sales targets.
Support sales representatives in daily activities, sales efforts, and issue resolution.
Monitor customer debt collection and report sales performance to the CEO.
Build and develop a strong customer base locally and identify potential new customers; coordinate with Marketing to implement promotions and after-sales programs.
Coordinate with Human Resources to recruit, allocate targets, train, and monitor the effectiveness of the sales team; report on sales activities and market changes; stay updated on competitors and new products."
iOS Developer,1400.0,0.0,"Hanoi, Vietnam","Participate in development projects for iOS applications.
Serve as technical lead on projects and propose technical solutions.
Design, implement coding, testing, and documentation to deliver source code that meets user and system requirements and release milestones.
Perform bug fixing, maintenance, and feature enhancement to ensure application quality.
Requirements: extensive experience with Swift and Objective-C, iOS SDK, multi-threaded networked iOS applications, and custom iOS components; strong UI scalability using size classes; solid MVC/OOP skills; unit testing and automation testing; continuous integration.
Proficiency in MVVM, AVFoundation, XCTest and knowledge of video on demand technologies and streaming protocols (including HLS)."
Regional Manager - ASM (Traditional Distributor Channel),800.0,2.0,Hanoi,"Manage the assigned regional area and develop markets for agricultural machinery and household equipment.
Plan and execute sales strategies to meet targets, visit the market, and nurture customers in the assigned region.
Update price quotations, introduce new products, share sales policies and promotions with customers.
Gather competitor information and provide market assessments to management.
Coordinate with relevant departments to handle customer complaints regarding product quality, delivery times, and warranties.
Work with the accounting department to collect debts from customers under management and prepare periodic reports as required."
Financial Advisor - Telesales / Sales,320.0,0.0,Hanoi and Ho Chi Minh City,"Telesales role providing financial loan product guidance to SMEs.
Assist clients in applying for loans and guide them through the registration process.
Collaborate with banking partners to ensure platform operational targets are met.
Provide customer support via hotline and handle loan consultation requests through internal channels and marketing.
Qualifications include college degree or higher in economics, business administration, corporate finance, accounting, or auditing; minimum 6 months in telesales or sales/customer service; preference for experience in technology companies and knowledge of loans/finance.
Demonstrate strong communication, sales drive, seriousness and commitment, resilience under pressure, and good listening and emotional control."
Traditional Medicine Doctor,400.0,0.5,"Hanoi, Hoa Binh","Examine, advise, and treat patients in accordance with prescriptions from the department head, either directly or in collaboration with other staff.
Welcome and assess patients, provide clinical consultations, and manage related medical conditions.
Follow orders from the department head and participate in direct or coordinated treatment plans for patients.
Operate and maintain medical equipment; perform regular maintenance and ensure equipment stability.
Monitor performance and propose improvements to clinic operations and service delivery; collaborate with department managers on events and service initiatives.
Support other departments upon request and adhere to the director's requirements; demonstrate careful, enthusiastic, ethical, proactive, and team-oriented professional conduct."
Sales Manager,800.0,2.0,Hanoi,"Lead sales of stainless steel products and industrial tanks, and develop the market for piping and fittings.
Develop business plans and sales strategies for the team to achieve revenue targets and KPIs.
Support staff in acquiring new customers and maintaining existing and potential customers.
Responsible for training and monitoring the performance of the sales team.
Encourage team leaders to manage their teams and execute sales plans.
Maintain cross-department relationships to drive company activities.
Introduce, guide, and advise customers on product and project information."
Agency Director / Sales Director,800.0,5.0,Hanoi,"Lead and support the CEO in managing agency operations and develop business plans aligned with short- and long-term objectives.
Establish processes, regulations, and guidelines for the company's sales activities to ensure safety and efficiency.
Make investment and business decisions in line with the strategy to maximize profitability.
Responsible for training, organizing the structure of personnel, and managing all sales department activities to achieve company and brand sales targets.
Requires at least 5 years of leadership experience in the automotive industry; possess strategic vision, strong leadership, and a passion for business.
Career advancement opportunities to become a key leader within the organization; professional, dynamic work environment."
Accounting Software Deployment Specialist,400.0,0.5,Hanoi,"Deploy and implement accounting and enterprise management software.
Collect and analyze client business requirements and validate survey documents.
Collaborate with the technical team to develop tailored software solutions.
Translate customer requirements into development tasks and specifications.
Demonstrate strong communication and problem-solving skills; work diligently, quickly, and proactively.
Preference for candidates with accounting knowledge or experience deploying accounting software and ERP systems."
Product Director,1600.0,2.0,Hanoi,"Lead product development planning: research market and user needs, set product objectives, and define the product roadmap.
Manage and drive product development plans; communicate the roadmap clearly to the product team; leverage data analytics to measure quality and drive continuous improvement.
Implement a product-led go-to-market strategy; coordinate with Sales and Marketing to bring the product to market; emphasize customer care and word-of-mouth growth.
Manage relationships with banking partners and business agents; collaborate to align partnerships with the product roadmap and revenue targets; develop programs to expand sales channels.
Requirements: at least 2 years of experience in B2B sales; strong understanding of accounting, sales, and cash collection processes; strong logic, analytical, communication, and problem-solving skills; high attention to detail; teamwork and leadership ability."
Agricultural Produce Sales Manager,600.0,3.0,Hanoi,"Plan, organize, and manage distribution of agricultural produce from producers to agents, stores, supermarkets, and end consumers.
Build and maintain strong relationships with business partners, customers, and stakeholders in the distribution channel.
Research and analyze market demand, customer behavior, competition, and trends to propose effective distribution strategies and programs.
Manage and develop the distribution sales team, including training, coaching, and performance evaluation.
Monitor and report on sales, costs, profits, inventory, quality, and service across the distribution channel.
Propose and implement promotions, advertising, and sales support activities for the distribution channel."
Sales Engineer - Lighting Industry,400.0,2.0,"Ho Chi Minh City, Hanoi","Bridge the company and customers by joining the sales team and presenting lighting control solutions for plants, hotels, office buildings, malls, stadiums, golf courses, ports, airports, hospitals, and international schools.
Identify, pursue, and develop new customers; build sustainable relationships with clients.
Understand customer needs, advise and propose suitable solutions, and address questions about products and services.
Conduct outbound calls, send emails, and meet with customers to introduce company products and services.
Prepare reports and perform market analysis to evaluate performance as required by management.
Demonstrate required qualifications: 2 years of experience in technical sales or industrial project sales for hotels; strong communication, negotiation, problem-solving, and teamwork skills; proficiency in computers and office software."
Car Sales Executive at Showroom,800.0,0.0,Ho Chi Minh City,"Welcome customers in the showroom and present vehicles (both static and test-drive) to clients.
Assess customer needs and preferences to tailor vehicle recommendations.
Discuss and negotiate contracts with customers.
Track payments and arrange vehicle delivery to customers.
Explain vehicle usage and communicate warranty and service policies before delivery.
Follow up with customers after delivery to build and maintain relationships; perform other sales department tasks as assigned by supervisor/manager."
Frontend Developer (Angular),1040.0,0.0,"Hanoi, Vietnam","Develop information security projects and large-scale company projects using JavaScript/TypeScript and Angular.
Analyze requirements and develop web applications with complex business logic; work in Agile/Scrum teams.
Develop web applications on the JavaScript/TypeScript platform; research and adopt new technologies.
Collaborate in a team and perform other project tasks as assigned by management.
Ensure proficiency with RESTful services, functional programming, and clean code; optimize application performance.
Qualifications: Bachelor's degree in Information Technology or Information Security; at least 2 years of frontend experience with Angular (2+), HTML, JavaScript, TypeScript, SCSS.
Nice-to-have: unit testing, Microfrontends, design patterns, experience in Agile environments, and ability to build core Angular components."
Information Security Systems Administrator,400.0,0.0,Hanoi,"Administer information security systems and applications, ensuring stable, continuous, and secure operation.
Operate and monitor system security, respond to incidents, and provide periodic and ad hoc reports on the infrastructure.
Conduct security monitoring for networks and applications, identify vulnerabilities, and study attack vectors and security mechanisms.
Plan, design, deploy, upgrade, and optimize information security systems and applications; manage quality, documentation, processes, and assets.
Require a university degree in IT, Telecommunications, or Information Security; read English technical materials; possess knowledge of network/system security and SOC operations; familiarity with Unix/Linux, networks, policies, and security platforms; experience with log analysis on systems (Firewall, IPS, Endpoint Protection, Unix/Linux, Windows, Applications) and managing secure applications and networks.
Experience with security tools and processes; ability to work independently or as part of a team; preferred certifications include CCNA, CCNP, LPI, CompTIA Security+, CEH, CISSP, CCSP."
Sales Administration Officer,500.0,1.0,"Hanoi, Vietnam","Process incoming orders and manage order-related tasks.
Handle order fulfillment and outgoing shipments.
Perform pricing and cost management duties for materials.
Serve as the primary liaison with customers to address inquiries.
Collect revenue information and monitor sales performance.
Assess customer satisfaction and gather feedback for improvements.
Support additional tasks and responsibilities as assigned by supervisors."
Sales Manager (New ALPHA Project),1400.0,1.0,Hanoi,"Plan business strategy and sales targets to drive growth for the ALPHA project.
Develop and expand the customer base through proactive outreach and relationship building.
Oversee daily sales operations and monitor performance to ensure targets are met.
Provide customer support before, during, and after the sale to ensure satisfaction and retention.
Develop and promote personal brand on social platforms (TikTok, Zalo, Facebook) to boost visibility and engagement.
Requirements: diploma or university degree; age 25–40; strong interest in sales, consulting, professional appearance, and willingness to learn; preferred experience in sales, banking, or insurance."
Marketing Specialist,480.0,2.0,Hanoi,"Collaborate with the Head and Deputy to develop marketing plans focusing on online brand marketing.
Implement brand activities and digital marketing across online tools per the plan; plan content for Fanpage and website; post approved content; update keyword trends; propose follower/traffic programs; provide monthly reports on website and social metrics.
Manage and deploy brand materials: produce and manage catalogs, leaflets, POSM, and branded items; allocate, supervise, and propose updates to promotional tools to ensure consistent brand image at points of sale with high quality.
Coordinate with departments to organize events such as store openings, customer appreciation events, company events, roadshows, and activations.
Monitor market and competitors; compile monthly market research, report weekly/monthly or as needed on branding activities supporting sales; stay updated on new marketing trends and POSM to optimize Brand Marketing strategies.
Perform other duties assigned within the scope of the position."
Sales and Personal Financial Advisor,480.0,2.0,Hanoi,"Plan and proactively identify potential clients.
Advise on financial solutions and design tailored life insurance plans for clients.
Assist clients with the claims process for insurance benefits.
Develop and promote personal brand across social media platforms.
Requirements: University/College degree; age 25-38; interest in sales and client care; existing relationships in insurance, finance, banking, real estate, travel, and beauty services; confident communication and professional appearance; eager to learn.
Experience in sales, banking, or insurance is preferred."
Area Sales Manager (OTC Channel),720.0,3.0,"Hanoi, Ho Chi Minh City, Da Nang, Can Tho, Binh Duong, Dong Nai","Oversee OTC channel sales targets for the assigned area and drive growth and market share.
Collaborate with departments to develop sales policies and incentive schemes, and recruit, manage, and develop the Medical Representatives (MRs).
Build and maintain relationships with customers, pharmacies, and drugstores in the assigned area; receive orders and coordinate with the sales admin.
Collect accurate market feedback to support marketing activities; monitor sales with Sales Admin & Warehouse to ensure stock availability, minimize stockouts and expiry, and coordinate timely distribution.
Coordinate with Finance & HR to calculate salaries, incentives, and selling expenses for the sales team.
Take ownership of OTC sales activities in the designated area; experience with tender dossiers is a plus."
Java Engineer,1000.0,0.0,"Hanoi, Vietnam","Analyze customer requirements, write requirement analysis documents, specifications, and detailed design for software projects.
Implement assigned features according to the detailed solution documents.
Identify, debug, and fix defects during development and deployment.
Write and execute unit tests to ensure code quality.
Merge code and integrate the system, participate in source code management processes.
Design modules and components according to the existing architecture; create installation and operation guides."
Head of Admissions Consulting Team,480.0,2.0,"Vinh, Nghe An","Manage a team of 6-10 sales staff, setting goals and ensuring achievement of targets.
Plan, strategize, and execute weekly, monthly, quarterly, and yearly business plans to source, advise, and close enrollments.
Collaborate with schools, buildings, and organizations sharing client segments to identify potential candidates.
Monitor and drive team performance to meet KPIs; lead and support staff in converting potential clients to students.
Recruit, train, and develop the sales team to align with company requirements and standards.
Prepare and provide reports to management as required and handle additional responsibilities assigned by direct supervisor."
Sales/Telesales and Admissions Counselor,480.0,0.0,Hanoi,"Advise and answer inquiries about TOEIC/IELTS courses offered by the system.
Leverage warm data provided by the company to drive sales.
Responsible for achieving assigned sales targets, prospecting and nurturing new customers.
Identify and develop potential customers through media, social networks, forums, events, flyers, and partner outreach.
Monitor market and competitors; provide regular reports on findings.
Perform tasks as directed by the direct supervisor and maintain enthusiasm for business and consulting.
Prefer candidates with strong telesales skills; English knowledge is a plus."
Sales Executive / Sales Advisor at Showroom,320.0,0.0,Hanoi,"Provide showroom-based sales consultations and assist customers with purchases.
Answer supplier and order-related calls, and confirm orders with customers.
Track merchandise intake from suppliers and monitor stock levels at the showroom.
Create orders in the sales software and coordinate with the shipping department to prepare shipments.
Ensure goods are properly packaged and ready for delivery, and manage customer payments.
Maintain daily sales records and basic accounting tasks, including cashiering and inventory control."
Healthcare Services Sales Specialist,680.0,1.0,"Hanoi, Vietnam","Develop business plans, identify and engage potential customers, and grow clinic services.
Identify, present, advise, and persuade clients to purchase healthcare service packages (e.g., health check packages and specialty service packages).
Seek and negotiate contracts with companies/organizations to provide services.
Manage customer relationships, handle feedback, and resolve issues within authority or escalate as needed.
Execute phased sales plans to drive product/service growth and meet revenue targets; monitor against personal quotas and contribute to team targets monthly/quarterly/yearly.
Expand distribution channels and recruit/train Sales Agents/CTVs in Hanoi and nearby provinces; supervise and report monthly revenue with partners; coordinate with Marketing for events to promote services."
Assistant to CEO,600.0,2.0,Hanoi,"Assist the CEO with business administration, analysis, financial and investment planning, and reporting.
Manage business operations by enforcing processes, regulations, training, compliance, and reporting.
Analyze and plan annual business targets and monthly KPIs for operations.
Develop and implement marketing plans and multi-channel sales campaigns (online and offline).
Prepare monthly and yearly operation performance reports and support strategic business planning for products, channels, and customers.
Coordinate between the CEO and departments, manage schedules, support internal and external relations, and handle other tasks as assigned."
Regional Sales Manager - Nationwide,400.0,1.0,An Giang and 28 other locations nationwide,"Lead and manage a regional sales team without direct selling to customers.
Advise leadership and develop plans to organize and implement sales activities.
Oversee the Regional/Team operations to achieve assigned sales targets while ensuring compliance with policies and procedures.
Plan and execute sales activities for the team and support recruitment, development of the sales network.
Train, coach, and mentor agents on product knowledge and job-related skills.
Monitor sales performance and motivate agents; perform other tasks as assigned by leadership."
Sales Advisor / Business Development Specialist - Passenger Cars and Trucks,400.0,0.0,Ho Chi Minh City,"Achieve personal vehicle sales targets.
Prospect, nurture, and develop relationships with customers; manage potential customer information.
Conduct marketing and customer care activities as directed for the assigned market; ensure compliance with policies and procedures.
Adhere to sales policies; monitor contract progress, accounts receivable, and vehicle handover.
Requirements: Diploma or higher in Automotive Technology; basic knowledge of trucks and buses features.
Demonstrate negotiation and persuasive skills; proficient in office software."
Sales Executive / Sales Consultant,400.0,0.0,Ho Chi Minh City,"Meet personal vehicle sales targets for passenger cars and trucks.
Identify, nurture, and develop relationships with customers; manage leads and customer information.
Conduct marketing activities and provide customer service aligned with the assigned market; ensure compliance with policies and procedures.
Comply with sales policies, monitor sales contracts, accounts receivable, and vehicle handover processes.
Bachelor's degree or higher; major in automobile technology engineering preferred; basic knowledge of truck and bus technology encouraged.
Demonstrate negotiation and persuasive skills; proficient in office software."
Customer Care Advisor in Hai Phong,320.0,0.0,Hai Phong,"Receive pre-existing customer data from a domestic shipping company.
Recommend services that meet customer needs.
Work with a diverse customer base in the shipping sector and provide tailored care.
Assist customers with questions and create shipping accounts; guide them to place orders via the shipping app.
Qualifications: college or university degree; proficient in computer use, especially Microsoft Office (Excel, PowerPoint, Word).
No prior experience required; strong listening, analytical, and problem-solving skills; good communication."
IT Technician,360.0,4.0,"Dak Lak, Vietnam","Install, maintain, repair, and upgrade computer network systems, network devices, software, and hardware for the company.
Manage and monitor network systems to ensure stable, secure, and efficient operations.
Provide technical support to users and resolve issues related to networks, software, and hardware.
Participate in IT projects and apply information technology to business operations.
Contribute to digital transformation initiatives, with emphasis on familiarity with Office 365.
Candidates should hold a Diploma/College/University degree in Information Technology, Network Administration, or related fields; possess knowledge of computer networks, network equipment, software, and hardware; able to troubleshoot network, software, and hardware issues; capable of working independently and in a team."
"Sales Associate (Korean, English)",400.0,2.0,"Ho Chi Minh City, Hanoi, Vietnam","Maintain ongoing relationships with existing customers.
Prepare quotes and negotiate terms with clients.
Update customer and order information in the company software.
Coordinate with the accounting department to monitor contracts and payment status.
Collaborate with other departments to deliver high-quality service.
Qualifications: bachelor's or associate degree; experience in the apparel/manufacturing industry; proficiency in English, Japanese, or Korean with four skills; negotiation, communication, and teamwork."
IOS Developer,1400.0,0.0,Hanoi,"Participate in development projects for iOS applications and contribute to technical leadership on projects.
Propose technical solutions to various problems and perform design, implementation, coding, testing, and documentation to meet user and system requirements.
Fix bugs, maintain, and enhance existing applications to ensure release milestones are met.
Build with Swift and Objective-C, leveraging the iOS SDK; develop multi-threaded networked iOS mobile applications and custom iOS components.
Demonstrate strong MVC/OO programming skills with past work examples; implement unit testing and automation testing, and support continuous integration.
Understand video-on-demand technologies and streaming protocols (including HLS); apply MVVM and AVFoundation concepts where appropriate."
Sales Leader - Software Sales Management,600.0,3.0,Ho Chi Minh City,"Identify target markets and develop business plans aligned with the company's strategy and market potential.
Propose strategies to approach and expand the customer base; update sales programs to attract more potential customers.
Support and coordinate marketing plans; design sales programs to achieve monthly/quarterly/yearly KPIs.
Manage and train team members to build strong relationships with customers.
Organize promotions, seminars, and events to bring products closer to customers.
Monitor competitor activity and manage multi-channel sales (Telesales, Inbox, Market Sales) and report daily operations to leadership."
Marketing Ads Specialist,280.0,0.5,Hanoi,"Operate and optimize online marketing channels (Facebook, Google) with substantial budgets.
Ideate and deploy advertising content on fan pages, landing pages, Zalo to support campaigns.
Set up and manage advertising accounts.
Monitor, analyze, and report campaign performance metrics.
Collaborate with the team and contribute to marketing research and insights.
Require at least 6 months of marketing experience or willingness to be trained; college degree or higher; own laptop."
Head of Sales - Beauty Division,2000.0,3.0,Ho Chi Minh City,"Lead and manage the sales team.
Apply AI-driven data analysis to optimize marketing and sales strategies.
Develop and implement training programs for sales staff and AI tools usage.
Evaluate marketing campaigns using AI-derived insights and adjust strategies accordingly.
Build and maintain long-term relationships with customers by understanding their needs and goals.
Oversee recruitment, target allocation, training, and performance monitoring of the sales team.
Identify potential markets and monitor market dynamics, competitors, and new products."
Sales Leader - Software Sales,600.0,3.0,Ho Chi Minh City,"Identify target markets and develop business plans aligned with the company strategy and market potential.
Propose strategies to reach and expand the customer base; update sales programs to attract more prospects.
Support and coordinate with marketing to plan campaigns and design various sales programs to meet monthly, quarterly, and yearly KPIs.
Manage and train team members to build strong relationships with customers.
Organize promotions, seminars, and events to bring products closer to customers; monitor competitor activity.
Oversee multi-channel sales efforts (Telesales, inbox checks, market sales) and report daily results to leadership."
Front End Developer (Angular),960.0,0.0,"Hanoi, Vietnam","Develop front-end system for website layers and collaborate with the development team to implement and optimize the product UI.
Deliver optimized and polished user interfaces aligned with project requirements.
Work onsite at the client's bank office in central Hanoi and coordinate with PM and other stakeholders.
Requirements: minimum 3 years of frontend experience, including 2 years with Angular; strong knowledge of JavaScript/TypeScript; familiarity with UI frameworks such as Ant Design, Bootstrap, or PrimeNG; experience with forms and form validation in Angular.
Proficient in English reading to understand technical documentation and communicate with the team."
Marketing Officer - Promotions,320.0,1.0,Hanoi,"Coordinate with store management, marketing leadership, and relevant departments to develop programs and plans to drive sales and implement promotional campaigns.
Research the market and competitors; propose online and offline promotions to boost sales.
Support the rollout of new products/services by obtaining information from relevant departments and updating product/service details in the system.
Organize and coordinate promotional campaigns across departments and business units to ensure accurate implementation of promotional content.
Manage gifts, vouchers, and collaborate with printing staff to produce promotional materials and distribute them to branches on time.
Collect data and evaluate the effectiveness of promotions to inform improvements and renew campaigns; collaborate with sales on proposals and cost payments."
Software Tester,280.0,1.0,Hanoi,"Plan tests, design test scripts, prepare test data and test information and environment.
Test logic for web and mobile apps, including UI/UX testing, and identify defects.
Analyze results, monitor and report test outcomes, and assess product quality.
Perform functional, security, performance, manual and automated testing.
Analyze, evaluate, and contribute ideas to improve and optimize the product.
Carry out additional tasks as assigned by supervisor."
Software Solutions Consultant,800.0,0.9,Hanoi,"Receive data from the company, advise on software, and guide customers on how to use the software; install software for customers who intend to purchase.
Provide digital marketing strategy and solutions for customers using the company’s products and services.
Prospect new customers and manage, advise customers through the company’s websites, fan pages, groups, and Zalo channels.
Prepare reports and perform tasks as directed by superiors when required.
Requirements: experience in customer care, telesales, sales, consulting, or related roles for at least 1 month.
Location: Hanoi; office hours Mon-Fri 08:00-17:30, Sat 08:00-12:00; lunch break 12:00-13:30; closed on Sat afternoon and Sun."
Regional Manager / Area Manager / ASM,720.0,1.0,Hanoi,"Oversee store operations and regional revenue management for multiple stores within the assigned area.
Manage costs and expenditures, including shrinkage, waste, staffing, energy, repairs, and other overheads.
Ensure compliance with processes and regulations for opening/closing shifts, inventory, revenue submission, quality, safety, and labor standards.
Control equipment, tools, signage, and ensure operations are in good condition and updated to standards.
Plan and monitor inventory and sales targets; coordinate weekly orders and adjustments to meet company goals.
Develop sales initiatives and marketing activities to drive revenue and attract new customers; build strong relationships with customers, colleagues, and landlords; address incidents and report promptly."
Director of Agency / Sales Director,800.0,5.0,Hanoi,"Support the company CEO in managing and operating the Agency's activities.
Develop business plans aligned with short-term and long-term goals of the unit.
Establish processes, regulations, and guidelines for the company's business activities, ensuring safety and efficiency.
Make investment and business decisions aligned with the strategy to maximize profitability.
Responsible for training, organizing the structure, and managing all sales department activities to achieve targets set by the company and the brand.
Requirements: at least 5 years of leadership experience in the passenger car industry; strategic vision, strong leadership, and passion for business; willingness to face challenges and adapt in a dynamic business environment."
Content Marketing Executive,360.0,1.0,Hanoi,"Create and craft content for campaigns, advertising programs, brand communications, and both internal and external communications.
Build and manage communications channels and social media presence.
Develop community groups and enhance member experience through activities and marketing touchpoints.
Seed campaigns within communities/groups aligned with marketing objectives.
Stay updated on marketing trends and use tools to ensure efficient marketing operations.
Report progress and results on a regular basis and collaborate with the Marketing team on additional activities."
Deputy Head of Sales,1200.0,1.0,"Hanoi, Vietnam","Build and implement sales strategy for the insurance department
Manage, lead, and develop the insurance sales team
Develop business plans and set sales targets for individuals and the department
Analyze the market and competition; propose actions to boost performance
Build and maintain relationships with major clients and expand existing portfolio
Monitor customer service processes and address issues; report results to senior management"
Key Account Staff,400.0,0.0,Hanoi,"Manage and strengthen relationships with key clients and identify growth opportunities.
Develop tailored account plans and seek new B2B partnerships; negotiate contracts.
Collaborate with Sales and Marketing to expand the client base and support marketing campaigns.
Provide market insights and assist in creating customized sales materials.
Track account performance and provide actionable insights to improve strategies."
Business Analyst,960.0,3.0,Hanoi,"Analyze business requirements and translate them into system development requirements by creating and managing URD, BRD, SRS, and API specification documents.
Clearly relay requirements to the development team to ensure accurate understanding and delivery.
Serve as a liaison between business, development, and design teams to clarify development and user experience requirements.
Collaborate with the software QA team to ensure the product is built according to approved analysis and design documents.
Engage in discussions during interviews or requirements clarification sessions as needed.
Assist with ongoing requirements refinement and ensure alignment with project goals."
IT Staff,360.0,4.0,"Đắk Lắk, Vietnam","Install, maintain, repair, and upgrade computer networks, networking devices, software, and hardware for the company.
Manage and monitor network systems to ensure stable, secure, and efficient operations.
Provide technical support to users and troubleshoot issues related to networks, software, and hardware.
Participate in IT projects and apply information technology to business operations.
Drive digital transformation within the company, with a preference for candidates familiar with Office 365.
Possess IT/related degree or qualifications in network administration or similar fields; strong networking knowledge.
Ability to work independently and in a team; proactive, responsible, and quick to learn."
Online Sales Representative (Full-Time) / Sales Consultant - Spa Aesthetics,600.0,2.0,Hanoi,"Manage all customer interaction channels, with primary responsibility for monitoring the Fanpage.
Directly consult on cosmetic tattooing services and close sales via Pancake and Telesales platforms.
Proactively optimize online consultation scripts and lead capture to maximize the rate of contact requests.
Schedule clients for service experiences.
Address questions and provide support before, during, and after sales; report weekly and monthly to the direct supervisor.
Requirements: female, 24-30 years old; at least 2 years of online sales experience; proficient in Pancake; fast typing; clear pronunciation; extroverted and energetic; own a laptop; experience in beauty/esthetic services is preferred."
Senior Data Engineer (SQL) – MSB - 1Y565,1300.0,0.0,Hanoi,"Participate in the research, development, and deployment of ETL, data integration, and big data solutions.
Review current data system design to identify advantages and risks, propose improvements, and implement remediation initiatives.
Stay up-to-date with new technologies and modern data models; evaluate and recommend optimal solutions for the bank's existing systems.
Support analytics and consulting on large-scale data solutions for systems and applications developed and deployed by the bank.
Build, control, deploy, and upgrade ETL, integration, data mining, and big data development infrastructure.
Collaborate on data modeling, real-time data integration, and design of scalable data architectures for financial applications."
Marketing Officer,600.0,2.0,"Da Nang, Quang Nam, Vietnam","Responsible for developing and managing content across company channels including the website, email marketing, and social platforms such as Facebook, YouTube, and TikTok.
Propose ideas and design marketing materials such as company profiles, catalogs, posters, videos, and promotional programs.
Execute and monitor advertising campaigns across channels and social media; organize exhibition activities; manage marketing programs including Google Ads, SEO, and seeding.
Build and operate e-commerce platforms; manage international e-commerce marketplaces.
Requirements: male or female, under 35; strong digital marketing knowledge; specialties in advertising, marketing, and multimedia; proficient in basic graphic design software; strong Excel, Word, PowerPoint skills; English reading/writing; basic Japanese is a plus; eager to learn and develop.
Salary: up to 15,000,000 VND."
Software Testing Specialist (Tester),280.0,1.0,Hanoi,"Plan testing, write test scripts, prepare data, information, and test environment.
Test logic of web and mobile apps, UI/UX, and detect defects.
Analyze results, monitor and report test outcomes, and assess product quality.
Perform functional, security, performance, manual and automated testing.
Analyze, evaluate, and contribute ideas to improve and optimize the product.
Perform other tasks as assigned by supervisor."
Marketing Officer - Brand Manager,720.0,3.0,Hanoi,"Develop and implement communications strategy and brand/product management plans for health supplements and imported brands.
Build marketing strategies to develop brand and sales annually/quarterly based on industry knowledge, market trends, and customer segments.
Create annual brand budget and marketing plans, including market research, monitoring product development and packaging design, pricing, trade marketing, product launches, and tracking advertising campaigns and brand revenue.
Define advertising objectives, propose appropriate media channels, and allocate resources to achieve cost-effective campaigns targeting consumers.
Adjust marketing strategies and plans in response to market changes and trends, executing campaigns under executive leadership oversight.
Monitor, evaluate, and analyze the effectiveness of marketing programs to drive sales and profitability; regularly analyze sales data.
Recruit, lead, train, evaluate, and develop team members."
Flutter Developer (Banking Project),1000.0,0.0,Hanoi,"Design and build mobile software for banking/fintech applications.
Collaborate with Product Owner, Project Manager, and Business Analyst to design, build, and complete the product; coordinate with Backend Team and UI/UX to define requirements and integrate APIs.
Work in a team or independently; communicate with supervisors and relevant stakeholders regarding tasks and progress.
Requirements: Bachelor's degree in information technology or related field; experience with React Native and Flutter.
Experience with architecture patterns such as MVC, MVP, MVVM; familiarity with micro frontend and mini app concepts; experience with local storage solutions.
Experience with API integration (RESTful, gRPC, GraphQL, socket communication); knowledge of design tools (Figma, Zeplin); Git and Git Flow; native module packaging or bridging libraries for cross-platform apps; performance optimization."
Customer Service Advisor,600.0,0.0,"Hanoi, Ho Chi Minh City","Connect with customers using company-provided data.
Schedule appointments for customers to attend company events.
Classify potential customer groups and provide customer care.
Assist customers directly at company events.
Advise and present the company’s resort models to customers.
Provide post-sale and post-event customer care to ensure satisfaction."
Customer Care Specialist - Hai Phong,320.0,0.0,Hai Phong,"Receive and manage pre-existing customer data for a domestic shipping company.
Advise on services that meet customer needs in the transportation sector.
Assist customers by answering questions and creating shipment accounts.
Guide customers through placing orders using the shipping app.
Requirements: college or university degree; proficient with computers and Microsoft Office (Excel, PowerPoint, Word).
No prior experience required; strong listening, analytical, and problem-solving skills; 22-25 years old."
Java Developer,800.0,0.0,"Hanoi, Vietnam","Design, write source code, and implement Java applications according to approved technical requirements and designs.
Write clean, efficient, and maintainable code; conduct code reviews to ensure adherence to best programming practices and company standards.
Work closely with the team to identify opportunities to optimize code and improve application performance.
Provide timely and effective feedback on technical issues arising during development and after product deployment.
Coordinate with other teams such as UI/UX, QA, and DevOps to ensure holistic development of the application.
Stay up-to-date with the latest technologies and apply them effectively to work."
Dentist - Oral and Maxillofacial,400.0,2.0,Hanoi and three other locations,"Conduct examinations, provide consultations, and treat dental and maxillofacial conditions.
Greet patients at reception, manage intake, and order necessary diagnostic tests for diagnosis and management of common dental and maxillofacial diseases.
Perform professional duties as assigned by the company, including orthodontic, cosmetic, and implant treatments.
Inspect equipment, medical supplies, and medications at the work site to ensure adequate resources for patient care.
Support general clinic operations and propose new treatment methods; perform other duties as required by the company.
Demonstrate compassionate patient communication, strong ethical standards, continuous learning, and proactive teamwork."
"ASM Electrical Equipment Manager - Cau Giay, Hanoi",720.0,2.0,Hanoi,"Own and drive revenue and profitability for the Electrical Equipment Sales Department.
Develop and implement business plans to expand the client base and ensure brand coverage.
Build and cultivate relationships with customers in the electrical equipment sector.
Report on business results, revenue and costs; provide market forecasts to the CEO.
Collaborate with Marketing to plan marketing initiatives for the electrical equipment category.
Identify potential markets and monitor market dynamics; stay updated on competitors and new products.
Perform tasks as required by the CEO."
Business Manager / Sales Manager (New ALPHA Project),1400.0,1.0,Hanoi,"Develop and execute sales plans to meet or exceed targets.
Expand and manage the customer base; oversee sales activities.
Provide pre-sale and post-sale support to customers to ensure high satisfaction.
Build and promote personal brand on social platforms (TikTok, Zalo, Facebook).
Collaborate with internal teams and participate in training; opportunities for advancement.
Competitive compensation including base salary plus personal and team commissions; travel opportunities and international training programs."
Sales Manager - GT Channel / ASM GT,600.0,3.0,Ho Chi Minh City,"Maintain and expand agency and mini-supermarket coverage to meet product availability targets.
Search for and develop key retail chains and channel partnerships.
Recruit and train staff as needed to support channel growth.
Monitor sales performance of agencies and points of sale; propose timely promotions to boost sales.
Develop sales plans and analyze performance to identify opportunities for market development.
Collaborate with team to manage budgeting, analysis, and reporting; utilize office IT skills; demonstrate teamwork, planning, and execution."
DevOps Engineer - Proficient in English,1600.0,0.0,"Hanoi, Vietnam","Proactively ensure the repeatability, stability, resilience, and scalability of all cloud services across the organization, ensuring availability and cost optimization early in the product development lifecycle.
Provide guidance across the Cloud Platform team as a subject matter expert and lead best practice techniques.
Continuously evaluate and integrate new cloud technologies and methodologies.
Provision test automation services to assist with software quality assurance.
Implement and configure DevSecOps pipelines for infrastructure and application delivery.
Own identity and access management, network configuration, and storage within the cloud platform."
Sales Consultant,2000.0,0.5,Ho Chi Minh City,"Develop and implement business plans and sales strategies aligned with company goals.
Sell a diverse range of real estate products across regions such as Ho Chi Minh City and Nha Trang.
Provide direct consultations to clients using existing data or potential leads from marketing channels.
Maintain, seek out, and expand relationships with clients who have express buying interest.
Recommend suitable products to meet client needs and guide them through viewing models and projects.
Attend to client inquiries and coordinate visits to show homes and projects distributed by the company.
Details of responsibilities will be discussed during the interview process."
Chief Operating Officer,1200.0,3.0,Hanoi,"Responsible for the overall operation of the executive management board, setting strategic direction and long-term governance goals.
Oversee production and support functions to ensure compliance with policies, processes, and regulations.
Advise the CEO and leadership on human resources matters, including KPI/OKR, organizational design, training, recruitment, culture, and compensation/benefits.
Lead recruitment strategy and collaborate with departments to optimize staffing and organizational structure.
Organize and implement programs to build corporate culture and a positive work environment; manage external relations within scope.
Manage HR development, task assignment, supervision, performance reviews, and budget management; ensure compliance with company rules and processes."
Admissions – Student Support,320.0,0.0,"Hanoi, Vietnam","Coordinate work schedules with admissions partners and assist in organizing seminars, information sessions, and study abroad activities.
Support students and liaise with high schools, colleges, and universities to promote study abroad programs and gather inquiries.
Develop quarterly recruitment targets, strategies, and plans to attract prospective students.
Plan and execute recruitment events and orientation activities to engage students and parents.
Demonstrate strong communication and relationship-building with students, parents, and stakeholders; actively listen to needs and provide effective guidance.
Work collaboratively with multiple departments to implement recruitment programs and student care initiatives; manage deadlines and cross-functional tasks."
Sales - Admissions Consultancy - Telesales,800.0,0.5,Hanoi,"Conduct outbound calls to advise, present, and invite potential customers to trial English courses from monthly data sources.
Assess customer needs and nurture relationships via phone and messaging platforms (e.g., Zalo); build trust and persuade customers to use the product.
Assist customers in creating learning accounts, arranging registration, and scheduling reminders for lessons.
Candidate requirements: female, aged 23–29, college degree or higher; at least 1 year of experience in telesales or admissions consulting; resilient and receptive to training; clear, standard speaking voice.
Basic knowledge of education technology and willingness to stay updated on trends in the field; proactive, diligent, and able to perform under pressure.
Location: Hanoi office; compensation includes base salary plus KPI bonuses, with monthly payout and opportunities for progression."
Medical Representative / Business Development Manager,360.0,1.0,"Hanoi, Ho Chi Minh City","Plan and implement sales activities in the assigned area.
Have thorough knowledge of product features, uses, and policies; directly advise and present to customers.
Identify new and potential customers and nurture existing relationships.
Monitor and coordinate debt collection with the Accounting Department for assigned customers.
Research and summarize competitive information in the market.
Qualifications: Diploma or higher; preferred fields include economics, pharmacy; at least 1 year as a Medical Representative or 2+ years in sales; beneficial relationships with pharmacists, doctors, and drug managers; responsible, disciplined, and able to work under pressure; proficient in office software with good communication skills."
Fresher Project Management - IT Software,480.0,0.5,Hanoi,"Collaborate with stakeholders including business, procurement, partners, and customers to align on project requirements and goals.
Develop a comprehensive project plan and decompose it into phases; propose programs to ensure coordination among stakeholders to meet objectives.
Serve as a communication bridge to ensure consistent information flow among customers and project team members.
Allocate human resources and budgets across project phases to ensure progress.
Monitor project tasks closely to ensure on-time delivery.
Update progress reports and resolve project-related issues."
"Nurse at International Hospital (Massage care for mothers, no experience required, immediate start)",360.0,0.0,"Ho Chi Minh City, Hanoi","Provide relaxation massage for pregnant mothers during prenatal visits and support stress relief.
Offer postpartum massage and assist recovery and body reshaping safely.
Perform infant massage and bathing to IAIM standards to support development.
Open to female candidates with background in healthcare or related courses; may consider awaiting graduates.
Demonstrate strong communication and active listening to understand and meet client needs.
Show genuine passion for health and beauty with a focus on delivering exceptional client satisfaction.
Participate in comprehensive training in maternity massage, facial care, foot massage, and baby hydrotherapy; professional work environment with growth opportunities."
IT Specialist (IT Support/System),680.0,3.0,Hanoi,"Install and configure computer hardware, software, systems, networks, printers, and scanners.
Monitor and maintain computer systems and networks.
Provide office infrastructure support ensuring network stability and security, including Wi-Fi, routers, and switches.
Troubleshoot and resolve hardware issues (printers, laptops, displays) to minimize downtime and support productivity.
Provide software and application support; assist end users with troubleshooting, updates, and efficient usage practices.
Manage user access and permissions, including Active Directory; create new accounts and deactivate old ones, and move resources between accounts.
Oversee hosting environments and multi-platform website publishing; understand load balancing to distribute traffic and improve reliability and performance."
Retail Gasoline Chain Store Manager,400.0,0.0,Thanh Hoa,"Manage, supervise, and operate the gasoline retail store chain efficiently.
Analyze and improve sales to ensure achievement of business targets.
Build and train professional store staff.
Ensure operational processes meet safety and quality standards.
Perform other duties as assigned by management.
Willing to travel as required."
IT Security Specialist,1000.0,2.0,Hanoi,"Assess and propose security solutions for the company's IT systems.
Build, implement, and maintain security policies, procedures, and security infrastructure.
Monitor, detect, analyze, and respond to cybersecurity incidents.
Research vulnerabilities and emerging attack methods; stay updated on threats.
Train and raise security awareness among staff; contribute to developing the security team.
Report to management on the organization’s cybersecurity posture."
Branch Operations Manager - Beverage Preparation,720.0,3.0,"Nghe An, Vietnam","Ensure revenue targets are met by developing and executing sales plans and monitoring implementation.
Manage recruitment, training, and development of staff; design organizational structure aligned with business needs.
Oversee cost control, assets, and equipment; manage materials usage and minimize losses or damages.
Coordinate branch operations across departments to ensure stable and efficient business performance; supervise inter-departmental work.
Lead customer service initiatives; address complaints and implement optimal solutions.
Prepare and present regular reports on business activity and monthly sales performance; maintain confidentiality of business information."
Sales Leader - Software Sales Management,600.0,3.0,Ho Chi Minh City,"Identify target markets and design aligned sales strategies to fit the company's business goals.
Develop and propose go-to-market plans and packages aligned with market potential.
Lead and coordinate marketing support, creating diverse sales programs to achieve monthly, quarterly, and annual KPIs.
Manage, train, and mentor team members to build strong relationships with customers.
Organize promotional events and workshops to bring products closer to customers and monitor competitor activities.
Oversee multi-channel sales activities (Telesales, Inbox, Market Sales) and provide detailed daily performance reporting to leadership."
Sales Manager,1000.0,2.0,Ho Chi Minh City,"Manage and train sales staff.
Supervise the entire sales process across online and offline channels.
Be responsible for sales performance with the supervisor.
Perform other tasks as required by management.
Work location: main office in Bình Thạnh District, Ho Chi Minh City.
Experience in electronics devices sales; knowledge of online sales and showroom chains is a plus."
Regional Manager - ASM (Traditional Channel Distributor),800.0,2.0,Hanoi,"Manage the assigned regional territory and develop the market.
Prospect and acquire new customers within the region for agricultural machinery and home appliances (pumps, lawn mowers, generators, screwdrivers, etc.).
Plan and execute sales activities aligned with company targets; visit markets to maintain client relationships.
Update quotes, product information, sales policies, and promotions for customers.
Monitor competitive information and provide market assessments to management.
Coordinate with relevant departments to handle customer complaints about product quality, delivery times, and warranties.
Collaborate with the accounting department to drive collections from customers; prepare regular weekly and monthly reports and other tasks as assigned by supervision."
Sales Executive (CTO),480.0,0.0,Can Tho,"Identify and pursue potential customers through networks, social media, online tools, direct field visits, or any other sources found.
Understand customer needs, meet clients, and tailor consultation guidance for each.
Execute contract signing and guide customers in product usage.
Maintain and cultivate existing customer relationships to expand the client network.
Coordinate with Product Development and Customer Care teams to address product questions and customer feedback.
Requirements: own laptop and transportation (mandatory); diploma or higher; willingness to travel for market outreach; strong sales and direct/phone pitching abilities."
Environmental Consultant,400.0,2.0,Hanoi,"Provide advisory on environmental legal procedures and compliance.
Prepare Environmental Impact Assessment (ĐTM) reports and applications for environmental permits.
Draft plans for pilot operations and compile periodic environmental monitoring reports.
Prepare other environmental documentation as required.
Requirements: degree in environmental field; at least 2 years of consulting experience or 3–5 environment-related dossiers (GPMT, ĐTM).
Proficiency in MS Office, basic AutoCAD, and ability to read engineering drawings; strong organizational, logical, and problem-solving skills; strong presentation and client communication abilities."
Senior Front-End Developer (Angular),1000.0,0.0,Hanoi,"Design and implement scalable web applications for Digital Banking with a focus on performance, quality, and security.
Ensure code quality, readability, maintainability, and low defect risk through clear and robust code practices.
Stay updated with emerging technologies and propose innovative solutions to improve platform quality.
Design, maintain, and develop web systems; collaborate with the team to define problems; communicate with designers and BAs on UI/UX; ensure UI graphics standards; coordinate with Backend on API integration.
Align with Backend on APIs and perform API integration, ensuring seamless data exchange between frontend and backend services.
Requirements: at least 3 years of frontend experience with Angular; experience with CSS preprocessors (SASS, LESS, or Stylus); Angular 9+, TypeScript, RxJS, Angular Material, PrimeNG; strong use of Angular core techniques (components, directives, DI).
Experience optimizing web application performance, building responsive web apps, and state management with Redux patterns (NgRx, Akita, NGXS, etc.).
Experience with data structure libraries (e.g., Immutable.js); developing and integrating RESTful APIs and WebSocket; AWS experience preferred; proficient in Git.
Knowledge of Object Oriented Programming (OOP) and familiarity with Agile/Scrum methodologies."
"Frontend Leader (ReactJS, NextJS)",1000.0,0.0,Hanoi,"Lead the frontend team (ReactJS, NextJS) in Hanoi to deliver high-quality UI for the service.
Translate UI/UX design wireframes into functional, responsive web interfaces across devices and browsers.
Collaborate with backend teams to integrate APIs, ensure smart state management, and maintain code quality.
Implement web animations to enhance user experience and differentiate the product, while ensuring performance optimization.
Address user inputs and interactions, support deployment, and propose solutions to problems during operation.
Maintain familiarity with modern frontend technologies, TypeScript, RESTful APIs, and cross-browser compatibility.
Contribute to frontend architecture decisions and related optimization efforts to improve maintainability and scalability."
Retail Manager,480.0,3.0,Hanoi,"Build, manage, and develop the sales team.
Train and coach sales staff to improve skills and effectiveness.
Monitor and evaluate sales staff performance on a regular basis.
Ensure achievement of business targets in revenue, market share, and product coverage.
Develop market development strategies, prospect new clients, and maintain relationships with existing customers.
Oversee daily sales activities, provide support to resolve issues, and prepare periodic sales reports."
Executive Assistant to General Director,600.0,2.0,Hanoi,"Assist the General Director in business administration, analysis, economic management, and investment planning.
Oversee business operations by enforcing processes, guidelines, and training, with compliance reporting.
Analyze and plan annual business plans and monthly performance targets.
Develop and implement marketing campaigns and multi-channel sales activities (online/offline) according to monthly and yearly allocations.
Prepare operational reports on monthly and yearly results and support strategic direction and product/channel/customer plans.
Coordinate communications between the General Director and departments; assist with scheduling and internal/external relationships.
Support financial accounting, investment accounting, and cost accounting; assist in project proposals and business plans."
Project Advisory and Management Specialist,600.0,5.0,Hanoi,"Prepare and translate project documents and participate in meetings with international partners.
Support project management activities and monitor, report progress.
Communicate with stakeholders and assist in coordinating tasks.
Manage project documentation and records.
Assist in planning and cost control, including budget planning and tracking.
Collaborate with cross-functional teams to ensure project objectives are met."
Business Analyst,400.0,2.0,Hanoi,"Analyze and clarify client requirements and produce URD and BRD documents.
Analyze and model solutions based on gathered requirements; define software requirements specifications (SRS) and use case documents; have experience in wireframe design.
Provide business-oriented recommendations, communicate with project team, and help clarify customer requirements to ensure alignment.
Write system user manuals and contribute to user guidance; organize user training and support, and assist with issue resolution when problems arise.
Requires at least 2 years of business analysis experience; finance, banking, or electronic payments experience is advantageous; strong English communication is a plus.
Possess knowledge of software development life cycle, propose process improvements for projects, and demonstrate strong stakeholder analysis and requirement prioritization."
Senior Backend Developer,1200.0,0.0,Hanoi,"Develop Java-based backend services (Spring Boot) for microservices and REST APIs.
Contribute to frontend work with ReactJS when required.
Participate in building and maintaining Sapo platform modules: POS, Web, and F&B—sales, inventory, order fulfillment, multi-channel synchronization.
Analyze business requirements, ensure quality, timely delivery, and good user experience (performance, usability, stability).
Design, implement, and optimize architecture; lead or oversee new features and improvements for scalability.
Collaborate with R&D teams to adopt new technologies and continuously optimize system performance and reliability; AWS experience is a plus."
Online Marketing Specialist (Google AdWords),320.0,0.5,Hanoi,"Develop online advertising strategies and Google AdWords campaign plans, including keyword selection and grouping by themes/topics.
Monitor and optimize campaigns, adjust bids and improve conversion rates.
Review and evaluate ad copy quality and website quality.
Audit, adjust, and optimize campaigns to fit each advertising objective.
Prepare data-driven insights to improve ROI and efficiency of AdWords campaigns.
Collaborate with the marketing team to align campaigns with overall goals."
Sales and Project Executive,400.0,2.0,Hanoi,"Manage and coordinate construction projects from initiation to completion.
Work closely with stakeholders such as clients, contractors, and suppliers to ensure projects are delivered on time, with quality, and within budget.
Analyze and assess potential project risks; propose preventive and corrective solutions.
Prepare and present project progress reports to management and clients.
Participate in negotiations, contract signing, and manage relationships with clients.
Support pre-sales and marketing activities for new projects."
Data Science Intern,40.0,0.0,"Hanoi and Ho Chi Minh City, Vietnam","Develop tools to store data and monitor investment performance.
Optimize the read/write performance of the database system.
Build data-transaction connections with data providers and partners.
Enhance Data Center and Data Warehouse systems.
Identify new data sources to improve model accuracy and effectiveness.
Qualifications: passion for Quantitative Finance with ambitious career goals; solid mathematics background; proficiency in at least one object-oriented programming language; ability to read English documents."
Marketing Assistant (Promotions),320.0,1.0,Hanoi,"Coordinate with store management, marketing leadership, and related departments to develop programs, sales promotion plans, and implement promotional campaigns.
Conduct market and competitor research; propose online and offline promotions to drive sales.
Coordinate the rollout of new products/services by receiving information from product/management/training and updating the system with new product/service details.
Organize and coordinate promotional campaigns across departments to ensure accurate execution of promotion content.
Manage gifts, vouchers, and collaborate with staff to print promotional materials and distribute them to branches on time.
Collect data and evaluate the effectiveness of promotional programs to refine and renew campaigns as appropriate for different periods."
Sales Consultant (1+ years experience),280.0,1.0,Hanoi,"Arrange, display, and keep shelves neat and stocked according to company standards; check product expiry dates and manage inventory to ensure availability.
Participate in promotional activities to attract customers to the store.
Perform sales, handle payments, and provide customer care.
Conduct periodic surprise stock checks in-store.
Carry out other duties as assigned by the direct supervisor.
Requirements: able to work rotating shifts with one day off per week; age 19-32; at least 1 year of sales experience; clear speech; strong communication, persuasion, and problem-solving skills; energetic, honest, and diligent."
Real Estate Services Business Manager,400.0,2.0,"Ho Chi Minh City, Khanh Hoa","Manage and supervise sales for primary and secondary real estate services.
Develop business strategies and digital marketing initiatives.
Set up the consulting team and support customers for real estate products and services.
Organize, train, and develop the sales team in real estate.
Connect partners in construction and architecture.
Develop field teams of real estate business agents.
Support members of the Real Estate Investment Club."
Team Leader - Admissions Counseling,480.0,2.0,Nghệ An,"Lead and manage a team of 6-10 sales staff to achieve targets.
Develop and execute weekly, monthly, quarterly, and annual business plans and strategies for the department to attract, consult, and close customers.
Coordinate with schools, buildings, and other organizations sharing customer demographics to identify potential clients.
Monitor and motivate staff to perform effectively and meet KPI targets.
Mentor and develop the sales team to convert inquiries into enrollments.
Recruit, train, and develop sales personnel to meet company requirements.
Prepare and submit reports to management as required."
Regional Sales Manager,480.0,2.0,"Dong Nai, Ho Chi Minh City, Binh Duong","Implement and monitor regional sales plans, activities, and programs to support sales growth.
Prepare reports evaluating the effectiveness of sales initiatives and regional performance.
Manage, assign, and support sales personnel to achieve sales targets.
Build, train, guide, and develop junior sales staff to enhance team capabilities.
Operate from the Tan Binh District office and within the managed regional areas.
Collaborate with cross-functional teams to optimize sales processes and outcomes."
DevOps Engineer (Streaming Mobile Application),1600.0,0.0,Ho Chi Minh City,"Lead DevOps for a mobile streaming platform, bridging development and operations while maintaining AWS cloud infrastructure and CI/CD processes.
Design, implement, and manage scalable AWS infrastructure (ECS/EKS, EC2, S3, CloudFront, RDS, ElastiCache) with cost optimization and high reliability.
Apply infrastructure as code using Terraform or CloudFormation; manage Docker containers and Kubernetes configurations.
Develop and maintain automated CI/CD pipelines using Jenkins, GitLab CI, or GitHub Actions; implement blue-green and canary deployment strategies.
Establish comprehensive monitoring and logging with CloudWatch, Prometheus, and Grafana; create alerting and performance tuning for streaming workloads.
Enforce security best practices across infrastructure, including IAM, SSL/TLS, and compliance considerations; perform security assessments and vulnerability checks."
Sales Executive (Modern Trade Channel),320.0,2.0,Da Nang,"Manage sales in Da Nang, Quang Ngai, and Quy Nhon markets.
Responsible for monthly and annual sales targets across assigned stores and channels (supermarkets Go!, Coopmart, Vinmart, MegaMarket, Lotte, Minimart/CVS/Premium chains).
Strong product knowledge; implement promotions and programs.
Guide and verify product displays; monitor product dates and stock levels.
Build relationships with retailers in the category; monitor market trends and propose regional activities.
Requirements: at least 2 years of sales experience in the MT channel; good relationships with supermarkets; diligent and proactive."
Pharmaceutical Sales Manager,720.0,2.0,Long An and multiple locations nationwide,"Advise the executive team on sales plans and market development.
Manage OTC Medical Representatives to achieve monthly, quarterly, and annual sales targets.
Support sales activities and resolve issues for field staff.
Monitor debt collection and report business results to the executive team.
Develop and expand the customer base in the region and identify potential clients.
Collaborate with Marketing to implement promotions and after-sales programs; coordinate recruitment, target setting, training, and performance monitoring of the sales team with NSHC."
Sales Executive (CTO),480.0,0.0,Can Tho,"Identify and pursue potential clients through networks, social media, online tools, and direct market channels.
Understand client needs and advise tailored solutions; meet with clients.
Finalize contracts and onboard customers, guiding product usage.
Manage and nurture existing customer relationships to expand the client base.
Collaborate with Product Development and Customer Care to address product inquiries and feedback.
Requirements: own laptop and transportation; minimum education of junior college or higher; willingness to travel for market visits; strong sales and direct/phone sales ability."
Executive Assistant to General Director,400.0,2.0,Ninh Binh,"Represent the General Director in welcoming clients and organizing company events.
Manage the General Director's schedule, plan meetings and conferences.
Plan travel arrangements including flight bookings, transportation, and accommodation.
Answer phone calls and emails, handle important messages and documents.
Monitor progress of tasks, support budgeting and monitoring of resources, and supervise progress.
Prepare reports, handle unexpected or complex situations, negotiate with clients, and suggest process improvements."
Head of Sales,1200.0,0.0,Hanoi,"Advise and guide clients on real estate projects, manage transaction procedures, negotiate and sign contracts, and report market conditions.
Develop and implement business plans; propose strategies to sustain and grow revenue while controlling costs.
Create telesales, direct sales, and client outreach scripts; manage customer care and relationship-building skills.
Drive sales capabilities of the team; assign tasks, supervise, assist, train staff, and monitor execution of business plans.
Report on business results, revenue, and costs; ensure the team meets targets.
Requirements: minimum 1 year of experience in real estate and at least 1 year in a similar role; strong leadership, market knowledge, planning and legal awareness; self-motivated with goal setting; computer literacy and reliable transportation; ability to work under high pressure; strong communication, negotiation, and problem-solving skills."
Senior Full-Stack Node.js Developer,1500.0,0.0,Ho Chi Minh City,"Lead and mentor a team of interns, serving as the primary code reviewer and upholding high code quality standards.
Take charge of back-end development for a marketplace application, ensuring seamless integration across platforms.
Design and implement CI/CD pipelines to automate the build, test, and deployment processes to accelerate development cycles.
Collaborate with the Product Owner, designers, and other stakeholders to understand requirements, define technical specifications, and solve complex problems with innovative solutions.
Proficiency in back-end development languages and frameworks (e.g., JavaScript, TypeScript, Node.js with Express and NestJS); Kubernetes and DevOps familiarity is a plus.
Demonstrate strong problem-solving, analytical abilities, and project management skills to deliver projects on time and within budget."
Angular Developer,680.0,0.0,Hanoi,"Develop UI features using Angular.
Build and scale products or systems with high user adoption.
Translate ideas into concrete software solutions.
Continuously optimize and modernize solutions for performance and efficiency.
Contribute to improving engineering processes and standards.
Research new technologies and apply to current and future projects.
Adhere to the company's software development lifecycle."
Senior Tax Accounting Consultant,600.0,2.0,Hanoi,"Advise clients to ensure compliance and efficiency in tax and accounting functions.
Provide accounting and tax services to clients.
Prepare and review financial statements.
Assist clients in preparing VAT, PIT, CIT, and FCT reports.
Advise clients on tax and accounting questions; respond to client inquiries.
Manage and train staff delivering services."
Assistant to Deputy General Director - Business,400.0,2.0,Hanoi,"Set sales targets and plans and present to the Deputy General Director.
Organize information management and customer care.
Coordinate receipt and processing of orders.
Monitor and urge debt collection in coordination with the Accounting Department.
Manage and supervise team members in the responsible group.
Prepare and participate in meetings as directed by the Deputy General Director.
Perform other duties as assigned."
General Physician,1600.0,3.0,"Hanoi, Vietnam","Perform general dentistry clinical duties, including periodontal treatment, preventive dentistry, fillings, and endodontics as applicable.
Examine and diagnose oral health conditions and formulate a comprehensive treatment plan based on the patient's dental status.
Provide routine dental procedures and treatments, including periodontal care, preventive services, fillings, and endodontic work as needed.
Monitor treatment outcomes and gather patient feedback, adjusting plans as necessary.
Maintain and manage medical records and administrative procedures within the physician's scope; oversee appointment scheduling.
Coordinate care across multiple clinic locations and ensure adherence to regulatory and company policies."
IT System Engineer,1200.0,4.0,Hanoi,"Monitor daily system usage and promptly address security concerns and usability issues.
Manage daily data backups and support disaster recovery planning.
Assist in deploying and maintaining IT infrastructure, including servers and network systems.
Maintain hardware, virtualization (vSphere, VMware, Hyper-V, Proxmox), operating systems (Windows Server, Linux), and network infrastructure (Internet, VPN, routing, VLAN).
Monitor, analyze, and evaluate system performance; troubleshoot problems and implement basic information security controls.
Collaborate with other teams to ensure smooth operation of the system and support organizational needs."
Business Development Manager (Remote) - Up to 30 million VND,1000.0,3.0,Ho Chi Minh City,"Build and adjust business strategy by analyzing market trends, customer demand, and competitive factors to tailor advertising and sales approaches.
Monitor and evaluate performance of sales staff and implement productivity improvement initiatives.
Manage customer relationships and report regularly on business results; propose improvements.
Ensure business strategies align with overall company objectives.
Lead and develop the team; demonstrate strong management, communication, negotiation, presentation, training and coaching skills.
Requirements: Bachelor's degree in Business Administration, Marketing, or related fields; 3–5 years in business or e-commerce sales, with 2–3 years in a managerial role."
Senior Java Developer,2400.0,0.0,Hanoi,"Participate in project management activities with the project manager on a Japanese project.
Establish and improve software development, quality assurance, and workflow processes within the company.
Contribute to the company's product development project.
Perform estimation, code reviews, and monitor project progress.
Evaluate team members' capabilities and assign tasks; report progress and propose solutions to the project manager.
Requirements include a university degree in software technology, information systems, or software project management, and at least 3 years of Java development experience; preference for team leader experience on a 3-5 developer project; knowledge of relational databases; experience with Git or Bitbucket; object-oriented MVC mindset; and good English comprehension."
Sales Representative (Base Salary 8-12 Million VND) - Immediate Start - Hanoi,320.0,0.5,Hanoi,"Identify potential customers using the company-provided data platform and self-sourced data.
Build and maintain relationships with furniture agencies and stores to introduce and sell company products.
Represent the company in dealings with customers, perform sales activities, and present product offerings.
Manage debt collection processes and address post-sale issues, inquiries, and complaints.
Products include nano, laminate/wave panels, vinyl flooring, PVC wall panels, outdoor wood-plastic composites, accessories, multipurpose glue, silicone glue, and other items.
Preferred candidates have sales experience (training provided if none), prefer males with a driver's license, strong customer relationship skills, good health, energy, and enthusiasm."
Sales Manager,480.0,2.0,Hai Duong,"Oversee the sales department and manage business activities to achieve revenue targets.
Plan and execute tasks to meet assigned sales targets and KPIs.
Allocate targets, monitor progress, and coach staff to ensure effective execution.
Identify and expand relationships with schools, educational centers, and parents.
Provide direct consultation on educational products, printing, publishing, and school experience programs.
Conduct market research, understand customer needs, and monitor competitors."
Business Manager - Area Sales Manager,600.0,2.0,Ho Chi Minh City,"Lead and manage the sales team to achieve growth and revenue targets.
Plan and implement business strategies to expand the customer base and ensure brand coverage.
Responsible for recruiting, training, and monitoring the performance of the sales team.
Build and develop long-term relationships with customers.
Develop sales programs from planning to data finalization and delivery.
Report business results, revenue, and profit/loss after sales, and identify potential markets while monitoring competitors and new products."
Sales Consultant / Study Abroad Advisor,480.0,0.5,"Hanoi, Vietnam","Advise and introduce study abroad programs in Asian countries (Korea, China, Taiwan) to clients.
Negotiate and sign contracts with clients.
Participate in and organize counseling events at schools, seminars, and study abroad exhibitions.
Maintain and develop relationships with clients.
Perform additional tasks as directed by the supervisor/manager.
Collaborate with the team and participate in trainings to enhance product knowledge."
Business Development Manager (Remote),1000.0,3.0,Ho Chi Minh City,"Develop business strategies to drive growth and revenue.
Assess market trends, customer demand, and competitive factors to adjust advertising and sales strategies.
Monitor and evaluate the performance of sales staff and implement productivity improvements.
Manage customer relationships and maintain high levels of client satisfaction.
Regularly report business results, evaluate team performance, and propose improvements.
Ensure business strategies align with the company's overall goals."
"Fullstack Developer (Java, Angular/ReactJS)",680.0,2.0,Hanoi,"Participate in the development of web applications on the Java platform.
Analyze, design, develop, and maintain systems and applications; implement features as required.
Collaborate with backend and frontend teams to deliver end-to-end solutions using Angular or ReactJS.
Utilize Spring Boot, RESTful services, and cloud technologies such as AWS and Kubernetes.
Work with relational databases (SQL Server, MySQL) and understand load balancing architectures.
Continuously learn and apply new technologies; fintech/banking domain experience is a plus."
Automation Tester - Banking Project,1000.0,2.0,Hanoi,"Design test cases and write automation scripts.
Define, develop, deploy and maintain scripts for automation testing.
Collaborate with the manual testing team to understand project goals and business flows to determine automation scope and design corresponding automation test scenarios.
Propose solutions to improve automation testing efficiency.
Be proactive with strong interpersonal relationships; report work and evaluate effectiveness of automation testing weekly and monthly to management.
Perform non-functional testing including security and performance testing."
Sales Executive (MT Channel),320.0,2.0,Da Nang,"Responsible for sales in the Da Nang area, including Quang Ngai and Quy Nhon.
Manage coverage for supermarkets (Go!, Coopmart, Vinmart, MegaMarket, Lotte) and Minimart/CVS/Premium chains.
Achieve monthly and annual sales targets.
Maintain strong product knowledge and execute promotions and campaigns.
Guide and verify product displays; monitor product dates and inventory.
Build relationships with retailers, monitor market trends, and propose regional activities."
Logistics Sales Executive (Nam Dinh / Thai Binh / Ha Nam),800.0,1.0,"Nam Dinh, Thai Binh, Ha Nam","Develop sales strategy to achieve revenue targets by identifying prospective customers, expanding potential client base, and maintaining existing accounts.
Approach, introduce, and advise on the company's logistics services to customers.
Plan and execute search and outreach for new customers to meet KPI targets for new client development.
Coordinate with the Sales Manager to approve contract negotiations, pricing, discounts, and commissions.
Prepare quotes and contracts for customers; negotiate with clients to meet their requirements.
Support Marketing in evaluating the effectiveness of new products/services and monitor shipment information to inform customers via email, phone, or written communication."
Head of Sales - Beauty division,2000.0,3.0,Ho Chi Minh City,"Lead and manage the beauty sales team to achieve targets.
Leverage AI-driven data analytics to optimize marketing and sales strategies.
Develop and implement sales training programs and onboarding for staff.
Evaluate marketing campaigns and adjust strategies based on AI insights.
Build and maintain long-term client relationships by understanding customer needs.
Recruit, set targets, monitor performance, and optimize end-to-end sales processes."
Software Test Lead,1000.0,5.0,Hanoi,"Review and analyze business requirements to understand project goals and provide input for testing and anticipation of testing activities.
Participate in meetings with partners to ensure smooth product handover and collaboration.
Develop test plans and provide consolidated test results reports.
Support planning, construction, and management of testing environments.
Create test scenarios and prioritize testing activities; implement test scenarios and conduct performance testing with defect reporting and prioritization.
Prepare reports related to software testing and ensure testing adheres to established standards and procedures.
Mentor and train junior testers, allocate tasks within the test team, review test cases, and monitor test quality."
Medical Representative / Sales Manager,360.0,1.0,"Hanoi, Ho Chi Minh City","Plan and execute sales activities within the assigned area.
Have thorough knowledge of product information, features, and policies, and clearly present them to customers.
Identify and pursue new and potential customers while maintaining existing ones.
Monitor and coordinate debt collection support with the accounting department for customers under responsibility.
Research and summarize competitor information relevant to the market.
Perform additional tasks as required."
International Sales Executive,520.0,1.0,Hanoi,"Develop export markets for PVC foam board and PVC profile products; search and send quotations to potential customers.
Collaborate with the technical department to respond to customer inquiries about product specifications and features.
Obtain pricing from supervisors to prepare quotes for customers; negotiate quantities and sample costs.
Process sample production requests with the factory; negotiate terms of price, payment, delivery, and contract signing with customers.
Prepare and issue orders to the supervisor; monitor delivery progress and provide updates to customers.
Coordinate with the marketing department to implement marketing programs and support cross-functional activities."
Senior Java Developer (Training to Team Leader),2400.0,0.0,"Hanoi, Vietnam","Collaborate with the Project Manager on Japanese projects to drive development efforts.
Design and implement software development processes and quality assurance workflows.
Contribute to building the company’s product and participate in project estimation, source code reviews, and progress tracking.
Assess team members' capabilities, assign tasks, monitor progress, and report status with proposed solutions to the PM.
Apply object-oriented MVC design principles and maintain unit tests and documentation."
Senior ReactJS Developer,800.0,4.0,Hanoi,"Responsible for building architecture and implementing new features to improve service quality.
Lead and manage team members, helping colleagues understand complex logic.
Document work, adjust schedules, and prioritize tasks in collaboration with the product manager.
Develop new features and enhance existing ones to improve the product.
Ensure product quality through unit tests and technical/code reviews.
Candidates should have at least 4 years of software development experience with ReactJS, experience with ReactJS/VueJS, modern web technologies (REST APIs, Node.js, HTML5, CSS3), and familiarity with data visualization and complex codebases; experience developing web and mobile apps is preferred."
Sales Manager,480.0,3.0,Hanoi,"Build, manage, and develop the sales team to achieve business targets.
Train and mentor sales staff to improve skills and performance.
Monitor and evaluate sales performance regularly.
Ensure achievement of business objectives related to sales, market share, and product coverage.
Develop market development strategies, search for new customers, and maintain relationships with existing customers.
Track daily sales activities, support issue resolution, collect market data, and prepare periodic sales reports."
Business Analyst (Japanese),700.0,2.0,"Hanoi, Vietnam","Gather and analyze business and system requirements from partners in the finance sector across multiple regions (Singapore, Japan, Thailand, Hong Kong, Indonesia, India, etc.).
Translate requirements into business and end-user perspectives and draft Basic Design based on analysis.
Collaborate with the development team to review specifications, address Q&A, and propose solutions or troubleshoot issues.
Support the project manager in task assignment and team management to ensure smooth project progress; assist in testing and bug verification before handover to the client.
Requirements: university degree in Information Technology, Business, Finance, or related field; at least 2 years of experience in a BA role; IT BA experience preferred; strong logical and flexible thinking; experience in finance or blockchain is a plus; proficient in Japanese.
Additional notes: opportunity to work in an international environment and participate in FinTech-related projects."
Assistant to General Director - Performance Marketing,600.0,2.0,Hanoi,"Oversee daily performance reporting by collecting and analyzing ad performance data from platforms (Facebook, Google, TikTok, etc.) and monitor KPIs to ensure campaigns meet targets.
Research and apply AI technologies in marketing to optimize multi-channel campaigns and automate data analysis, forecasting, and optimization.
Collaborate with the AI and technology teams to develop automation for marketing processes, including data collection, budgeting, and real-time campaign adjustments.
Study AI marketing trends and document findings; provide leadership with recommendations on AI opportunities and long-term strategies.
Proactively participate in cross-department initiatives to implement AI solutions in marketing and align with business goals."
Business Manager,400.0,1.0,Ho Chi Minh City,"Identify, develop, and maintain relationships with clients and provide suitable financial solutions to meet their needs.
Plan and manage the sales team, guiding and supporting staff to achieve revenue targets.
Propose and implement business strategies, driving sales for both the group and individual contributors.
Deliver after-sales care to enhance the company's reputation and build customer loyalty.
Requirements: at least 1 year of experience in sales; preference for candidates with experience in finance, banking, business administration, or marketing.
Education: college degree or higher; strong communication, negotiation, and persuasion skills; ability to work in a team and lead others; responsible and capable of meeting targets under pressure."
Sales Executive / Sales Consultant,400.0,1.0,Ho Chi Minh City,"Identify potential customers and provide consultation to close orders.
Manage and leverage existing customer databases.
Negotiate contracts for design and construction.
Monitor contract execution and coordinate with customer service and procurement to fulfill orders for partners.
Meet education requirements in business administration, commerce, or related fields; preference for candidates with experience in hospitality, materials, or interior design sectors.
Demonstrate strong communication, creativity, dynamism, and high responsibility."
Product Director,1600.0,2.0,Hanoi,"Lead product development planning by researching markets and user needs, defining product goals and roadmap, managing development plans, and communicating vision clearly to the product team while using data analytics to measure quality and drive continuous improvement.
Execute go-to-market strategies in stages, collaborate with Sales and Marketing to bring products to users, and emphasize customer care and word-of-mouth growth to achieve natural user expansion.
Manage relationships with banking partners and business agents, coordinate with Partnerships to build collaboration and sales strategies aligned with product roadmap and company targets, and develop programs to expand sales channels.
Required: at least 2 years of B2B sales experience; strong understanding of accounting, sales, and receivable processes within a business; good logical, analytical, communication, and problem-solving skills; high attention to detail; strong teamwork and leadership abilities.
Demonstrate a proactive, results-driven mindset with the ability to work cross-functionally and influence stakeholders to achieve product goals and market success.
Location: Hanoi office; supports a collaborative, high-performance culture focused on technology leadership and scalable growth."
Sales Manager - New ALPHA Project,1400.0,1.0,Hanoi,"Plan and execute the business plan to drive growth and revenue.
Develop and expand the customer base and market presence.
Supervise sales activities and monitor performance to meet targets.
Provide pre-sale, during-sale, and post-sale customer support.
Develop and enhance personal brand on social platforms such as TikTok, Zalo, and Facebook.
Qualifications: College/University degree; age 25-40; strong interest in business and professional sales, good communication, and a willingness to learn; preferred experience in business, sales, banking, or insurance."
Regional Business Manager - Northwest (ASM) - FMCG,760.0,2.0,Hanoi,"Develop monthly, quarterly, and yearly sales strategies for the assigned region.
Responsible for achieving sales targets and managing, supporting, and developing the distribution network.
Collaborate with Marketing to implement Trade Marketing programs and in-store promotions to increase product visibility.
Recruit, train, and develop the regional sales team; monitor compliance with company policies.
Identify new distributors in the assigned region and support existing distributors; coach the sales team in daily operations.
Analyze sales data, product quality, and competitor performance to propose actions that boost product sales.
Monitor delivery, warehousing, shelf displays, and equipment within the managed area; report to the National Sales Director."
Intern Frontend Developer (Japanese Proficiency N4 or Higher),168.0,0.0,"Ho Chi Minh City, Vietnam","Collaborate with senior developers to design and develop user-friendly web interfaces.
Write clean, efficient, and well-structured code using JavaScript, jQuery, HTML, and CSS.
Integrate with RESTful APIs to fetch and manipulate data.
Conduct thorough debugging using browser developer tools and adhere to best practices and coding standards.
Learn and adapt to new technologies and frameworks; participate in code reviews to provide constructive feedback.
Prepare to transition from internship to full-time employment following the internship period; knowledge of OOP principles and version control systems (Git, SVN) is advantageous."
Product Director,1600.0,2.0,Hanoi,"Lead product development planning by researching markets and users to understand needs and problems the product solves; define product goals and roadmaps; manage and drive product development plans; communicate product direction and roadmap transparently to the product team; leverage data analytics to measure product quality and drive continuous improvement.
Develop and execute go-to-market plans in stages, coordinating with Sales and Marketing to promote the product and ensure timely delivery to users; emphasize customer care and leverage word-of-mouth strategies to drive organic growth.
Manage relationships with banking partners and business agents; collaborate with Partnerships to design strategies for cooperation and business development aligned with the product roadmap and company targets; create promotional programs and business models to expand sales channels.
Collaborate with cross-functional teams to ensure product features meet market needs, regulatory requirements, and internal processes; monitor key performance indicators and adjust plans accordingly.
Require at least 2 years of experience in enterprise sales; strong understanding of accounting, sales, and receivables processes within a business; demonstrate strong logical, analytical, communication, and problem-solving skills; maintain high attention to detail and demonstrate effective teamwork and leadership.
Demonstrate a proactive, innovative mindset and the ability to lead and mentor a team toward delivering high-quality technology products that align with company objectives."
Sales Leader - Software Sales,600.0,3.0,Ho Chi Minh City,"Identify target markets and develop sales plans aligned with the company's business strategy.
Propose market entry and expansion strategies; update sales programs to attract more potential customers.
Support and coordinate marketing plans; design various sales campaigns to achieve monthly, quarterly, and annual KPIs.
Manage and train team members to build strong relationships with customers.
Organize promotional activities, seminars, and events to bring the product closer to customers.
Monitor competitor activities and manage multi-channel sales (Telesales, Inbox checks, Market sales) with daily performance reporting to superiors."
Used Car Sales Representative,400.0,0.0,Hanoi,"Identify and develop new customers through channels such as telesales, in-person meetings, and social media.
Advise on products and present promotional programs to customers.
Maintain and nurture relationships with existing customers.
Track orders and resolve issues arising during delivery.
Collaborate with Marketing to implement sales campaigns and initiatives.
Regularly report sales results and suggest process improvements; conduct market and competitor analysis in consumer goods sector."
Digital Marketing Fullstack,320.0,0.0,Ho Chi Minh City,"Manage monthly performance for the entire Digital team, overseeing pre-order campaigns (new and existing), major monthly sales campaigns, and ads on e-commerce platforms.
Plan and allocate budgets/products to subordinates/freelancers, ensuring the team meets KPIs monthly, quarterly, and yearly.
Own reporting of website activity metrics (driven traffic, funnel ads, conversion rate, email marketing, etc.).
Planning and product focus: test new products monthly, report and plan revenue targets per product; produce weekly and monthly reports aligned with overall goals; report budgets and monitor cash flow; plan large budget pushes.
Manage payment activities related to Ads and track website analytics and tags (e.g., Meta Pixel, Google Analytics) as trained.
Required skills and experience: at least 2 years in Digital Performance; strong hands-on experience with performance campaigns in e-commerce/retail/tech; solid knowledge of digital marketing tools, data analysis, and project management; proactive communication and teamwork."
Java Engineer,1000.0,0.0,Hanoi,"Interpret client requirements, document analyses and specifications, and design detailed software and database schemas.
Implement assigned features according to the solution documentation.
Debug and fix issues discovered during development and deployment.
Write and execute unit tests; perform code upgrades and system enhancements.
Design modular components and detailed functions aligned with the existing architecture; perform source control merge and system integration.
Produce installation, operation, and maintenance documentation; assist in system deployment and optimization."
Marketing Staff,400.0,0.0,"Hanoi, Vietnam","Receive one-on-one training from the Marketing Leader or Marketing Director to develop foundational skills.
Understand the company’s products, conduct customer research, and analyze buyer personas.
Research markets in Korea, Japan, Taiwan, and Malaysia to explore opportunities for product expansion.
Create visual and written content, including photos, videos, landing pages, and other marketing materials.
Plan and execute marketing campaigns on multiple platforms (e.g., Facebook) and optimize for conversion.
Analyze campaign metrics, troubleshoot issues, and continuously improve cost, content, and conversion performance."
Senior React.js Developer,1000.0,5.0,Hanoi,"Develop real-time web/app user interfaces using React.js and Vue.js, ensuring high performance.
Integrate front-end with backend systems and APIs to deliver seamless functionality.
Collaborate with cross-functional teams to ensure quality and on-time delivery.
Research and implement new UX solutions to improve user experience.
Require 5+ years of experience with React.js; strong CSS, Bootstrap, ElementUI; convert Figma designs to HTML/CSS.
Proficiency with RESTful APIs, JavaScript/TypeScript ES6+, React.js, Vue.js, and libraries like Hooks; experience with Next.js or Nuxt.js; experience with Webpack, Vite."
Software Developer (Web and App),1000.0,0.0,Ho Chi Minh City,"Responsible for designing modules, developing, and delivering the company’s software.
Write code and perform unit testing; participate in coding and detailed design of functional components.
Analyze requirements, design, research new technologies, and propose solutions for products.
Review change requests related to business operations; contribute to system analysis and design.
Gather and process design and technical requirements; optimize and upgrade source code for performance, stability, and security.
Maintain and develop existing company websites, codebase, and data structures.
Perform other tasks as assigned by superiors."
Information Technology Specialist (BA),400.0,1.0,Nghe An,"Plan detailed IT project workflows and timelines.
Engage with clients to gather requirements and translate them for the development team.
Collaborate with the DEV team to transfer requirements, develop software, and perform testing.
Coordinate with QA to monitor quality inspection processes and ensure product quality.
Create documentation, forms, and guidelines to standardize processes and ensure product quality.
Propose and guide the product development process and architectural solutions for software systems."
Head of Automotive Accessories Sales Department,800.0,3.0,Ho Chi Minh City,"Develop and execute sales plans to meet department targets and monitor performance.
Drive sales activities, identify and pursue new customer sources for the sales team.
Develop markets and manage showroom activities; update pricing policies and sales information.
Monitor progress toward sales targets and propose timely solutions; report monthly sales results.
Support sales staff with negotiating prices and resolving sales obstacles; manage advertising activities across channels.
Lead and coach the team; plan and organize business operations to ensure effective customer acquisition in the automotive accessories sector."
Project Manager,400.0,2.0,Ho Chi Minh City,"Oversee new product development, planning, and introduction.
Analyze market competitors' technical capabilities and product niches.
Plan, manage, and coordinate new product project schedules, communications, and coordination.
Develop new product specifications, evaluate feasibility, implement introduction, and control schedules.
Conduct market and product trend surveys and provide references to the R&D department for new product development.
Support channel promotion and coordinate product marketing activities, promotional materials, and customer briefings."
IT Help Desk Technician,360.0,0.5,Ho Chi Minh City,"Manage and maintain company IT assets including computers, desk phones, cameras, projectors, scanners, and other IT equipment.
Assemble, replace, repair, and upgrade computer hardware and peripheral devices.
Recommend timely replacements or repairs to prevent or resolve equipment-related issues within scope of responsibility.
Assist with operating system and software installation on office and project staff devices.
Set up network cabling and allocate seating for new staff or projects.
Monitor user accounts and infrastructure (firewalls, domain controller) and supervise Internet access."
Sales/Telesales/Admissions Advisor/Sales Consultant - Hanoi,480.0,0.0,Hanoi,"Advise and respond to inquiries about TOEIC and IELTS courses offered by the system.
Handle marketing data provided by the company, primarily warm leads (80-90%).
Be directly responsible for achieving assigned sales targets, prospecting and nurturing new customers.
Identify and develop potential customers through marketing channels, social media, forums, events, flyers, and partnerships.
Research market information and competitors and report findings periodically.
Perform duties as directed by the direct supervisor.
Preferences: passion for sales, education, or creative/innovative work; strong telesales ability; clear pronunciation; knowledge of English is a plus."
Assistant to the Deputy General Director in Charge of Business,400.0,2.0,Hanoi,"Set sales targets and plans and present proposals to the Deputy General Director.
Organize information management and customer care processes.
Receive and process orders and monitor order fulfillment.
Coordinate with the Accounting Department to monitor and urge debt collection activities.
Manage and lead the team, oversee staff performance, and participate in meetings as directed by the Deputy General Director.
Qualifications include university degree or equivalent, over 2 years of experience in a similar role, knowledge of the beauty industry, proficiency in office software, negotiation and planning skills."
Sales Consultant / Business Developer - Passenger and Commercial Vehicles,400.0,0.0,Ho Chi Minh City,"Meet personal sales targets for passenger and commercial vehicles by prospecting and converting leads into customers.
Identify, nurture, and develop relationships with customers; manage information for potential clients.
Perform marketing and customer service activities as directed; ensure adherence to policies and procedures.
Monitor sales contracts, accounts receivable, and vehicle handovers to customers.
Bachelor's degree or higher in automotive technology or related field; basic knowledge of technology, features, and specifications of trucks and buses; strong negotiation and persuasive skills; proficient in office software.
Role located in Ho Chi Minh City; benefits include competitive salary and monthly sales incentives."
Insurance Advisory Specialist - Bancassurance Channel,440.0,1.0,An Giang,"Build and maintain strong relationships with customers and partners in the bancassurance channel.
Proactively support partners and bank staff in daily activities within the scope of the job.
Leverage bank partner clients to initiate contact and connect with customers.
Understand customer needs and propose suitable financial solutions and insurance plans.
Ensure adherence to the company advisory process and accurately communicate product features, benefits, and contract terms.
Provide customer care and guidance throughout pre-, during, and post-sale stages and comply with quality controls."
Sales Executive (MT Channel),320.0,2.0,"Da Nang, Vietnam","Area of responsibility: Da Nang, Quang Ngai, and Quy Nhon.
Manage monthly and annual sales targets across supermarket chains and Minimart/CVS/Premium stores.
Maintain strong product knowledge and implement promotions and marketing activities.
Guide and monitor product displays, ensure accurate dating, and manage stock levels.
Build and maintain relationships with key category partners and supermarkets.
Monitor market conditions in the assigned area and propose supportive actions and initiatives."
Mobile App Developer (Part-Time),320.0,0.0,"Hanoi, Vietnam","Manage and maintain the company's Mobile App to ensure stable and efficient operation.
Develop new features on the Mobile App per company requests.
Collaborate with the UI/UX team to implement the Mobile App interface.
Integrate APIs with backend teams for data access (RESTful, JSON, GraphQL).
Analyze requirements with product development and contribute ideas to improve the product.
Optimize performance, troubleshoot issues, and enhance user experience; apply new technologies."
Nurse / Midwife,280.0,0.5,Ho Chi Minh City,"Welcome and guide patients and their families through procedures.
Record vital signs, abnormal parameters, and symptoms in the medical records.
Strictly follow orders from the on-duty physician.
Inspect, examine, and provide patient care according to the physician's treatment plan.
Maintain cleanliness of procedural and inpatient rooms; schedule rounds, IV infusions, and medication administration.
Regularly check and report maintenance of medical equipment; complete shift handovers before ending the shift.
Uphold medical ethics and continuously reassure patients during treatment."
Executive Assistant to the CEO,400.0,2.0,Ninh Binh,"Represent the CEO in welcoming clients and organizing company events.
Manage the CEO's schedule, plan meetings and conferences.
Arrange travel itineraries including flights, transportation, and accommodations.
Handle communications: answer calls/messages, manage emails and important correspondences.
Oversee electronic and paper documents; implement tasks and delegate to departments.
Prepare regular or ad hoc reports; monitor progress of tasks and budgets; support decision-making; complete assigned projects on time; contribute process improvements."
"Backend Team Leader (Python, AWS/GCP)",2500.0,0.0,Hanoi,"Serve as technical lead for backend systems, guiding architecture and technology selection.
Design product architecture and organize issues, policies, and system decisions.
Oversee backend development with Python; ensure code quality through reviews and coach engineers.
Align development requirements with stakeholders; translate requirements into design and policy implementations; contribute hands-on.
Lead Agile processes; define and improve development workflows; coordinate with Japanese stakeholders and team members.
Drive performance optimization and cloud-based product development on AWS/GCP; implement DevOps practices and contribute to large-scale service development."
"ASM Manager - Electrical Equipment (Ha Noi, Cau Giay) - 2 Years Experience",720.0,2.0,"Hanoi, Vietnam","Responsible for revenue and profit of the Electrical Equipment Sales Department.
Develop and implement sales plans to expand the customer base and ensure brand coverage.
Build and nurture relationships with customers in the electrical equipment sector.
Report business results, revenue and costs; provide market forecasts to the CEO.
Coordinate with Marketing on marketing plans for the electrical equipment category.
Identify potential markets and monitor market fluctuations; stay updated on competitors and new products.
Perform tasks as required by the General Director."
Mobile Developer (Android/iOS),800.0,0.0,Hanoi,"Analyze requirements and propose suitable technical solutions in close collaboration with design and development teams to ensure product quality.
Develop new or modify existing Android and iOS platform applications and deploy mobile apps.
Build and maintain robust architectures (MVVM/MVP) with strong object-oriented programming principles, including offline storage, multi-threading, asynchronous programming, queuing, and performance tuning.
Proficient in Android development (Java/Kotlin, Android SDK, Retrofit, SQLite/Room) and iOS development (SwiftUI, Combine, Xcode, UI Kit; Core Data/SQLite/Realm); familiarity with Flutter or React Native is a plus.
Conduct unit testing and UI automation tests when possible; communicate ideas clearly; demonstrate strong problem-solving, time management, and ability to work independently and in a team.
Minimum 3 years of Android/iOS application development experience."
Nurse (Dermatology) - Female - Immediate Start,800.0,1.0,Ho Chi Minh City,"Assist physicians in dermatoscopic and related procedures during patient treatment.
Perform basic injection and related procedures as part of patient care.
Provide patient education and address questions during treatment, including medication guidance.
Handle professional nursing duties and maintain infection control and safety standards.
Meet requirements: female, age 23-35; diploma or associate degree in nursing; professional license.
Minimum 1 year of relevant experience; preference for dermatology or internal medicine experience; on-the-job training available for non-cosmetic backgrounds."
Branch Manager,400.0,3.0,Hanoi,"Recruit, guide, and train staff
Supervise work processes and workflow management
Manage branch operations and facility upkeep
Handle parent/customer inquiries and resolve complaints
Oversee revenue generation and financial controls
Ensure compliance with company policies and standards
Develop relationships with customers and partners; contribute to planning and business development"
Sales Manager,400.0,1.0,Ho Chi Minh City,"Identify, develop, and maintain client relationships; provide tailored financial solutions to meet their needs.
Plan, manage, and lead the sales team; coach and support staff to achieve revenue targets.
Propose and implement business strategies; drive sales for both the team and individual contributors.
Conduct post-sale customer care to strengthen the company's reputation and customer loyalty.
Requirements: minimum 1 year of sales experience; preferably in finance, banking, business administration, or marketing; college degree or higher.
Skills: strong communication, negotiation, teamwork and leadership; ability to work under pressure and meet targets."
Business Analyst,3400.0,2.0,Tokyo,"Build analytical documentation detailing business requirements, user requirements, and product features before handing off to development or relevant partners.
Advise clients on changes between the legacy platform and the new platform.
Create UAT test scenarios and support end-users during product testing.
Prepare end-user product manuals and provide user training.
Act as focal point for business process support, training, and guidance with clients/partners during project deployment.
Requirements: degree in foreign languages or IT; minimum 2 years of IT BA experience; Japanese language proficiency (N1) with listening, speaking, reading, and writing."
Dermatologist Consultant,600.0,1.0,Hanoi,"Diagnose skin conditions and develop treatment plans for patients.
Advise and finalize treatment packages with clients in collaboration with consultants.
Answer client questions about services and equipment.
Counsel clients on home skincare regimens.
Collaborate with Marketing on promotional photo and video shoots.
Requirements: Medical degree (BSĐK) or equivalent with at least 6 months of experience in hospitals or beauty clinics; professional appearance; proactive, responsible, and able to work under high pressure; strong communication and persuasive skills; interest in beauty and career development in the cosmetic industry."
Sales Staff,400.0,1.0,Ho Chi Minh City,"Provide guidance to customers, visit and introduce products, and address customer inquiries.
Prepare quotations, close orders, and assist with order placement and delivery coordination.
Implement and communicate company programs, policies, and information to customers effectively.
Nurture post-sale relationships and maintain ongoing engagement with existing customers.
Monitor and follow up on debt collection within the department.
Requirements: at least 1 year of experience in sales; strong communication, negotiation, and persuasive skills; responsible and eager to progress; proficient in office software."
Regional Sales Manager,400.0,1.0,An Giang and 28 other locations nationwide,"Manage a sales team with no direct selling; provide strategic advice to leaders and plan organizational deployment of sales activities.
Lead activities of the Board/Team to achieve assigned sales targets while ensuring compliance with regulations, procedures, and company policies.
Plan and implement sales activities for the Board/Team.
Plan, organize, and support recruitment and development of the sales network.
Train and mentor agents on product knowledge and job-related skills; supervise sales activities and motivate agents.
Perform additional duties as assigned by leadership."
Executive Assistant to Chief Executive Officer,400.0,2.0,Ninh Binh,"Represent the CEO in welcoming clients and organizing company events.
Manage the CEO's schedule, plan meetings and conferences.
Coordinate travel for the CEO, including flights, transportation, and accommodation.
Handle phone calls, messages, emails, and important correspondence for stakeholders.
Manage electronic and physical documents and records.
Implement tasks from superiors to departments, and prepare periodic or ad-hoc reports for the CEO and other departments."
Head of Sales - Beauty Division,2000.0,3.0,Ho Chi Minh City,"Lead and manage the sales team in the beauty division.
Leverage AI technology to analyze customer data and optimize marketing and sales strategies.
Develop and deliver training programs on selling skills and AI tool usage.
Assess marketing campaign performance and adjust strategies based on AI-driven analytics.
Build and maintain durable customer relationships by understanding clients’ needs and goals.
Recruit, set targets, train, and monitor performance of the sales team.
Identify potential markets and monitor market trends, while staying updated on competitors and new products."
Senior ReactJS Developer,800.0,4.0,"Hanoi, Vietnam","Architect and implement new features to enhance service quality.
Lead and mentor team members; help teammates understand complex logic.
Prepare documentation, adjust schedules, and prioritize tasks in collaboration with Product Management.
Develop new features and improve existing ones; ensure product quality through unit tests and code reviews.
Work with modern web technologies including ReactJS and VueJS; develop REST APIs, Node.js, HTML5, and CSS3.
Experience with data visualization systems and handling complex codebases; develop web and mobile applications.
Collaborate effectively in a team and maintain dependable performance."
Head of Sales,1200.0,0.0,Hanoi,"Advise and guide clients on projects, handle transaction procedures, negotiate and sign contracts, and compile and report market status in Real Estate.
Develop and execute business plans, and propose solutions to maintain and drive revenue while controlling costs to meet targets.
Create telesales, direct sales, and client outreach scripts; demonstrate strong customer care skills.
Drive sales ability across the team, ensure team revenue, and assign tasks, supervise, train, and support sales staff.
Support and monitor the implementation of business plans; report results, revenue, and costs regularly.
Requirements: at least 1 year of experience in Real Estate and at least 1 year in a similar role; strong management skills and market knowledge; understanding of planning and legal aspects; self-motivated with goal setting and execution; computer and transportation access; ability to work under high pressure; strong communication, negotiation, and problem-solving skills."
Business Analyst (Japanese),700.0,2.0,Hanoi,"Gather business and system requirements from partners in the finance field across regions.
Understand and analyze requirements from both business and end-user perspectives.
Create Basic Design based on analyzed requirements.
Work with the development team to review specifications, address Q&A, and assess solutions.
Support the project manager in task assignment and ensuring smooth project progress.
Assist in testing and verify bugs/issues before handover to the client."
Product Director,1600.0,2.0,Hanoi,"Develop product development plans by researching markets and user needs, defining product goals and roadmaps, and managing the product development process; communicate direction clearly to the product team and use data analytics to measure quality and drive continuous improvement.
Lead Go-to-Market activities with a focus on marketing-led deployment, coordinating with Sales/Marketing to bring products to users, and prioritizing customer care and organic growth through word-of-mouth.
Manage relationships with banking partners and sales agents; collaborate with Partnerships to align collaborations with the product roadmap and company targets; design promotional programs and business models to expand sales channels.
Translate product strategy into actionable initiatives; ensure cross-functional alignment across relevant departments and monitor progress against milestones.
Requirements include at least 2 years of enterprise client business development experience; solid understanding of accounting/sales/receivables processes; strong logic, analytical, communication, and problem-solving skills; high attention to detail; effective teamwork and leadership capabilities.
Demonstrate a proactive, innovative mindset with the ability to work in a collaborative environment and contribute to the growth of technology-enabled products."
Deputy Head of Sales,1200.0,1.0,"Hanoi, Northern Vietnam","Develop and implement the sales strategy for the insurance department.
Lead, manage, and develop the insurance sales team to achieve targets.
Plan business objectives and set sales targets for individuals and the department.
Analyze the market and competitors; propose solutions to improve sales performance.
Build and maintain relationships with major clients; grow the existing client portfolio.
Monitor customer care processes and resolve issues that arise.
Provide periodic sales performance reports to the board and suggest product/service improvements based on customer feedback."
Sales Executive - Supermarket Channel,320.0,1.0,Hanoi,"Market research and identify new retail points in supermarkets and shopping centers within the area.
Support training and management of staff at points of sale.
Monitor and update sales activities at retail points.
Collaborate with supermarkets and malls to implement pop-up sales.
Monitor debt collection and remind agencies about payment and procurement plans.
Propose promotional programs, discount policies, incentives, and gifts for outlets; supervise promotion execution and report sales data."
Software Engineer - React Native / React Mobile (Odoo experience),800.0,0.0,Hanoi,"Develop and enhance software according to business requirements.
Collaborate with partner software companies to develop and modify software.
Work on systems such as software, e-commerce websites, DMS, BI updates (Looker), HR/production management (Odoo).
Provide technical support and post-implementation maintenance; operate and manage enterprise servers; ensure system stability with potential coordination with partner service companies.
Perform BA duties by gathering requirements from departments to analyze and design system features; contribute ideas to improve existing processes and technologies.
Candidates should have a university degree in Information Technology, Computer Science, or Computer Engineering; proficiency in Python and JavaScript; experience with React Native, React.js, and Odoo; strong skills in CSS/SCSS/LESS/HTML; databases (MySQL, PostgreSQL, MongoDB); Git; good English reading/writing; and willingness to work in Agile/Scrum environments."
Sales Officer (No Experience Required),480.0,1.0,Hanoi,"Develop and execute business plans to achieve sales targets.
Expand and manage the customer base; identify and qualify new clients.
Monitor sales activities and provide outstanding customer support before, during, and after sales.
Build and promote personal brand on social platforms (TikTok, Zalo, Facebook).
Collaborate in a professional, team-oriented, creative, and dynamic work environment.
Meet candidate requirements: university or college degree; age 25-40; interest in sales; prior sales, banking, insurance, or entrepreneurship experience is a plus."
Sales / Study Abroad Advisor,480.0,0.0,Hanoi,"Advise and introduce study abroad programs in Asian countries (Korea, China, Taiwan).
Negotiate and sign contracts with clients.
Participate in and organize counseling sessions at schools, and seminars/exhibitions about study abroad.
Nurture and develop relationships with clients.
Perform other tasks as directed by the supervisor."
Regional Sales Manager,600.0,1.0,Hanoi,"Identify, search for, and develop new distributors within the designated region.
Maintain existing customers and address issues arising at partner agencies.
Receive and track orders to ensure on-time progress as committed with distributors.
Monitor customer revenue performance and develop plans to drive growth and increase sales.
Travel may be required during the initial market development phase.
Perform other tasks as directed by the Sales Director."
ASM Equipment Sales Manager - Electrical Devices,720.0,2.0,Hanoi,"Responsible for the revenue and profitability of the Electrical Equipment Sales Department.
Develop and implement business plans to expand the customer base and ensure brand coverage.
Build and develop relationships with customers in the electrical equipment sector.
Prepare and present reports on business results, revenue, and costs; provide market forecasts to the General Director.
Coordinate with the Marketing department on marketing plans for the electrical equipment category.
Identify potential markets and monitor market dynamics, competitor activity, and new products; perform tasks as required by the General Director."
Senior Alcohol Beverage Sales Manager,600.0,3.0,Ho Chi Minh City,"Responsible for planning business strategy, targets, and annual budgeting; analyze and oversee business controls; develop and execute strategies to increase revenue.
Coordinate with Marketing to implement sales support policies and channel-specific marketing programs.
Analyze consumer trends in the wine and spirits market; collaborate with departments to offer products aligned with consumer tastes and diversify while meeting business criteria.
Recruitment, onboarding, training, assignment, planning, coaching, supervising, and evaluating performance.
Establish and expand the sales network, manage geographic coverage and assign sales targets to subordinates; set compensation and incentive schemes.
Build salary policies, target-setting, incentives, and other policies related to alcohol business in line with company direction.
Stay updated on industry trends and propose adjustments."
Key Channel Sales Associate (KA),320.0,1.0,Ho Chi Minh City,"Develop key account channels by covering and expanding the number of key customers in the designated area.
Expand the company’s product portfolio at the point of sale for key customers.
Meet or exceed sales/volume targets for the assigned region.
Execute business development objectives as assigned by the company over time.
Requirements: college or university graduate; basic knowledge of key account channels; minimum 2 years of experience in FMCG sales or conditional sales; experience in key account channels is a plus.
Demonstrates strong communication, negotiation, and sales skills; proficient in Microsoft Office; professional appearance and demeanor; disciplined, honest, and persistent."
Java Developer (3+ years),1000.0,0.0,Hanoi,"Participate in software project development across domains such as banking, finance, and international markets.
Design, code, and unit test software components.
Review code and support team members; collaborate across groups under team/PM direction.
Strong Java experience (minimum 3 years) with Spring MVC, Spring Boot, or Hibernate.
Familiarity with at least one frontend framework (Vue, React, or Angular) for UI development; understanding of HTML/CSS/JavaScript.
Experience with message queues (ActiveMQ, Kafka) and relational/NoSQL databases; Linux knowledge; ability to work independently and in a team."
Mobile Developer,680.0,0.0,"Hanoi, Vietnam","Design and develop mobile applications for banking and fintech projects.
Collaborate with the Product Owner, Project Manager, and Business Analyst to design, build, and deliver products.
Coordinate with Backend and UI/UX teams to define requirements and integrate APIs.
Work in teams or independently, communicating with supervisors and relevant stakeholders.
Requirements include experience with React Native or Flutter, and knowledge of architecture patterns (MVC, MVP, MVVM).
Familiarity with API connections (RESTful, gRPC, GraphQL, WebSocket) and local storage concepts; experience with design tools and Git workflows."
Regional Sales Manager - Northeast FMCG (ASM),760.0,2.0,Northern Vietnam,"Develop monthly, quarterly, and annual business strategies and ensure achievement of defined targets.
Manage, support, and develop the distribution channel network; recruit, train, and evaluate the regional sales team; ensure compliance with policies.
Collaborate with Marketing to implement Trade Marketing programs and promotional activities to enhance product visibility at points of sale and build brand awareness.
Identify and recruit new distributors in the assigned region; support and develop existing distributors; address issues within the region and guide daily team operations.
Analyze sales data, product quality, and competitive benchmarks; provide insights and recommendations to drive regional sales growth; oversee delivery, warehousing, and merchandising within the area.
Report directly to the National Sales Director; require travel across designated provinces; demonstrate strong communication and negotiation skills; work in a dynamic, supportive team environment."
Business Manager - Import & Export,600.0,2.0,Ho Chi Minh City,"Oversee all import and export operations, ensuring compliance with relevant laws and procedures.
Manage documentation for shipments, including import/export dossiers, contracts, and transfer procedures; verify accuracy of records during customs clearance.
Represent the company in meetings with customs authorities; classify duties and coordinate with stakeholders on regulatory requirements.
Monitor goods during transportation and stay updated on changes in import-export laws and regulations.
Advise on customs procedures, insurance requirements, and other regulatory issues related to logistics and trade.
Develop and implement business plans and strategies to meet company objectives, including market analysis and staff development."
Sales Administrator,500.0,1.0,"Ha Nam, Hanoi","Process and receive customer orders and coordinate shipments.
Handle shipment preparation and related logistics tasks.
Manage pricing operations and maintain pricing accuracy.
Serve as the primary contact window for customers and respond to inquiries.
Collect and analyze revenue information for the sales process.
Assess and investigate customer satisfaction to identify improvement opportunities."
"Bank Telesales Officer, Dong Da, Hanoi",320.0,0.0,Hanoi,"Make outbound calls to advise MB Bank products and provide customer care following scripts through two channels: OB Service (quality service and debt reminders) and OB Sales (selling MB Bank products).
Handle customer interactions professionally to meet sales and service objectives while adhering to banking guidelines.
Work location: MB Bank Headquarters, 21 Cat Linh Street, Dong Da, Hanoi.
Requirements: male or female, aged 20-33, diploma or higher; clear speech with no strong regional accent; experience in customer support or sales is a plus.
Salary: 8-12 million VND per month, with additional performance-based incentives."
Bridge System Engineer (BrSE),3400.0,0.0,"Hanoi, Vietnam","Collaborate directly with Japanese clients and work with them from requirements definition, design, and development phases.
Coordinate with offshore teams to investigate root causes and propose solutions for issues arising during the project.
Plan and monitor project progress to ensure timely delivery.
Perform quality checks on project outputs prior to handover to clients.
Strong communication, problem-solving, and negotiation skills are required; JLPT N1 level in Japanese is preferred.
Work location: Hanoi office; occasional interactions with Tokyo-based teams as needed."
Executive Secretary to CEO - English Proficiency,400.0,1.0,"Hai Phong, Vietnam","Receive, classify, and process information for the CEO, including drafting documents and reports.
Translate and interpret, and relay information between the CEO and relevant departments.
Manage the CEO's calendar, including domestic and international travel arrangements.
Organize CEO meetings: prepare attendees, distribute materials, record minutes, and monitor follow-ups.
Provide information support to internal departments and handle tasks assigned by the CEO and CEO's assistant.
Communicate with partners and coordinate external and internal communications for the CEO."
Business Analyst,960.0,3.0,Hanoi,"Analyze business requirements and translate them into system development requirements via URD, SRS, and API specifications.
Convey requirements clearly to the development and design teams, acting as a liaison between business and technical groups.
Ensure the product is built according to approved analysis and design documents by collaborating with the software testing team.
At least 3 years of experience as a business analyst, writing and managing URD/BRD, SRS, FRS for software projects; banking domain is a plus.
Proficient with office tools, Jira, Confluence, and BPMN software; basic data design knowledge (Oracle, MySQL).
Knowledge of APIs and microservices; strong presentation, negotiation, and communication skills; ability to work in teams and independently; Agile/Scrum is a plus; basic English."
ASM Equipment Manager,720.0,2.0,Hanoi,"Responsible for the revenue and profit of the Electronics Devices Sales Department.
Develop and implement business plans to expand the customer base and ensure brand coverage.
Build and develop relationships with customers in the electronics devices sector.
Report on business results, revenue, and costs; provide market forecasts to the General Director.
Coordinate with the Marketing department in plans for campaigns in the electronics devices category.
Identify potential markets and monitor market dynamics; stay updated on competitors and new products.
Perform tasks as required by the General Director."
"Senior Java Developer (Seasar, Spring Boot)",1200.0,0.0,"Ho Chi Minh City, Vietnam","Implement software architecture for the travel e-commerce ecosystem, covering domestic and international flight, hotel, and online travel bookings.
Design, develop, and optimize performance of the product on the Java platform.
Keep up to date with the latest technologies and techniques to improve the solution.
This is a long-term project with stable employment opportunities.
On-site location: 90 Nguyen Dinh Chieu, Da Kao, District 1, Ho Chi Minh City.
Requirements: Bachelor's degree in IT or equivalent; minimum of 5 years Java programming experience; strong knowledge of algorithms, OOP, Java/JEE and Spring (DI, AOP, IoC); experience with Web services (MVC, RESTful, SOAP) and SQL/JDBC with ORM/Hibernate (MySQL, Oracle)."
Game Backend Developer,800.0,0.0,"Hanoi, Vietnam","Develop and maintain the backend system for mobile games using Node.js.
Design and implement system architecture to ensure high performance, stability, and scalability.
Optimize systems to support a large number of concurrent users.
Collaborate closely with frontend developers and Game Designers to implement new features.
Troubleshoot and resolve incidents, ensuring continuous system operation.
Participate in requirements analysis and propose technical solutions."
Sales/Business Development/Consultant,400.0,1.0,Ho Chi Minh City,"Identify and engage potential customers and provide consultative sales to close deals.
Manage and develop existing customer databases.
Negotiate design and construction contracts.
Monitor contract progress and coordinate with customer service and procurement to fulfill orders for partners.
Education in business administration, commerce, construction, architecture, interior design, foreign trade, or related fields; 1 year of experience; preference for candidates from hospitality, materials, furniture, or industrial product marketing backgrounds.
Demonstrate strong communication, creativity, dynamism, and high responsibility toward work."
Front End Developer (Angular),720.0,3.0,Hanoi,"Develop front-end for the website layer and implement UI for products in collaboration with backend developers.
Work onsite at the client's office in central Hanoi to deliver optimized and polished interfaces.
Must have at least 3 years of frontend experience, including 2+ years with Angular.
Strong knowledge of JavaScript (ES6+), TypeScript, and modern web development practices.
Experience with UI frameworks such as Ant Design, Bootstrap, or PrimeNG and with form handling and validation in Angular.
Ability to read English documentation and communicate effectively in a technical team."
Real Estate Sales and Advisory Associate,280.0,0.0,Hanoi,"Identify and approach potential clients and introduce the company's real estate products.
Provide consultation and support to clients throughout the transaction process.
Keep up-to-date with the real estate market and rapidly understand client needs.
Assist with transaction procedures and negotiate contracts.
Maintain and grow the existing client base while prospecting for new leads.
Participate in developing business and marketing strategies and propose marketing options."
Senior Tax Accounting Consultant,600.0,2.0,Hanoi,"Provide tax and accounting advisory services for clients to ensure compliance and efficiency in tax accounting practices.
Deliver comprehensive accounting and tax services for clients, including preparation and review of financial statements.
Assist clients in preparing VAT, PIT, CIT, and FCT reports.
Advise clients on tax and accounting inquiries and ensure timely responses.
Manage and train staff in delivering high-quality tax and accounting services.
Collaborate with clients and internal teams to optimize tax planning and service delivery."
Automation Tester (Banking Project),1040.0,2.0,Hanoi,"Plan and design test strategy and test cases for Web, Mobile, and API products.
Execute automated tests and generate detailed test reports.
Research and stay updated with new tools and knowledge to support testing activities.
Collaborate with development teams to ensure quality and timely delivery.
Demonstrate proficiency with Selenium and Serenity framework.
Possess at least 2 years of experience in automation testing on development projects; strong knowledge of API testing and basic testing fundamentals.
Preferred: experience in automation testing across API, Web, Mobile, and performance/security testing."
Java Engineer,1000.0,0.0,"Hanoi, Vietnam","Gather and analyze client requirements, write requirement analysis documents, specification, and detailed design, including database design.
Develop assigned functionalities according to the detailed solution documents.
Identify, fix, and resolve defects found during development and deployment.
Write and execute unit tests.
Integrate code and system components; merge code and implement system integration.
Design modules and components according to the existing architecture; prepare installation, operation, and exploitation guides."
"Sales Admin Officer with 1 Year Experience - Dong Da, Hanoi",320.0,1.0,Hanoi,"Approve, process orders, and generate sales invoices.
Receive and resolve customer feedback related to business activities.
Support the sales department by providing documents, policy materials, tools, and market development assistance.
Understand and classify customers to tailor appropriate care policies.
Assist the sales team in designing promotions, gifts, and customer appreciation programs.
Monitor debt collection and payment progress; prepare periodic sales reports for management and track sales staff attendance and rewards."
Store Manager (Female candidates only) - Hanoi,480.0,2.0,Hanoi,"Manage overall store inventory, staff, customer relations, and related issues affecting in-store and external operations.
Train, guide, supervise, and monitor sales techniques and customer service by the store team.
Inspire and energize the staff to maintain high engagement and productivity.
Connect staff across stores to create a unified brand-wide sales service network and foster collaboration.
Prepare weekly and monthly store performance reports.
Requires at least 2 years of experience in a similar role; interest in fashion; honest, cheerful, sociable, proactive; ability to work under high pressure; female candidates only."
Senior Java Developer (Training to Team Leader),2400.0,0.0,"Hanoi, Vietnam","Collaborate with the project manager on a Japanese project to manage tasks and deliverables.
Design and implement software development processes, and establish software quality management standards within the company.
Contribute to the company's internal product development project.
Perform effort estimation, conduct source code reviews, and manage project timelines.
Assess team members' capabilities and assign tasks accordingly.
Report project progress and propose solutions to the project manager."
Project Management Specialist,600.0,2.0,Hanoi,"Coordinate overall project activities, including requirements gathering, analysis, system design, planning, and implementation.
Plan and manage project schedule and milestones.
Manage project scope, initial workload, and change requests.
Allocate and control resources including costs, personnel, technology, and time.
Communicate with clients, partners, and internal units to ensure project delivery.
Maintain project documentation and reports on progress, quality, and issues; build and manage project teams."
Sales Executive Fluent in Chinese and English (Data Provided - Commission 26%-40%),300.0,1.0,Ho Chi Minh City,"Advise and service potential clients by coordinating with Marketing to receive leads, proactively contacting prospects, and presenting flexible office rental solutions that fit needs, budget, and preferred location.
Conduct site surveys and evaluate buildings/offices to provide accurate, detailed information for clients.
Arrange and assist clients to tour available office spaces for rent across buildings.
Support clients through price negotiations, contract terms, and related legal procedures.
Identify and develop potential clients, manage deal closures, and earn commission as a percentage of sales.
Maintain and update the office rental listings in the CRM, maintain relationships with building owners/investors, and ensure timely information flow."
"Bank Telesales Officer, Dong Da District, Hanoi",320.0,0.0,Hanoi,"Position involves outbound calls to advise on banking products and provide customer care following predefined scripts through two channels: Service and Sales.
Channel OB Service focuses on call scripts about service quality and debt reminders; Channel OB Sales focuses on selling bank products.
Location: 21 Cat Linh, Dong Da District, Hanoi.
Requirements: male or female, aged 20–33; education from junior college or higher; clear speaking ability (no heavy dialects, stuttering, or strong regional accent).
Experience in customer support, care, or sales is advantageous; for female candidates, not pregnant in the first year is requested.
Compensation and incentives: average monthly income 8–12 million VND (base salary 6,500,000–6,850,000 VND); training allowance 700,000 VND per course; KPI bonus up to 4,000,000 VND per month; eligibility for overtime to increase income (1.5x or 2x the base salary). Overtime and full salary during probation (2 months) as stated."
Sales Manager,1000.0,2.0,Ho Chi Minh City,"Manage and train sales staff in electronics/electronic locking products.
Oversee the full sales process across online and offline channels.
Be responsible for revenue targets and report to the supervisor.
Perform additional tasks as requested by management.
Work location: Head Office, Binh Thanh District; working hours 8:00-17:00.
Requirements: Female candidates aged 25-35; university degree or higher; at least 2 years of sales management experience in electronics devices/electronic locks; experience in online sales and showroom chains is advantageous; leadership experience."
Fullstack Developer (English) - from 2-7 years of experience,800.0,2.0,"Hanoi, Vietnam","Participate in developing client Web projects by analyzing requirements, designing system architecture, and designing databases, and implementing features.
Work within Agile/Scrum methodology, including sprint planning, execution, monitoring, and reporting progress.
Support training, share knowledge, and perform code reviews for team members; participate in building and leading the team if experienced.
Research and evaluate new technologies to apply to projects.
Requirements: Diploma/University degree in IT or related; at least 1 year of Web Development experience with backend Node.js (Express, NestJS) or similar frameworks (PHP Laravel, Rails, etc.).
At least 1 year of experience with frontend frameworks (React/Next.js or Vue/Nuxt.js); solid Web development knowledge (HTML/CSS/JavaScript) and responsive web design; knowledge of OOP, coding conventions, and architecture patterns (MVC, MVP, MVVM)."
IT Help Desk Specialist,360.0,0.0,Ho Chi Minh City,"Manage company IT assets (computers, desk phones, cameras, projectors, scanners, and other IT equipment).
Build, replace, repair, and upgrade computer hardware and peripherals.
Propose timely repair or replacement to prevent and resolve issues within scope.
Install operating systems and office software on end-user devices; set up networks and workstations for new staff/projects.
Administer user accounts and IT infrastructure (domains, domain controllers, internet access monitoring); coordinate project deployment information with relevant departments.
Monitor and respond to user requests; troubleshoot network, systems, and hardware; ensure stable internal network operations."
Sales Manager,480.0,3.0,Hanoi,"Build, manage, and develop the sales team.
Train and guide the sales staff to improve skills and performance.
Monitor and evaluate the performance of sales staff on a regular basis.
Ensure achievement of business targets in terms of sales, market share, and product coverage.
Develop market development strategy, identify new customers, and maintain relationships with existing customers.
Track daily sales activities and support problem resolution for the team.
Collect market information, prepare regular sales reports (weekly/monthly/quarterly), and analyze business results."
Junior SRE,600.0,1.0,Hanoi,"Design, build, and deploy application systems to ensure high availability, clustering, and distributed architectures.
Develop and customize solutions to collect, analyze, process, and interface data on IT systems deployed for ISPs.
Develop, customize, and integrate new features into monitoring systems for major customers using open-source technologies.
Develop and expand automation tools such as Ansible and SaltStack to support deployment and operation of large-scale systems.
Convert and deploy solution sets on Cloud Native architectures for products across teams and departments, including public and private clouds.
Research and develop SDN solutions, public cloud (AWS, GCP, Azure), private cloud (OpenStack), and hybrid cloud environments; participate in IT operations support for customers.
Leverage HA/cluster/distributed designs, TSDB/SQLNoSQL, Elasticsearch, config management (Ansible/Jenkins/SaltStack), Unix/Linux, and container technologies (Kubernetes) to deliver reliable systems."
Business Manager - Import-Export,600.0,2.0,Ho Chi Minh City,"Oversee the company's import and export operations end-to-end.
Manage procedures and documents for imports and exports, including bills of lading, contracts, and transfer procedures.
Receive, verify, and reconcile shipment documents to ensure accuracy during customs clearance.
Represent the company in meetings with customs authorities and classify duties applicable to shipments.
Monitor goods during transportation and stay updated on changes in import-export laws and regulations.
Plan and develop business strategies, manage staff, and train the team to achieve targets."
Sales Manager (New ALPHA Project),1400.0,1.0,Hanoi,"Develop and execute sales plans to grow revenue and customer base.
Develop customer portfolio and supervise day-to-day sales activities.
Support customers before, during, and after sales to ensure satisfaction.
Build and promote personal brand on social platforms such as TikTok, Zalo, and Facebook.
Qualifications: Diploma or university degree; age 25-40; interest in sales, consulting, professional presentation, and willingness to learn; preferred: experience in sales, banking, or insurance."
Head of Sales,1000.0,1.0,Hanoi,"Lead and manage the sales team to achieve growth, revenue, and KPI targets.
Support and supervise the execution of the business plan; report results and forecasts to senior management.
Develop and expand the customer base by building relationships with clients and partners in the company's business domain.
Strengthen customer care and implement mechanisms to increase and maintain revenue.
Design and optimize the sales process from planning to closing deals.
Assign sales targets, monitor team performance, and adjust strategies accordingly.
Analyze market trends and develop, implement, and refine the sales plan."
Dentist,400.0,1.0,Thai Binh,"Inspect, diagnose, and treat dental and maxillofacial conditions through examinations and patient consultations.
Greet and register patients, coordinating with reception for patient flow.
Order and interpret essential tests to aid dental and maxillofacial diagnosis and treatment planning.
Perform professional dental procedures including orthodontics, cosmetic dentistry, and dental implant placements as directed.
Inspect and maintain medical equipment, supplies, and medications to ensure readiness for patient care.
Contribute to general clinic operations and implement new treatment approaches as appropriate."
Automation Tester,1080.0,2.0,Hanoi,"Design test cases and write automation scripts.
Define, develop, implement, and maintain automation test scripts.
Collaborate with the manual testing team to understand project goals and business workflows to determine automation scope.
Propose improvements to enhance automation testing efficiency and design corresponding automation test scenarios.
Proactively report work progress and evaluate the effectiveness of automation testing for the current project on a weekly and monthly basis.
Perform non-functional testing including security and performance testing."
Sales Executive / Sales Representative / Consultant - Immediate Start in Hanoi and Binh Duong,360.0,1.0,"Hanoi and Binh Duong, Vietnam","Market and sell company products in Vietnam to achieve growth and sales targets.
Generate business leads for building materials and wood panel products and follow up sales opportunities.
Track and monitor customer payments, ensure timely collection, manage credit terms and limits.
Provide regular sales activity reports and conduct periodic sales presentations.
Maintain customer database and participate in marketing campaigns such as exhibitions and trade shows.
Conduct market research, analyze competitors, and communicate findings to management."
Financial Consultant / Sales Associate (Telesales),320.0,0.0,"Hanoi, Ho Chi Minh City","Conduct telesales to recommend suitable loan packages for SMEs and provide guidance on loan registration.
Engage with banking partners to ensure platform operational targets are met.
Provide customer support via hotline and handle loan consultation requests through internal channels and marketing.
Collaborate with the product and customer service teams to improve customer experience and drive sales opportunities.
Maintain up-to-date knowledge of loan products and financing concepts; effectively communicate benefits to clients.
Meet or exceed daily/weekly sales targets and contribute to team performance while delivering professional service."
Nurse (Dermatology) - Female - Immediate Start,800.0,1.0,Ho Chi Minh City,"Assist physicians in performing dermatology treatments and related procedures.
Directly perform basic injection and related services as part of treatment.
Provide patient counseling and answer questions during treatment; instruct on medication usage.
Conduct nursing duties relevant to dermatology and internal medicine contexts.
Support patient care by preparing instruments, maintaining sterile conditions, and documenting procedures.
Assist with basic postoperative or follow-up care as part of the treatment plan."
Sales Manager,500.0,1.0,"Ha Nam, Hanoi, Vietnam","Handle order intake and ensure accurate processing of customer orders.
Manage order fulfillment and related logistics coordination.
Oversee pricing and rate card administration.
Serve as the primary point of contact for customers and maintain communication.
Collect and analyze revenue information to monitor financial performance.
Investigate and measure customer satisfaction levels and implement improvements."
Regional Sales Manager - Nationwide,400.0,1.0,An Giang and 28 other locations nationwide,"Lead regional sales teams without direct selling to drive performance.
Advise leadership and develop plans to organize and execute sales activities.
Oversee operations of the regional board/team to achieve business targets while ensuring compliance with regulations and processes.
Plan and implement sales activities for the board/teams.
Plan, organize, and support recruitment and development of the sales network.
Train and coach agents on product knowledge and sales skills.
Monitor sales activities and motivate the agent network to achieve targets."
"Sales / Consulting / Telesales Officer (No Experience Required, Hot Data, Weekends Off)",240.0,0.0,"Hanoi, Vietnam","Make outbound and inbound calls to customers using hot data provided by the company to advise and sell.
Work with warm data and avoid cold outreach; no need to travel for work.
Online education and training environment; 5-day workweek with weekends off (Saturday and Sunday).
Female candidates and Gen Z are preferred; fresh graduates or those with no experience will receive training and guidance.
Demonstrate passion for sales, advisory, and customer communication; maintain honesty, meticulousness, logical thinking, and resilience under pressure.
Career development and training programs in marketing and practical sales; potential leadership opportunities after 6–12 months; official contract after 2-month probation; standard benefits and annual leave."
Assistant to Deputy General Director - Business,400.0,2.0,Hanoi,"Set sales targets and build sales plans and proposals for the Deputy General Director.
Organize information management and customer care processes.
Oversee intake and processing of orders.
Track and push debt collection activities in coordination with the Accounting Department.
Manage and lead the team responsible for the area, including coaching and training.
Prepare for and participate in meetings as directed by the Deputy General Director."
Penetration Tester (Information Security Assurance),680.0,2.0,Hanoi,"Monitor 24/7 security alerts on client information systems and create incident tickets for detected issues.
Define the scope of attacks, investigate root causes, and coordinate rapid incident response and containment.
Manage and configure security monitoring tools; conduct vulnerability scanning and remediation.
Develop and implement security playbooks and training materials; contribute to security operation procedures.
Perform security testing (OWASP-aligned) across web, mobile, and API applications using blackbox, graybox, and whitebox approaches; review source code as needed.
Participate in pentest projects for financial, government, and SOE sectors; exploit post-compromise activities and advanced techniques; research 0-day bugs and PoCs."
Business Development Manager (Remote),1000.0,3.0,Ho Chi Minh City,"Develop and drive business strategy to achieve growth objectives.
Monitor market trends, customer demand, and competitive landscape to adjust advertising and sales strategies.
Supervise and evaluate sales team performance and implement productivity improvements.
Manage customer relationships and provide periodic reports on business results with proposed enhancements.
Ensure business strategies align with the company's overall goals.
Qualifications: Bachelor's degree in Business Administration, Marketing, or related fields; 3-5 years experience in business or e-commerce sales; 2-3 years in a management role; strong leadership, communication, negotiation, presentation, and training skills."
Agricultural Products Business Manager,600.0,3.0,Hanoi,"Plan, organize, and oversee distribution activities of agricultural products from producers to agents, retailers, supermarkets, and end consumers.
Build and maintain strong relationships with business partners, customers, and stakeholders in the distribution channel.
Research and analyze market demand, customer behavior, competition, and trends to propose effective distribution strategies and programs.
Manage and develop the distribution sales team, including training, guidance, and performance evaluation.
Monitor, control, and report on sales, costs, profits, inventory, quality, and service across the distribution channel.
Resolve issues, complaints, and feedback from customers and stakeholders within the distribution channel.
Propose and implement promotions, advertising, and sales support activities for the distribution channel."
Marketing Specialist (FB Ads / Google Ads) - Digital Marketing,520.0,2.0,Hanoi,"Develop and execute marketing strategies and campaigns for products and promotional programs in line with company direction.
Implement digital marketing campaigns using online advertising, social media, Google Ads, Facebook Ads, YouTube Ads.
Create promotional content, advertisements, and PR pieces to build the company’s brand and product awareness.
Coordinate with Sales and other departments to plan promotions and monitor campaign impact on revenue, adjusting strategies as needed.
Design basic banners and assist with related creative tasks.
Collaborate with teams on SEO, online advertising tools, and adopt new marketing strategies; proficient with Photoshop/Illustrator/Canva as needed."
Business Analyst,680.0,2.0,Ho Chi Minh City,"Analyze business processes of the product and identify feature changes or new features.
Clarify, summarize, and propose solutions for customer and stakeholder requirements.
Liaise with the development team and stakeholders to manage the backlog and prioritize projects or change requests.
Create documentation including User Requirements, Specifications, and Functional Specifications.
Use prototyping tools to design mockups/wireframes; prepare test cases and perform UAT.
Support testing and assist in building data flow models and data schemas."
"Fullstack Developer (Java, Angular/ReactJS)",680.0,0.0,"Hanoi, Vietnam","Develop web applications on the Java platform.
Participate in analysis, design, development, and maintenance of systems and applications.
Implement programming for products and services as required.
Research and update knowledge to support the job.
Requires at least 2 years of hands-on Java experience with Spring Boot; RESTful services; knowledge of concurrency and streaming.
Experience with cloud infrastructure (AWS, Kubernetes) is preferred; frontend experience with Angular or ReactJS is a plus; RDBMS experience (SQL Server, MySQL) is expected."
Sales Manager,480.0,2.0,"Hai Duong, Vietnam","Lead the Sales Department and manage business activities to achieve revenue targets.
Develop and implement plans to meet assigned sales targets; monitor and guide team performance.
Expand relationships with schools, educational centers, and parents; provide direct consultation on educational products, printing, publishing, and school experience programs.
Conduct market and customer research, monitor competitors, and identify opportunities.
Handle sales administration tasks including contracts, documentation, and payment procedures; resolve post-sales issues and customer inquiries beyond frontline staff.
Collaborate on sales strategy, negotiate and build relationships; demonstrate proactive, flexible, and long-term commitment.
Meet requirements for role including age, appearance, education, and communication skills; willingness to learn and contribute to the organization."
Admissions Advisor / Course Advisor / Sales Representative,280.0,1.0,Hanoi,"Receive and process potential student leads from seminars and marketing campaigns.
Advise applicants with information about study programs and explain enrollment procedures, tuition, and required documents.
Plan and coordinate counseling activities, including daily information, campus tours, admissions counseling, and special events.
Participate in school events and seminars to introduce the school to parents and support families with prospective students.
Maintain and nurture relationships with families to convert leads into enrollments.
Ensure excellent service to students and parents by understanding school policies and regulations.
Collaborate with team and manage multiple tasks with clear timelines."
Regional Sales Manager - Nationwide,400.0,1.0,An Giang and 28 other locations nationwide,"Manage the sales team and supervise agency partners; direct selling to customers is not required.
Advise leadership and develop plans to organize and implement sales activities.
Lead the division/teams to achieve assigned sales targets while ensuring compliance with policies and procedures.
Plan and execute sales activities for the division/team.
Plan, organize, and support recruitment and develop the sales system.
Train and coach agents on product knowledge and skills related to the job; monitor activities and motivate agents."
Java Engineer,1000.0,0.0,"Hanoi, Vietnam","Receive client requirements, document analysis, specify requirements, design in detail, and design the database.
Develop assigned features according to the detailed solution document and fix bugs identified during development and deployment.
Write and execute unit tests; implement upgrades to project requirements.
Design modular components and detailed functionalities following the existing architecture; integrate source code and systems.
Prepare installation and operation guides; install and deploy the system; optimize system performance.
Qualifications: university degree in IT or related fields; at least 1 year of Java development experience; strong OO programming, design patterns, data structures, and software development processes; proficiency in web services, Hibernate/JPA, Spring MVC, HTML5/CSS3, and at least one RDBMS (Oracle/MySQL/SQL Server); English/TOEIC or equivalent is preferred."
Pharmaceutical Sales Manager,720.0,2.0,Long An and multiple locations nationwide,"Advise the CEO on sales plans and market development strategies.
Manage OTC Medical Representatives to achieve monthly, quarterly, and annual sales targets.
Support sales activities, address issues, and assist the team in daily operations.
Monitor accounts receivable and report sales performance to senior management.
Develop and expand the customer base in the assigned region and identify potential clients.
Collaborate with Marketing to implement promotions and after-sales programs; coordinate with HR to recruit, assign targets, and train the sales team."
UI/UX Designer,600.0,2.0,Hanoi,"Contribute to product development processes for mobile apps and websites, ensuring user-friendly, intuitive UI/UX.
Collaborate closely with developers, marketing, and product management to ensure designs meet project requirements and goals.
Analyze target customer segments to design UI/UX aligned with customer profiles.
Develop wireframes, prototypes, UI, and UX to illustrate design ideas and user scenarios.
Conduct UI/UX validation after product goes into production.
Monitor and analyze metrics to inform UI/UX improvements.
Research and apply new UI/UX design trends."
2D/3D Game UI/UX Designer,480.0,1.0,Hanoi,"Design UI/UX for mobile games (casual, puzzle).
Build wireframes, mockups, and prototypes to present design ideas.
Collaborate with product teams to optimize UI quality and user experience.
Proficient with industry-standard design tools such as Adobe Photoshop, Illustrator, and Figma.
Have experience participating in at least one game project with a playable demo for reference.
Ability to sketch by hand and use a Wacom tablet; creative, flexible, and able to work independently as well as in a team; patient and able to work under pressure to meet deadlines."
Product Director,1600.0,2.0,Hanoi,"Develop the product roadmap by conducting market and user research to understand needs and problems the product should address; set product goals and direction and plan solutions and a development timeline.
Manage and drive the product development plan; clearly communicate goals, direction, and roadmap to the product team; apply data analytics to measure product quality and drive continuous improvement.
Implement a self-driven go-to-market approach by planning and executing go-to-market activities in stages; collaborate with Sales/Marketing to bring the product to users; emphasize customer care and word-of-mouth growth to drive organic user acquisition.
Coordinate with business and marketing departments to build strategies that deliver the product roadmap and company revenue targets; foster partnerships and business models to expand sales channels.
Manage relationships with banks and business partners; work with the Partnership team to develop collaboration/ business strategies aligned with product roadmap and revenue goals; design promotional programs to expand channels.
Candidate requirements: at least 2 years of experience in business-to-business client sales; solid knowledge of accounting/sales/cash collection processes within an enterprise; strong logical, analytical, communication, and problem-solving skills; high attention to detail; good teamwork and leadership abilities."
Head of Admissions Counseling,480.0,2.0,"Vinh, Nghe An","Manage a team of 6-10 sales staff and lead the planning and execution of weekly, monthly, quarterly, and yearly business plans to recruit, consult, and close deals with targets.
Develop partnerships with schools, buildings, and organizations sharing a similar client base to generate potential customers.
Supervise and motivate staff to work efficiently, achieve KPIs, and coach sales personnel to convert prospects into students.
Recruit, train, and develop the sales team to meet company requirements.
Prepare and deliver management reports as required and respond to directives from direct supervisors.
Report directly to the Center Director and ensure effective department operations aligned with sales goals."
Sales Executive (No Experience Required) with Guaranteed Salary,480.0,1.0,"Hanoi, Vietnam","Plan and drive business development for the Alpha AIA project and expand the customer base.
Develop and manage a client pipeline, identifying and acquiring new customers.
Monitor sales activities and performance; provide full customer support before, during, and after sales.
Build and enhance personal brand on social platforms such as TikTok, Zalo, and Facebook.
Collaborate with cross-functional teams to ensure a professional customer experience.
Requirements: University degree (Bachelor or College); age 25–40; passion for sales and a professional style; prior experience in sales, banking, insurance, or entrepreneurship is a plus."
Branch Manager,400.0,3.0,Hanoi,"Recruit, guide, and train staff to ensure high performance and customer satisfaction.
Supervise and manage day-to-day workflows and processes within the branch.
Oversee branch operations, facilities, and maintenance to ensure a safe and efficient environment.
Manage revenue and ensure compliance with company policies and standards.
Handle parent inquiries and resolve complaints professionally while maintaining positive relationships with customers and partners.
Participate in strategic planning, budgeting, and implementing sales and business development initiatives.
Demonstrate leadership, strong communication, negotiation skills, and the ability to work collaboratively with the management team."
Head of Sales,1200.0,0.0,Hanoi,"Advise and guide clients to review projects, handle transaction procedures, negotiate and sign contracts, and collect and report real estate market status.
Develop and execute business plans, and propose solutions to maintain and drive revenue while managing costs.
Create telesales, direct sales, and client outreach scripts, and enhance customer care skills.
Drive sales capability across the team and ensure the group's revenue targets are met.
Allocate tasks, supervise and assist sales staff, and provide training and guidance to the team.
Support and monitor the implementation of business plans.
Regularly report business results, revenue, and costs."
Regional Business Manager - Nationwide,400.0,1.0,An Giang and 28 other locations nationwide,"Lead and manage the regional business team without direct sales, driving performance to meet targets.
Advise senior leadership and develop plans to organize and implement business strategies.
Direct operations of the regional teams to achieve defined business targets while ensuring compliance with regulations and processes.
Plan and execute sales activities for the team and support recruitment, development of the network.
Train and coach agents on product knowledge, sales skills, and related job competencies.
Monitor business activities, motivate agents, and perform additional tasks assigned by leadership."
Nurse,320.0,1.0,Ho Chi Minh City,"Perform nursing care techniques in clinic and home settings, including sample collection, wound care (cleaning, dressing, suture removal), injections, and IV therapy.
Provide comprehensive patient care in accordance with professional regulations and health department guidelines.
Follow prescribed orders and technical procedures to monitor abnormal patient developments and assist physicians in examination and treatment.
Document professional notes as required and maintain accurate patient records.
Participate in community health education and promote health awareness."
Head of Sales,1200.0,0.0,Hanoi,"Advise and guide clients on project options, execute transactions, negotiate, and sign real estate contracts, and collect and report market data.
Develop and implement business plans, proposing solutions to sustain and promote revenue while managing costs to meet targets.
Create and deploy telesales, direct sales, and client outreach scripts, and maintain strong customer care skills.
Drive sales capability across the team, ensure the team achieves revenue targets, assign tasks, supervise and assist sales staff, and provide training.
Monitor and report on business results, including revenue and costs, and provide regular performance updates to management.
Demonstrate strong market, planning, and legal understanding of real estate, with self-motivation to set and pursue specific goals."
Assistant to Deputy CEO - Business,400.0,2.0,Hanoi,"Set sales targets and plans and present proposals to the Deputy CEO.
Organize management of information and customer care.
Organize reception and processing of orders.
Monitor and follow up debt collection activities with the accounting department as assigned.
Manage and supervise staff within the responsible team.
Prepare and participate in meetings as directed by the Deputy CEO.
Perform other duties as assigned."
Regional Sales Manager,480.0,2.0,Ho Chi Minh City; Binh Duong; Dong Nai,"Implement and supervise regional sales plans and activities to support sales performance.
Prepare reports evaluating the effectiveness of regional initiatives.
Manage, assign, and support sales staff to achieve and exceed sales targets.
Build, train, guide, and develop junior sales personnel.
Coordinate with the Tan Binh Office and other managed areas to optimize regional operations.
Collaborate with cross-functional teams to drive regional sales growth."
Sales Executive / Sales Representative,360.0,1.0,Binh Duong and Hanoi,"Market and sell company products in Vietnam to achieve growth and hit assigned sales targets.
Generate business leads for building materials and wood products and closely follow up on sales opportunities.
Monitor accounts receivable, ensure timely collection, and manage credit terms and limits.
Provide regular, timely sales activity reports and deliver periodic sales presentations.
Maintain the customer database and conduct market research, competitor analysis, and evaluation of new or existing products for management.
Participate in marketing campaigns (e.g., exhibitions) and fulfill other management requests."
Director of Agency / Director of Sales,800.0,5.0,Hanoi,"Support the General Director in managing and operating the agency's activities.
Develop business plans aligned with short-term and long-term objectives of the unit.
Establish processes, regulations, and guidelines for sales activities to ensure safety and efficiency.
Make investment and business decisions aligned with strategy to maximize profitability.
Be responsible for training, organizing the sales department structure, and managing all sales activities to meet company and agency targets.
Requirements: at least 5 years of leadership experience in the passenger car sector; strategic vision, strong leadership, and a passion for business."
Head of Sales - English Proficiency,600.0,3.0,Ho Chi Minh City,"Understand the market in the relevant industry and assist in projects from the board of directors.
Directly search, approach, and expand the customer and supplier base across restaurants, hotels, and franchises in Ho Chi Minh City and southern provinces (including Da Nang and Nha Trang).
Engage with customers to understand and create demand; negotiate to achieve business results.
Analyze market conditions and competitors to identify strengths, weaknesses, and opportunities within the same field.
Develop sales plans based on customer preferences to maintain and grow relationships; propose business options to ensure optimal company performance.
Manage and train the sales team to become company ambassadors; plan and oversee monthly/weekly work plans and ensure achievement of revenue targets; monitor performance and prepare regular reports for leadership."
Area Sales Manager (OTC Channel),720.0,3.0,Hanoi and 5 other locations,"Responsible for OTC channel sales targets and the assigned regional area, ensuring growth and achievement of objectives.
Collaborate with other departments to develop sales policies and incentive programs for the field sales force and medical representatives.
Recruit, manage, and develop the sales team (medical representatives) and monitor performance.
Build and maintain relationships with customers, pharmacies, and drugstores in the assigned area; receive orders and coordinate with Sales Admin.
Collect accurate market data and feedback to support Marketing activities and competitive analyses.
Coordinate with Sales Admin and Warehouse to monitor sales, forecast demand, manage inventory, minimize stockouts and near-expiry products, and ensure timely distribution.
Work with Accounting and HR to calculate salaries, incentives, and selling expenses for the medical representatives; ensure proper financial processes."
Real Estate Sales Consultant,280.0,0.0,Hanoi,"Identify and approach potential clients, and present the company's real estate products to them.
Advise and support clients during transactions, including assisting with procedures and contract negotiations.
Update real estate market information and quickly understand client needs.
Maintain existing clients while expanding the pool of potential clients for the company.
Participate in developing business and marketing strategies, and propose marketing approaches.
Report sales activities to management and contribute to a growth-oriented, uncapped income potential."
"Software Developer (Web Developer, App Developer)",1000.0,0.0,Ho Chi Minh City,"Responsible for designing modules, developing, and delivering the company's software applications.
Responsible for coding and unit testing.
Participate in programming and detailed design of functional components.
Study requirements, analyze, design, research new technologies, and propose solutions to apply to products and services.
Review change requests related to business operations; participate in system analysis and design.
Collect and process design and technical requirements; optimize and upgrade source code to improve efficiency, stability, and security.
Maintain and develop existing websites, code, and data structures."
Marketing Planner Specialist,600.0,2.0,Hanoi,"Conduct market research, competitive analysis, understand customer behavior, branding, and product to collect and analyze data for marketing communications.
Develop an integrated plan aligning Branding and Performance for brands across digital platforms such as Facebook, Website, TikTok, Shopee, Offline, and Communities.
Execute and oversee cross-channel marketing activities across platforms.
Measure and analyze campaign performance, monitor KPI and ROI, and provide recommendations to improve campaign effectiveness.
Coordinate resources from Brand and internal teams (UpBase: Designer, Content, Growth, Media) to implement plans, measure data, and optimize results.
Research trends on current and new platforms to proactively plan and deploy new development directions.
Directly report to management on plans and results."
Sales Executive / Consultant,400.0,1.0,Ho Chi Minh City,"Identify and prospect potential clients; provide consultative selling to close orders.
Manage and leverage existing customer databases.
Negotiate design and construction contracts.
Monitor contract execution and coordinate with Customer Service and Purchasing to fulfill orders for partners.
Requirements: college or university degree in business administration, commerce, construction, architecture, foreign trade, languages, or related design/interior design/arts fields; 1 year of experience (preference for experience in hotels, materials, interior, or industrial product marketing).
Demonstrate strong communication, creativity, dynamism, and high responsibility toward work."
Regional Business Manager - Northeast (ASM) FMCG,760.0,2.0,"Hanoi, Vietnam","Develop and execute monthly, quarterly, and annual sales plans to achieve targets.
Manage, support, and grow the distribution channel network across assigned regions.
Collaborate with Marketing to implement Trade Marketing programs and brand activation at points of sale.
Identify and recruit new distributors; support and develop existing partners; build regional sales team.
Ensure compliance with company policies; monitor field operations and report to the National Sales Director.
Conduct market research, analyze sales data and product quality; propose actions to grow product sales.
Oversee logistics and merchandising within the region (delivery, warehousing, displays, equipment); travel as required."
Java Developer (Japanese language),800.0,0.0,"Hanoi, Vietnam","Design and develop new software applications leveraging Microsoft technologies including SharePoint, Translation API, and Azure.
Propose technical solutions and improve software development processes.
Maintain and upgrade existing systems related to university data management in Japan; ensure stability and performance through testing and optimization.
Analyze requirements and design systems; collaborate with clients and stakeholders to meet needs.
Manage project timelines and collaborate with the development team to deliver tasks on time."
System Administrator,720.0,2.0,Hanoi,"Deploy and configure security solutions within the cybersecurity product ecosystem for enterprise clients.
Organize deployment of ATTT solutions per signed contracts, including lab setup, environment preparation, resources, configuration, and service delivery according to SLA.
Troubleshoot issues on customer sites to ensure service level agreement compliance.
Manage deployment resources to ensure quality and timely delivery of cybersecurity solutions.
Train users and hand over security products to clients after deployment, ensuring service quality as committed.
Maintain and upgrade product versions for customers, ensuring synchronized updates and access to the latest releases."
Consultant - Fixed Salary Up To 15 Million VND/Month + Commission Up To 75% + 100% Marketing Data Support,2000.0,0.0,Ho Chi Minh City,"Develop and implement sales plans to achieve company targets.
Sell a diverse portfolio of properties including apartments and villas in Ho Chi Minh City and other areas such as Nha Trang.
Advise clients directly based on existing data or potential data gathered from marketing channels.
Maintain and expand relationships with clients based on their needs and preferences.
Present and guide clients through showrooms and projects distributed by the company.
Receive comprehensive training and enjoy opportunities for career advancement within the company."
Head of Sales,720.0,3.0,"Dong Nai, Ho Chi Minh City","Lead the sales department, manage and operate the company's sales and marketing activities.
Develop organizational structure, operational processes, business plans, and sales strategies aligned with overall company goals to achieve business results.
Directly oversee all sales and marketing activities to ensure effective execution.
Set pricing policies and establish marketing policies for approval by the board of directors.
Build, develop, and maintain a customer system, identify potential customers, and expand the market.
Requirements: university degree in economics-related fields; 25-45 years old; minimum 3 years of experience in a similar role; strong English communication; leadership and management skills; market analysis, planning, and strategic execution capabilities; negotiation and communication skills; dynamic, proactive, and responsible; experience in cold storage, radiation, or logistics-related fields is a plus."
Senior Frontend Developer - Java Specialist,1600.0,0.0,Ho Chi Minh City,"Develop and maintain web applications using Angular, TypeScript, and ReactJS; ensure UI/UX feasibility and build reusable components.
Lead refactoring of existing Angular projects to improve performance and maintainability; implement code quality and architecture best practices.
Provide technical leadership by mentoring junior developers, conducting code reviews, and staying updated with frontend trends.
Collaborate with designers, product managers, and backend teams to deliver high-quality products; participate in agile ceremonies and sprint planning.
Ensure responsive design using modern CSS/HTML5; contribute to frontend testing with Jasmine, Karma, or Jest.
Demonstrate strong problem-solving, communication, and collaboration skills; manage multiple tasks effectively."
Solution Architect - Application Architecture for Banking and Financial Services,1500.0,4.0,Hanoi,"Analyze system requirements and determine design approaches for enterprise banking applications (core banking like T24, CLOS, Treasury, Trade Finance, asset management, limits management, etc.).
Plan and design the application system architecture, including technology choices, system modeling, and interface definitions between components.
Ensure scalability, modularity, and extensibility of the system.
Coordinate with cross-functional development teams to ensure architectural implementation is delivered on schedule.
Monitor and evaluate system performance, propose improvements, and implement necessary optimizations.
Demonstrate strong banking domain knowledge and apply best practices in application design, technology selection, performance criteria, and Agile-driven development."
Business Analyst,3400.0,2.0,Hanoi,"Develop and maintain analysis documents, detailed business requirements, user requirements, and product functionality specifications prior to handing over to development teams or relevant partners.
Advise clients on requirements changes between legacy and new platforms to ensure aligned expectations and proper scope.
Create UAT test scenarios and assist end users throughout the product application testing process.
Prepare user manuals and usage guides for end users to facilitate adoption and effective use of the product.
Serve as the main point of contact for support, training, and business process guidance with clients, partners, and internal teams during project deployment.
Requirements include a degree in foreign languages or IT, at least 2 years of BA experience in IT, fluency in Japanese (N1 level) across listening, speaking, reading, and writing, and a passion for product research and high-value product development."
Key Account Staff,400.0,0.0,Hanoi,"Build and maintain long-term relationships with key clients, identify growth opportunities, and develop tailored account plans.
Identify and establish B2B and B2C partnerships aligned with the company's strategic goals; negotiate contracts and advocate for client needs.
Collaborate with Sales and Marketing teams to expand the client base and ensure successful execution of business strategies.
Support market positioning and marketing campaigns; contribute to brand promotion and provide market insights for customized sales materials.
Track account performance, report on marketing initiatives and growth, and provide actionable insights to improve strategies and outcomes.
Qualifications: Undergraduate degree in Business, Marketing, or related field; experience in account management or business development preferred; strong negotiation and communication skills; English proficiency (IELTS 6.0)."
Head of Sales,600.0,1.0,Hanoi,"Develop and implement sales plans to achieve the specified revenue targets.
Maintain and grow relationships with corporate clients; expand strategic partnerships and identify potential partners and enterprise customers.
Coordinate with the accounting department to monitor receivables and drive timely collection of debts.
Continuously monitor competitors and competing products; propose solutions to sustain and boost business in the product lines: massage chairs, treadmills, etc.
Collaborate with cross-functional teams to ensure effective sales operations and customer satisfaction.
Requirements: Excellent communication, negotiation and persuasion skills; ability to manage, work independently and in a team; quick grasp of tasks; ability to work under high pressure; willingness to travel for provincial markets."
Assistant to the Deputy General Director,600.0,4.0,Ninh Bình,"Support the Deputy General Director in managing and operating business activities across golf and hospitality sectors.
Schedule and coordinate the Deputy General Director's calendar; oversee daily business operations.
Develop business strategies and assist in market expansion; participate in strategic meetings.
Build and maintain relationships with partners, suppliers, and VIP customers; represent at golf and resort events when needed.
Assist project initiatives, monitor progress, and report results to the Deputy General Director.
Handle administrative tasks including correspondence, reports, presentations; ensure clear internal communication."
Senior Wine and Spirits Sales Manager,600.0,3.0,Ho Chi Minh City,"Oversee sales planning, targets, and annual budgeting; conduct analysis and establish monitoring of business controls to drive revenue growth.
Develop and implement strategies to increase sales and collaborate with the Marketing department to create channel-specific sales support policies and marketing programs.
Analyze wine and spirits consumer trends and coordinate with relevant departments to offer products aligned with consumer preferences; diversify the product portfolio while meeting business criteria.
Recruit, orient, train, assign, plan, coach, supervise, and evaluate staff contributions; build and expand the sales network and manage territory allocation and subordinates' sales assignments.
Establish salary structures, set performance targets, and implement incentive policies aligned with business goals in the wine and spirits sector.
Stay updated on industry trends and propose appropriate adjustments; maintain a proactive approach to business development and market opportunities."
POD Store Manager,320.0,1.0,Hanoi,"Manage online storefronts on e-commerce platforms (Amazon, Shopify, Etsy, eBay, etc.).
Optimize product listings, images, and product details to attract customers.
Handle orders and resolve customer complaints.
Proficient in English to read documents and respond to emails from international customers (English certificate is a plus).
Bachelor's or associate degree in Marketing, E-commerce, or related fields; hardworking and creative.
Base salary 8-15 million VND per month, with performance-based bonus.
Located in Hanoi with a dynamic, collaborative work environment."
Regional Manager / Area Manager / ASM,480.0,1.0,Hanoi,"Oversee store operations and drive regional revenue across assigned stores.
Monitor and control costs including shrinkage, waste, staffing, energy, repairs, and other expenses to meet targets.
Ensure compliance with processes and guidelines for opening/closing shifts, inventory, revenue submission, QSC, security, safety, and labor regulations.
Manage equipment, tools, signage, and inventory to ensure smooth operations and alignment with standards; plan weekly stock levels and orders to meet company goals.
Develop and implement revenue-boosting initiatives, marketing programs, in-store promotions, and activities to attract new customers.
Build and maintain positive relationships with customers, colleagues, and property owners; promptly report incidents and operational issues; manage human resources and staff development, including recruitment and training."
Marketing Specialist - Real Estate,520.0,2.0,Hanoi,"Conduct product research and project analysis; prepare marketing proposals for the product including sending to developers, clients, and partners.
Develop detailed media plans with budgets and timelines; obtain approvals and sign-offs.
Implement plans to meet KPIs and coordinate with internal departments (AM, sales, design, PR/editing, admin, booking, sales-support, and others).
Monitor and report on communications and advertising activities for projects to clients and partners; collaborate with in-house marketing for coordinated sales marketing.
Identify new marketing channels and innovative approaches; support sales with direct marketing activities.
Plan and execute project events according to the plan; conduct post-implementation evaluations and compile marketing plan assessments; prepare periodic monthly/quarterly/annual internal reports and ad-hoc reports as required.
Control and guide marketing activities to align with company direction and regulations; report directly to the department head."
Real Estate Sales Associate - Residential Property (No Experience Required),400.0,0.0,Hanoi,"Learn and apply company-provided real estate knowledge through training.
Inspect properties listed for the company within its portfolio.
Post property advertisements on websites and local real estate groups.
Identify and engage potential clients, collect client information, and advise on suitable products with 1-on-1 coaching.
Consult and negotiate prices, and assist with post-purchase procedures as needed.
Receive ongoing training and support, with clear opportunities for career progression."
International Sales Executive,520.0,1.0,Hanoi,"Develop export markets for PVC foam and PVC profile products; identify and reach out to potential customers.
Collaborate with the technical department to answer customer inquiries about product specifications and features.
Request price quotes from the supervisor to prepare quotations for customers.
Negotiate quantity, sampling costs, and terms; send production sample requests to the factory.
Process orders, negotiate pricing, payment, delivery terms, and sign contracts with customers; notify the supervisor of orders.
Monitor delivery progress and update customers; coordinate with the accounting department to recover debts and handle feedback on quality, packaging, and shipping."
Branch Manager,400.0,3.0,Hanoi,"Recruit, mentor, and train employees.
Supervise and optimize branch workflows.
Manage day-to-day operations of the facility.
Handle parent inquiries and resolve complaints.
Oversee facility maintenance and assets.
Manage revenue and financial performance.
Ensure compliance with company policies and standards."
Sales / Consultancy / Real Estate Sales Associate,280.0,0.0,Hanoi,"Identify and approach potential clients and introduce the company's real estate products to them.
Advise and support clients during the transaction process.
Update real estate market information and quickly understand client needs.
Assist with transaction procedures and negotiate contracts.
Maintain and nurture existing clients while expanding the prospect pool.
Participate in developing business and marketing strategies; propose marketing options and business plans.
Report progress to management."
Business Analyst Leader (Japanese/ English),1500.0,4.0,"Hanoi, Vietnam","Gather and analyze business and system requirements from regional partners in finance across multiple countries (Singapore, Japan, Thailand, Hong Kong, Indonesia, India, etc.).
Translate requirements into design specifications and collaborate with the development team to address Q&A and resolve solutions or issues.
Support the project manager in task assignment and team management to ensure smooth project execution.
Assist in testing and verification of bugs before handover to the client.
Lead and develop a team of 3-4 business analysts; train successors and build capability within the team.
Require university degree in Information Technology, Business, Finance or related field; at least 4 years of IT BA experience and at least 1 year in a BA Lead role; strong logical and flexible thinking; proficiency in English and Japanese."
Sales Representative - Electronics Components Distribution in Hanoi,320.0,0.5,Hanoi,"Collect information about distributors, identify and develop new distribution channels for electronics components.
Negotiate, finalize, and sign sales agreements with distributors; maintain existing business relationships and process orders.
Establish new business relationships by planning and organizing meetings with assigned regional customers; manage and schedule activities.
Propose and implement promotional activities and product marketing programs to drive sales performance.
Coordinate with the accounting/collections team to manage accounts receivable and debt collection; plan weekly and monthly activities for management approval.
Participate in and support events with customers (launches, seminars, sales staff training); travel as required; continuously develop sales skills and product knowledge."
Game Backend Developer,800.0,0.0,Hanoi,"Develop and maintain backend systems for mobile game products using Node.js.
Design and implement scalable, high-performance architectures to support large user volumes.
Optimize systems for high concurrency and performance; ensure stability and scalability.
Collaborate with frontend team and Game Designers to implement features.
Troubleshoot, diagnose, and resolve issues to ensure continuous system operation; participate in incident analysis.
Requirements: minimum 2 years of Node.js experience; backend development for online applications or games; strong JavaScript and Node.js proficiency; experience with Express.js or Koa.js; experience with NoSQL (MongoDB, Redis) and SQL (MySQL, PostgreSQL); understanding of WebSocket, RESTful APIs, and microservices; experience with caching and performance optimization; knowledge of web and game security; Git and CI/CD familiarity; ability to work independently and in teams; good problem-solving and communication skills; passion for game development."
Fresher ReactJS,240.0,0.0,Hanoi,"Participate in a 3-month intensive ReactJS training program to build foundational and advanced front-end skills for large-scale projects.
Develop strong proficiency in JavaScript and modern web frontend technologies (HTML5, CSS3, Bootstrap 4, ES6, TypeScript) and ReactJS.
Learn and apply RESTful web services, Git, Visual Studio Code, Jest, ESLint/Tslint/Prettier, and Postman as part of the tech stack.
Undergo professional software development process training to meet international standards and practice coding with experienced engineers.
After training, join projects with opportunities to grow as a key member on frontend/web/cloud projects across domains such as e-commerce, logistics, aviation, and healthcare.
Requirements: current student or soon-to-graduate in IT-related fields; minimum GPA 2.8; strong programming mindset with knowledge of HTML/CSS/JavaScript; interest in Python and full-stack path; internship or work experience with ReactJS preferred; ability to work full-time Mon-Fri; good English communication is preferred."
Technical Leader,1600.0,5.0,Hanoi,"Create high-quality applications and solutions; analyze requirements, and design and develop functionalities based on project requirements.
Continuously optimize the product and development process; identify and fix issues; improve stability and availability of the product.
Coordinate with internal teams to understand user requirements and provide technical solutions.
Work on assigned tasks by a direct manager and coordinate among teams.
Fluent in verbal and written English; from 5 years of experience in developing web, web-apps, and applications, with extensive experience in Java, C#, JavaScript.
Be structured, solution-oriented, with a quality mindset and good problem-solving skills; possess strong communication, mentoring, and leadership capabilities; able to discuss with clients to clarify requirements and propose creative ideas."
Chief Technology Officer (CTO) – Assistant to the Board of Directors,1600.0,5.0,Hanoi,"Lead project deployment management across software, automation, and network systems; directly oversee software domain operations.
Advise executive leadership on product strategy and technology direction.
Develop and mentor technical teams; build capabilities across IT disciplines.
Require 5–10 years of software development experience and 3–5 years in roles such as Product Owner, Product Manager, Project Manager, Tech Lead, or Solution Architect.
Demonstrate leadership in managing IT projects with teams of 20+ members; plan, allocate resources, and ensure on-time delivery and quality.
Communicate with clients, negotiate, resolve issues; support training and development; English proficiency required."
Business Manager - Export-Import,600.0,2.0,Ho Chi Minh City,"Oversee all export and import operations for the company, ensuring compliance with procedures and documentation.
Manage and verify export-import documents, contracts, and customs filing; ensure accuracy of records at customs clearance.
Represent the company in meetings with customs authorities and classify duties as needed.
Monitor shipments during transit and stay updated on changes to export-import laws and regulations.
Advise on customs procedures, insurance requirements, and other related matters; plan and develop business strategies to meet targets.
Lead and train staff; study market trends and propose growth strategies; develop marketing activities to build the brand and ensure service quality."
IT Help Desk Technician,360.0,0.0,Ho Chi Minh City,"Responsible for IT asset management including computers, desk phones, cameras, projectors, scanners, printers, and other IT equipment.
Assemble/replace/repair/upgrade computer hardware and peripherals.
Install operating systems and software on end-user PCs for office and project teams.
Set up network cabling and workstation seating for new staff or projects; manage accounts and IT infrastructure (domain controller, access, internet monitoring).
Coordinate with departments to prepare deployment information and update adjustments; monitor and process user requests related to systems, software, and hardware.
Troubleshoot network and end-user device issues; ensure reliability of internal network."
Area Sales Manager (OTC Channel),720.0,3.0,Hanoi and five other locations,"Manage OTC channel sales targets and oversee the assigned geographic area.
Collaborate with other departments to develop sales policies and compensation plans for sales representatives.
Recruit, train, manage, and evaluate Medical Representatives.
Build and maintain relationships with customers, pharmacies, and drugstores in the area; take orders and coordinate with the sales admin.
Collect accurate market feedback to support marketing activities; coordinate with Sales Admin and Warehouse to monitor sales, stock levels, and timely distribution to prevent stockouts and expired items.
Collaborate with Accounting & HR to calculate salaries and sales incentives."
Sales/Consulting/Telesales Specialist,240.0,0.0,Hanoi,"Conduct outbound calls to advise customers using hot data with identified demand provided by the company
Do not work with cold data; focus on customers in the education and training sector
Engage in consultation and sales discussions with customers; emphasis on communication skills
Female GEN Z candidates preferred; fresh graduates or applicants with no experience will be trained
Personal laptop is required; candidates should exhibit honesty, meticulousness, logical thinking, quick-wittedness, enthusiasm, flexibility, and responsibility
Based in Hanoi; 5-day workweek with weekends off"
PHP Laravel Developer,600.0,0.0,"Hanoi, Vietnam","Develop PHP Laravel backend and participate in analytical solution design and technical architecture for project requirements.
Contribute to the entire product development lifecycle, diagnose and fix issues encountered during development.
Provide reporting and propose improvements to enhance project quality; compile and report team work.
Requirements: at least 1 year of experience with PHP backend framework Laravel; frontend experience with Bootstrap and jQuery; experience in blockchain or finance is a plus; proficient with databases (MongoDB, PostgreSQL) or NoSQL/Cache; Linux, Nginx, Node.js experience is advantageous; strong responsibility and problem-solving skills; age under 30.
Benefits: salary up to $1000 (negotiable at interview) plus attractive bonuses; statutory insurance and other benefits per Labor Law; work from Monday to Saturday (two Saturdays per month); annual salary review; dynamic and professional work environment; provision of necessary equipment.
Location: Hanoi, Vietnam (236 Le Thanh Nghi, Hai Ba Trung)"
Business Development Manager (Remote),1000.0,3.0,Ho Chi Minh City,"Develop and implement business strategies for growth.
Analyze market trends, customer needs, and competitive factors to adjust advertising and sales strategies.
Monitor and evaluate sales team performance and implement improvements to productivity.
Manage client relationships and ensure high levels of customer satisfaction.
Provide regular reports on business results and propose strategic improvements.
Ensure commercial strategies align with the company's overall objectives."
IT Support,600.0,1.0,Hanoi,"Install and manage development and staging environments, including new web servers, PHP databases, and memory storage systems.
Manage data storage, backup and restore, and configure web/app services.
Operate and monitor web/app servers, email, storage, and related infrastructure.
Upgrade and optimize configurations of existing servers; improve access and analyze error logs (nginx, td-agent/logstash, Elasticsearch, Kibana).
Manage virtual machines (VMware, XenServer) and ensure system reliability.
Provide technical support for computer, software, and network incidents; monitor systems and devices; plan maintenance and rapid remediation.
Track and manage IT assets; plan hardware and software upgrades; propose improvements to IT operations."
Regional Sales Manager - Northwest region (FMCG),760.0,2.0,Northern Vietnam,"Develop monthly, quarterly, and yearly business strategies to achieve sales targets for the assigned region.
Be responsible for overall sales results and ensure compliance with defined KPIs.
Manage, support, and develop the distribution channel network; collaborate with Marketing on Trade Marketing programs and brand awareness at points of sale.
Recruit, train, and develop the regional sales team; monitor performance and provide guidance for daily operations.
Oversee delivery, warehousing, merchandising, and equipment in the area; ensure timely reporting to the National Sales Director.
Analyze market data and product quality, compare with competitors, and propose actions to drive regional sales growth."
Regional/Area Manager / ASM,720.0,1.0,Hanoi,"Oversee store operations and regional revenue management across assigned outlets.
Monitor costs and waste, including cancellations, shrinkage, personnel, energy, repairs, and other expenses.
Ensure compliance with processes and regulations, including opening/closing shifts, inventory, revenue submission, quality, safety, and labor standards.
Manage equipment and signage to ensure proper functionality and up-to-date standards.
Plan inventory and sales activities, place orders, and adjust stock weekly to meet company targets for revenue and cost optimization.
Lead recruitment and training of staff, schedule shifts, manage attendance, communicate new policies, and address store-level issues to maintain a positive work environment."
Sales Manager (New ALPHA Project),1400.0,1.0,Hanoi,"Develop and implement business plans to drive sales growth.
Expand the customer base and manage the sales pipeline.
Supervise daily sales activities and support customers before, during, and after the sales process.
Build and maintain a personal brand on social platforms such as TikTok, Zalo, and Facebook.
Requirements: college or university degree; age 25-40; interest in sales, consulting, professional appearance, and a strong desire to learn; preferably experience in sales, banking, or insurance.
Location: Hanoi, Lotte Center Hanoi, 54 Lieu Giai, Ba Dinh District."
Driver for Chief Executive Officer,480.0,5.0,Hanoi,"Transport the CEO between locations in Hanoi (e.g., Pham Hung, My Dinh to La Khe, Ha Dong) and surrounding areas as requested.
Manage company travel needs for staff for business trips within Hanoi and neighboring provinces.
Perform other duties as assigned when not engaged in driving tasks.
Requirements: valid B2 driving license with at least 5 years of driving experience; unfinished secondary education (Trung Cap) acceptable.
Preferred candidate resides in My Dinh, Hanoi, and has experience driving Kia Sedona or Carnival.
Ability to start work immediately and maintain professional chauffeur standards."
Sales Manager,480.0,3.0,Hanoi,"Build, manage, and develop the sales team.
Train and coach sales staff to improve skills and performance.
Monitor and evaluate sales staff performance on a regular basis.
Ensure achievement of business targets in revenue, market share, and product coverage.
Develop market development strategies, identify new customers, and maintain relationships with existing customers.
Track daily sales activities and support issue resolution; prepare periodic sales reports and analyze results."
"Banking Telesales Officer in Dong Da, Hanoi",320.0,0.0,Hanoi,"Conduct telesales for MB Bank via two channels: OB Service and OB Sale, following predefined scripts.
Provide product consultation and customer care to customers according to the script.
Support quality service and remind customers of payments as required by OB Service.
Position located in Hanoi, Vietnam.
Requirements: aged 20-33, high school diploma or higher, clear pronunciation and communication, prior customer service or sales experience is advantageous.
Open to both male and female applicants."
Medical Sales Representative / Business Development Lead,360.0,1.0,"Hanoi and Ho Chi Minh City, Vietnam","Plan and execute sales activities in the assigned area.
Have strong knowledge of product features, benefits, and policies to effectively inform customers.
Understand customer needs to provide consultative selling and tailored recommendations.
Identify and secure new customers while maintaining and nurturing relationships with existing clients.
Monitor and coordinate debt collection support with the Accounting Department for responsible customers.
Research and summarize competitor information encountered in the market; meet minimum degree and experience requirements.
Perform additional tasks as required per role."
Marketing Photo/Video Specialist,400.0,1.0,Hanoi,"Take photographs and shoot videos, and edit video and images.
Collaborate with the team to plan content, content strategy, and scripts.
Contribute ideas and implement marketing campaigns.
Coordinate with Content and team members to produce high-quality content.
Build and manage image and video content on the website and social media.
Develop a repository of company and project image assets.
Be responsible for creative editing of marketing product content."
IT Project Manager (Base Tech),2400.0,3.0,Hanoi,"Manage IT projects in collaboration with a Japanese partner.
Establish and optimize workflows, software development processes, and software quality management procedures.
Participate in project governance for the company's product development initiatives.
Perform project estimation, monitor progress, and manage project risks.
Conduct interviews, assess capabilities, and assign tasks to engineers within the project team.
Provide progress reports, evaluate personnel performance, and propose solutions to senior management."
Sales Manager,480.0,2.0,"Hai Duong, Vietnam","Manage all business and sales activities for the company, driving revenue and growth.
Plan and implement tasks to achieve assigned revenue targets and KPIs.
Allocate targets, monitor progress, and coach the sales team to meet objectives.
Develop and expand relationships with schools, educational centers, and parents; provide direct guidance on educational products, printing, publishing, and school experience programs.
Conduct market and customer research, monitor competitors, and inform strategic decisions.
Handle post-sales issues, including complaints and inquiries beyond frontline staff, and manage contracts and payment procedures with customers."
Sales Representative / Telesales / Admissions Counseling / Sales Advisor,480.0,0.0,Hanoi,"Provide consultation and answer questions about TOEIC and IELTS courses offered by the organization.
Utilize company-provided marketing data, with 80-90% warm leads, to drive engagement.
Take direct responsibility for achieving assigned sales targets; identify, engage, and nurture new customers.
Search for and develop potential customers through media, social networks, forums, events, flyer distribution, and partner outreach.
Study market information and competitors; report findings on a regular basis.
Perform tasks as directed by the direct supervisor; prefer candidates who enjoy business, counseling, and are open to education or creative, innovative work; strong telesales skills and clear pronunciation are advantageous; knowledge of English is a plus."
Front End Developer (Angular),960.0,0.0,Hanoi,"Develop the front-end layer of the website and collaborate with the backend team to implement optimized user interfaces for the product.
Implement UI for product interfaces with the goal of a polished, high-quality front-end experience.
Work onsite at the client's office in central Hanoi.
Require at least 3 years of front-end experience, with at least 2 years in Angular; strong knowledge of JavaScript/TypeScript, and modern front-end tooling.
Familiarity with UI frameworks such as Ant Design, Bootstrap, or PrimeNG; experience with forms and Angular form validation; proficient in English reading."
Sales Administrator / Business Assistant - Home Appliances (Retail Chain) - Female,320.0,1.0,Hanoi,"Assist management in operating a chain of official home appliance retail stores.
Responsible for updating promotional programs and managing stock levels.
Brainstorm ideas with sales staff and implement in-store displays and changes at sales points.
Coordinate and support sales promotions in mall lobbies and retail areas.
Assist in recruiting sales staff when needed.
Perform other tasks as assigned by the company and direct supervisor."
"Sales Executive (Korean, English)",400.0,2.0,"Ho Chi Minh City, Hanoi","Maintain relationships with existing customers on a regular basis.
Prepare quotations and negotiate with customers.
Update customer and order information in the company software.
Coordinate with the accounting department to monitor contracts and payment status.
Collaborate with other departments to deliver the best possible service to customers.
Perform other tasks assigned by superiors.
Report work progress to the department head."
Regional Manager - ASM (Traditional Channel Dealer Network),800.0,2.0,"Hanoi, Vietnam","Manage the assigned regional area and develop the market for agricultural machinery and household equipment, identifying new customers within the region.
Plan and execute sales activities to meet company targets, conduct field visits, and maintain customer relationships.
Update price lists, new products, sales policies, and promotions for customers.
Gather market intelligence on competitors and provide market assessments to the supervisor.
Coordinate with relevant departments to address customer complaints regarding product quality, delivery time, and warranties; liaise with accounting to collect receivables from managed customers.
Prepare periodic weekly and monthly reports and perform other tasks as assigned by the department head."
"Sales Assistant / Real Estate Advisor (Supporting Potential Data, Base Salary 7-16 Million VND + Commission + Bonuses) - Hanoi / Hai Phong",280.0,0.0,Hanoi / Hai Phong,"Identify and approach potential customers and present the company's real estate products.
Advise and support clients during transactions, including documentation and negotiation assistance.
Update market information and quickly understand client needs in real estate.
Maintain and grow existing client relationships while prospecting new clients.
Contribute to business and marketing strategies; propose marketing approaches and business plans.
Report status to management; receive training and have opportunities for professional growth."
Middle IOS Developer (Swift),600.0,0.0,Hanoi,"Analyze and design development workflows for iOS mobile applications to ensure high quality, performance, and optimal user experience.
Evaluate, analyze, upgrade, and optimize source code during the development process.
Work across various technology domains and diverse products.
Participate in the full product lifecycle from requirements analysis to deployment and maintenance.
Require experience building native iOS applications using Swift with at least 2 years of experience; experience integrating SDKs and libraries."
Senior Java Developer,1200.0,3.0,Hanoi,"Participate in analyzing and designing product architecture to handle required traffic.
Develop Java core/Java Web, APIs using the company core framework or frameworks such as Spring Boot, Spring MVC, Hibernate, JSP, AngularJS, and JavaScript depending on the product or project.
Contribute to the development of product/service systems by building modules and collaborating with BAs and Testers to fix bugs and merge code; establish project bases for projects.
Integrate and deploy products on Linux environments; coordinate with other departments to deploy, operate, and maintain developed products and services.
Review code of team members and write technical documentation; ensure code quality and maintainability.
Work with SQL databases (Oracle/MySQL), understand Linux, and utilize Git/SVN or other source control tools; knowledge of Spring Security or OAuth2 is a plus."
Pharmaceutical Sales Manager,720.0,2.0,Long An and 7 other locations nationwide,"Advise the Board of Directors on sales plans and market development.
Manage OTC Medical Representatives to achieve monthly, quarterly, and yearly sales targets.
Support销售 representatives in field activities and resolve arising issues.
Supervise debt collection from customers and report sales performance to the Board.
Build and develop the current customer base and identify potential customers in the region.
Coordinate with Marketing to implement promotions and after-sales programs for customers.
Collaborate with HR to recruit personnel, allocate targets, train, and monitor the performance of the sales force."
Business Manager,400.0,1.0,Ho Chi Minh City,"Develop and maintain relationships with customers; provide financial solutions to meet their needs.
Plan and manage the sales team; coach and support staff to achieve revenue targets.
Propose and implement business strategies; drive sales for the team and individuals.
Conduct after-sales care to enhance company reputation and customer loyalty.
Requirements: minimum 1 year of experience in sales; preference for experience in finance, banking, business administration, or marketing.
Education: college degree or higher; strong communication, negotiation, teamwork and leadership; high responsibility and ability to work under pressure and meet targets."
Sales Administrator / Business Assistant - Home Appliances and Kitchenware (Female),320.0,1.0,"Hanoi, Vietnam","Support management in operating a chain of official home appliance and kitchenware retail stores.
Track and process orders from online sales channels, including online platforms, livestreams, and e-commerce platforms.
Coordinate with relevant staff, departments, carriers, and customers to ensure timely delivery and prompt collection of payments.
Update promotional programs and manage inventory; implement and support sales initiatives in retail lobbies.
Perform other tasks as assigned by the company and direct supervisor.
Requirements: Honest, energetic, good communication, and strong teamwork; passion for sales; knowledge of marketing and a good aesthetic sense."
Intern Frontend Developer (Japanese Proficiency at least N4),168.0,0.0,Ho Chi Minh City,"Collaborate with senior developers to design and develop user-friendly web interfaces.
Implement front-end functionality using JavaScript, jQuery, HTML, and CSS with clean, efficient, and maintainable code.
Integrate front-end with RESTful APIs to fetch and manipulate data and ensure a responsive UI.
Perform thorough debugging using browser developer tools and adhere to debugging best practices.
Participate in code reviews, learn new technologies, and demonstrate strong problem-solving and communication skills.
Be a final-year IT student or recent graduate; willing to internship full-time with potential for full-time employment; knowledge of OOP, version control (Git/SVN), and Japanese language at N4 or higher."
Sales Executive - Interior and Exterior Decoration Materials,280.0,1.0,Ba Ria-Vung Tau,"Sell wholesale and retail at a store and via online channels (Zalo/Facebook) for interior and exterior decoration materials such as floor coverings, wood-plastic composites, aluminum and plastic ceiling panels, aluminum composite panels, stone-look plastic panels, drywall materials, partition boards, smartwood, PU moldings, PS, smartboard, Duraflex accessories, and other decoration items.
Provide quotations, product colors, item codes, and current stock levels to customers.
Handle sales orders, inventory management, and invoicing using Kiot Viet software; print orders as needed.
Assist with price quotes, product specifications, stock checks, and customer communications.
Manage cash receipts, accounts receivable, order processing at the store, and coordinate item pickup or delivery.
Prepare orders for pickup, enter orders into the system, print documentation, and arrange driver delivery; collect payments from customers.
Produce daily, weekly, monthly, and quarterly sales reports and perform other sales-related tasks as required."
Branch Operations Manager (Beverage Preparation),720.0,3.0,Nghe An,"Ensure branch meets revenue targets by developing and monitoring sales plans and executing them effectively.
Manage recruitment, training, and development of staff; design organizational structure aligned with branch operations and collaborate with HR for staffing needs.
Control costs, assets, and equipment; monitor raw material usage and reduce losses or damage.
Oversee branch operations, coordinate departments to ensure stable and efficient business performance; supervise staff and resolve issues as they arise.
Deliver customer service excellence by implementing and monitoring customer feedback programs and directly addressing complaints with optimal solutions.
Provide regular reporting on business performance to the General Director, including monthly sales reports and safeguarding confidentiality of business information."
Business Analyst,1400.0,3.0,Hanoi,"Collaborate on Salesforce-based projects by capturing and analyzing business requirements from clients.
Contribute to key deliverables such as Business Requirements Document (BRD), Functional Specification Document (FSD), System Requirements Specification (SRS), and related documents.
Advise and support various business units to ensure customer requirements are understood and implemented correctly.
Create User Stories and model business processes to ensure transparency and efficiency of solutions.
Configure and optimize Salesforce features, including user management, custom objects, sharing rules, and more.
Assist in data modeling and database design, and administer Salesforce system operations."
Head of Sales Department,720.0,3.0,"Dong Nai, Ho Chi Minh City","Build and manage the organization's sales structure and lead the sales and marketing department to achieve business results.
Develop operating processes, plans, and sales strategies aligned with the company's goals to achieve set business targets.
Directly oversee all sales and marketing activities to drive effective performance.
Establish pricing policies and marketing policies for approval by the board of directors.
Build, develop, and maintain the customer system, identify potential clients, and expand the market.
Requirements: University degree in economics, business administration, economics, marketing, logistics, or related fields; 3+ years of experience in a similar role; strong English communication; leadership and management skills; market analysis, planning, and strategy implementation; negotiation and communication skills; dynamic, proactive, and responsible."
Outpatient Department Nurse,360.0,1.0,Ho Chi Minh City area; Binh Duong; Dong Nai,"Provide quality patient care in the outpatient setting by accurately triaging and directing patients to appropriate specialty clinics.
Communicate effectively to enhance patient service quality.
Educate patients on health care and self-care.
Perform nursing care according to professional regulations and hospital policy; assist physicians.
Carry out basic nursing procedures across specialties as ordered; admit patients, manage scheduling, and assist in examinations.
Maintain patient records, manage medical charts and administrative procedures; ensure infection control and safety."
Sales Executive (MT Channel),320.0,2.0,Da Nang,"Region of responsibility: Da Nang, Quang Ngai, Quy Nhon.
Store coverage includes supermarket chains (Go!, Coopmart, Vinmart, MegaMarket, Lotte) and Minimart/CVS/Premium stores.
Accountable for monthly and annual sales targets and revenue performance.
Acquire and apply in-depth product knowledge; execute promotional activities and programs.
Guide and inspect product displays; monitor product shelf life and inventory levels.
Develop relationships with key departments/categories; monitor market conditions and propose regional support activities."
Sales and Interior Design Consultant,1000.0,1.0,Hanoi,"Identify and advise clients on interior design and construction services through various channels.
Compile and prepare quotes for clients.
Coordinate with relevant departments to monitor contract execution and resolve issues to ensure client satisfaction.
Maintain client relationships during and after handover of products or services.
Support marketing and communication activities related to interior design projects.
Perform additional duties as assigned."
Project Management and Advisory Specialist,600.0,5.0,Hanoi,"Prepare and translate project documents and participate in meetings with international partners.
Support project management activities and monitor progress with regular reporting.
Coordinate communication with stakeholders and assist in coordinating project tasks.
Manage project records and documentation for easy retrieval and compliance.
Assist in budgeting planning and cost control activities.
Requirements: minimum 5 years of experience in auditing, finance, business administration, or corporate consulting; university degree (preferably in Business Administration from top Vietnamese universities); strong English proficiency; IELTS 6.5 or TOEIC 750 or higher."
Key Account Staff,400.0,0.5,Hanoi,"Manage and strengthen relationships with key clients and drive business development.
Identify and establish B2B and B2C partnerships aligned with the company's strategic goals.
Collaborate with Sales and Marketing teams to expand the client base and execute business strategies.
Build long-term relationships with key clients, develop tailored account plans, negotiate contracts, and advocate for client needs.
Support market positioning, marketing campaigns, brand promotion activities, and provide market insights.
Track account performance, report on marketing initiatives and growth, and provide actionable insights to improve strategies."
System Administrator (Level 2),1500.0,3.0,Hanoi,"Design, configure, and troubleshoot client systems remotely.
Advise and take responsibility for system solutions and projects related to systems, including operation and troubleshooting of servers, storage, and hardware chassis.
Manage Windows and Linux operations.
Deploy, operate, and troubleshoot virtualization platforms (VMware vSphere and Microsoft Hyper-V).
Deploy, operate, and troubleshoot backup systems (Backup Exec, Veeam, NetBackup, CA Arcserve).
Manage Microsoft environments: Active Directory, Exchange, File Services, Printer Services, WSUS, System Center, Microsoft 365; develop system capabilities for the Managed Service team.
IT/IS degree required; 3-5 years of administration and deployment experience; certifications such as Linux LPI-2, Windows MCSE, VMware VCAP-DCV; knowledge of ITIL processes; English communication preferred; ability to work under pressure and overtime."
Sales Manager,400.0,1.0,Ho Chi Minh City,"Identify, develop, and maintain relationships with clients while providing suitable financial solutions to meet their needs.
Plan and manage the sales team, guiding and supporting staff to achieve revenue targets.
Propose and implement business strategies to drive sales for both group and individual performances.
Provide after-sales care to enhance the company’s reputation and build customer loyalty.
Collaborate with cross-functional teams to execute sales initiatives and ensure customer satisfaction.
Required at least 1 year of sales experience; preferred candidates with finance, banking, business administration, or marketing backgrounds.
Education: college degree or higher; strong communication, negotiation, teamwork, leadership, responsibility, and ability to work under pressure."
Sales/Consultant for Beverage Preparation Courses,280.0,1.0,Ho Chi Minh City,"Advise and assist customers on company services, including Beverage Preparation Courses and the associated ingredients provided by the company.
Close orders and participate in contract signing activities.
Handle customer inquiries via chat and the call center, delivering high-quality customer service.
Prepare and submit work reports to supervisors on a regular basis.
Perform other flexible tasks as assigned by management.
Demonstrate persuasive communication, problem-solving skills, diligence, teamwork, and a proactive attitude with a customer-focused approach."
Flutter Developer,800.0,3.0,Hanoi,"Participate in the development of mobile applications using Flutter.
Collaborate with the Business Analysis team to analyze and design innovative features.
Develop new features and fix bugs for the mobile application.
Write clean, efficient, and maintainable code.
Join design and development discussions and work closely with project team members.
Research and apply new technologies in mobile development."
Angular Developer,680.0,0.0,Hanoi,"Develop user interface features using Angular.
Build and enhance products or systems with high user bases.
Translate ideas into concrete software solutions.
Continuously optimize and modernize solutions to improve performance and efficiency.
Contribute to improving existing technical processes and standards to deliver better team results.
Research new technologies to apply to current and future projects.
Adhere to the company's project development processes."
Sales Manager - GT Channel / ASM GT,600.0,3.0,Ho Chi Minh City,"Maintain and open new agencies and mini supermarkets to ensure full product coverage.
Identify and develop key retail chains and opportunities in the market.
Recruit and train staff as needed.
Monitor sales performance of distributors and outlets; propose timely promotions to drive sales.
Develop sales plans and conduct analysis to identify market development opportunities.
Requirements: male or female under 50; 3-4 years of experience in foods, imported foods, alcoholic beverages, or dietary supplements; possess customer/agency data and regional shop networks; strong communication, office software skills; ability to work in teams, plan and execute; budget management, analysis, and reporting."
Frontend Developer (Angular),1040.0,0.0,Hanoi,"Participate in the development of information security projects and major company initiatives.
Analyze requirements and develop web applications with complex business workflows using Angular, HTML, JavaScript, and TypeScript.
Collaborate in a team environment following Agile/Scrum methodologies.
Research and adopt new technologies to improve web applications.
Work on frontend development across JavaScript/TypeScript platforms with a focus on performance and quality.
Handle additional project tasks as assigned by management."
Technical Leader,1400.0,0.0,Hanoi,"Take on leadership, guidance, and advisory roles for the team and drive full-stack development.
Follow best practices and standards to ensure reliable code operation across browsers and devices.
Collaborate effectively in a team to meet project requirements.
Proactively learn new trends in web design and development; support team members.
Requirements: Bachelor's degree in Information Technology or related field; 5 years of programming experience including at least 2 years in a Tech Lead/Leader role.
Strong programming knowledge, understanding of programming, architecture, and design patterns; experience with large projects and complex architectures; proficient in at least two programming languages; full stack across frontend and backend; knowledge of infrastructure and additional languages (e.g., PHP, Node.js, Python, Java, React, Ruby) is a plus."
Software Solutions Consultant,800.0,0.0833333333,Hanoi,"Receive data from the company, advise on software, guide usage, and install software for customers who intend to purchase.
Provide strategic and digital marketing solutions to clients using the company's products and services.
Identify and nurture potential customers, and provide consultation to clients via website, fan page, group, and Zalo channels.
Prepare reports and perform tasks as directed by supervisors (if any).
Requirements: at least 1 month of experience in customer care, telesales, sales, consulting, or related roles.
Gender: Male; Age: 20-27; Own a personal laptop; Education: Vocational Certificate, College, or University degree; preferred fields include Economics, Commerce, IT, Business Administration, Marketing, or related.
Other attributes: proactive, goal-oriented, capable of independent and team work, with a passion for business and technology."
Graphic & UX/UI Design Intern,80.0,0.5,Ho Chi Minh City,"Support the design team in creating visually appealing graphic and UX/UI designs for web and mobile applications.
Design new user-facing features and ensure UI/UX feasibility and performance.
Translate customer needs into wireframes, storyboards, and prototypes.
Collaborate with project management and development teams to implement designs and maintain brand consistency.
Conduct user research, A/B testing, and usability testing to evaluate UI effectiveness.
Stay updated on current design trends and best practices in graphic and UX/UI design.
Proficient with design tools such as Figma, XD, Photoshop, and Illustrator; build a strong UI/UX portfolio."
"Sales Associate - Earnings from 10 million VND per month (No experience required, flexible hours)",400.0,0.0,Hai Phong,"Assist customers with installing the app and registering their accounts.
Guide users to complete tasks to receive free gifts within the app.
Advise potential customers who are interested in company events.
Work without requiring specialized knowledge or KPI targets; flexible schedule.
Potential to earn commissions and bonuses based on performance.
Location-based role in Hai Phong with option for remote work basis."
Electronic Components Distribution Sales Executive in Hanoi,320.0,0.0,Hanoi,"Collect information about distributors, search for and develop new distributors.
Negotiate, finalize, and sign sales contracts with distributors.
Maintain existing business relationships, take orders, and establish new business relationships by planning and organizing the schedule with the assigned regional customers.
Propose and implement promotional activities, marketing campaigns, and product programs to drive sales.
Coordinate with accounts payable/receivable to manage and collect customer debts.
Plan weekly and monthly activities for management approval and execute the approved plan.
Support customer events such as launches, seminars, and training for distributor sales staff (training provided).
Candidate requirements: energetic, good listening skills, able to handle customer rejection, clear confident voice, patient, sales-driven, with a passion for earning; willing to travel."
Business Development Manager - GT Channel / ASM GT,600.0,3.0,Ho Chi Minh City,"Maintain and expand the distributor network and mini supermarkets to ensure product coverage and availability.
Identify and develop key account chains and opportunities to drive growth.
Recruit, train, and develop staff as needed to meet business objectives.
Monitor sales performance of distributors and outlets; propose timely promotions to stimulate sales.
Create and analyze sales plans and market development strategies to drive expansion.
Requirements: open to both men and women, under 50 years old; 3–4 years' experience in food, imported foods, alcoholic beverages, or dietary supplements; established contacts with customers, distributors, regional key shops.
Skills: strong communication, proficiency in office software, teamwork, budgeting, planning, execution; ability to analyze data and prepare reports."
Sales Manager,800.0,2.0,Hanoi,"Develop and expand sales of stainless steel filter tanks, industrial vessels, and stainless steel pipes and fittings; grow market share.
Create sales plans and strategies for the team to meet revenue targets and KPIs.
Support staff in developing new customers and maintaining existing and potential customers.
Train and monitor the performance of the sales team; coach team leaders to manage their teams and implement sales plans.
Maintain cross-department relationships to drive company activities and coordinate with other departments as needed.
Introduce, guide, and advise customers on product and project information."
Medical Representative / Sales Supervisor,360.0,1.0,"Hanoi, Ho Chi Minh City","Plan and execute sales activities within the assigned territory.
Acquire and maintain comprehensive knowledge of product features, benefits, and policies to effectively advise customers.
Identify and approach new and potential customers while maintaining relationships with existing clients.
Monitor accounts receivable and coordinate with Accounting to support debt collection.
Study and summarize competitor information and market trends to support strategic planning.
Collaborate with the team to achieve sales targets and provide regular performance updates."
Sales Manager,480.0,2.0,Hai Duong,"Lead and manage the Sales Department to drive business growth.
Develop and implement plans to meet revenue targets; allocate targets and monitor progress.
Seek and expand relationships with schools, educational centers, and parents.
Advise customers directly on education products, printing, publishing, and school experience programs.
Conduct market and customer research and monitor competitors.
Handle customer-related procedures (contracts, payments) and resolve post-sale issues beyond junior staff."
Agricultural Sales Manager,600.0,3.0,Hanoi,"Plan, organize, and lead the distribution of agricultural products from producers to agents, shops, supermarkets, and end consumers.
Build and maintain strong relationships with business partners, customers, and channel stakeholders.
Research and analyze market needs, customer behavior, competition, and trends to propose effective distribution strategies and programs.
Manage and develop the distribution sales team, including training, guidance, and performance evaluation.
Monitor, control, and report on sales, costs, profits, inventory, quality, and service across the distribution channel; address issues and customer feedback.
Propose and implement promotions, advertising, and sales support for the distribution channel; collaborate with other departments and ensure compliance with company policies and laws."
IT Staff,400.0,1.0,Hai Phong,"Install, repair, and maintain computer and network systems.
Manage servers and execute related technical tasks.
Administer internal information systems: data, email, intranet, software, internet, telephony, and devices with integrated systems.
Oversee hardware operation and ensure IT data security.
Produce videos for company special occasions.
Qualifications: university degree in IT/Electronics; experience operating servers; knowledge of server technologies and common operating systems; ability to oversee tasks, handle situations flexibly, work independently, and take initiative."
Head of Sales,800.0,2.0,Hanoi,"Lead sales of stainless steel filtration products, industrial tanks, and develop the market for stainless steel pipes and fittings.
Develop business plans and sales strategies for the team to achieve revenue targets and KPIs.
Support staff in developing new customers and maintaining relationships with existing and potential clients.
Responsible for training and monitoring the performance of the sales team.
Encourage team leads to manage their teams and implement sales plans; coordinate with other departments to drive company activities.
Introduce, guide, and advise customers on product and project information."
Sales Director - English Proficiency,600.0,3.0,Ho Chi Minh City,"Study the market of the UCO industry and related issues to inform strategy.
Implement tasks and projects as directed by the board of directors.
Directly search, approach, and expand the customer and supplier database in restaurants, hotels, and franchises in Ho Chi Minh City and southern provinces (including Da Nang and Nha Trang).
Engage with customers to understand needs and create demand, negotiating to achieve business results.
Monitor the market, analyze competitors, and assess strengths and weaknesses within the same industry and business scope.
Develop sales plans based on customer preferences to maintain relationships and propose business options to ensure optimal company performance."
"Telesales / Financial Advisory Officer - Office-based in Tan Binh District, Ho Chi Minh City",400.0,0.0,Ho Chi Minh City,"Operate the company's call center system to contact customers for financial consultations.
Receive pre-provided data; no lead generation or searching required.
Assist customers with loan application procedures; product focus is cash loans; documents required include ID card (CCCD); approval within 30 minutes.
Update call status in the system and perform reporting and other tasks as assigned by management.
Qualifications: open to all genders and ages; no experience required; preferred: experience in telemarketing, financial advisory/insurance, or customer care; strong, clear telephone communication.
Location: Ho Chi Minh City, Tan Binh District."
Senior Java Developer,1120.0,0.0,Hanoi,"Develop and implement facial recognition projects; fix bugs and review current source code.
Deliver client projects according to the project manager's requirements.
At least 4 years of Java web development experience (Spring Boot, Spring MVC, Thymeleaf).
Ability to study and understand source code, document findings in English; basic English reading is required; Japanese is a plus.
Fundamental programming knowledge with a good understanding of UI/UX; strong problem-solving and independent research skills; willingness to learn new technologies.
Preferred experience with additional languages/frameworks such as Node.js and AWS services."
Admissions Counselor / Enrollment Advisor / Sales Executive / Customer Service,280.0,1.0,"Hanoi, Vietnam","Receive and process leads generated from seminars and marketing campaigns.
Provide consulting and answer inquiries about study programs, and guide applicants through documentation, tuition, and enrollment procedures.
Assist in planning and coordinating school information sessions, campus tours, admissions counseling, and special events.
Participate in school events and seminars to introduce the institution to parents of prospective students and nurture relations with them.
Perform other duties as assigned by the Head of Department.
Requirements include a bachelor's degree in business, marketing, or related field, and at least 1 year of experience in admissions, sales, or business.
Preferred: basic English communication, understanding of admissions policies and processes, ability to build and maintain relationships with families, strong multitasking and teamwork, and proficiency in office software."
Assistant to the Deputy General Director in Charge of Business,400.0,2.0,Hanoi,"Set sales targets, develop sales plans, and present proposals to the Deputy General Director.
Organize information management and customer care processes.
Receive and process customer orders.
Monitor and expedite debt collection in collaboration with the Accounting Department for the assigned channel.
Manage and supervise the activities of team members within the assigned group.
Prepare and participate in meetings as directed by the Deputy General Director."
Sales and Consulting Specialist - Agricultural Produce,400.0,0.0,Ho Chi Minh City,"Advise, introduce, and sell agricultural produce products to customers.
Build and maintain relationships with existing customers while identifying new potential clients.
Analyze customer needs to propose appropriate solutions.
Perform post-sale customer care activities and follow up on customer satisfaction.
Monitor and report sales performance and market trends; conduct market and competitor analysis to inform business strategy.
Demonstrate strong communication, presentation, and negotiation skills; work independently and proactively."
Sales Manager,1000.0,2.0,Ho Chi Minh City,"Manage and train sales staff across online and offline channels.
Oversee end-to-end sales processes and drive achievement of revenue targets in collaboration with supervisors.
Take responsibility for revenue performance and strategic direction within the team.
Lead and develop a sales team in electronics-related products (devices/electronic locks).
Experience in online sales and showroom chain operations is advantageous; capable of independently implementing plans.
Requirements: female, aged 25-35, university degree, and at least 2 years of sales management experience."
Area Sales Manager (OTC Channel),720.0,3.0,"Hanoi and other locations across Vietnam (including Ho Chi Minh City, Da Nang, Can Tho, Binh Duong, Dong Nai, and additional locations)","Responsible for achieving OTC channel sales targets and the assigned regional area in pharmaceutical/functional foods.
Collaborate with departments to develop sales policies and incentive schemes for the field sales team and Sales Representatives.
Recruit, manage, and develop the Sales Representatives (Trình Dược Viên).
Build and maintain relationships with customers, pharmacists, and drugstores in the assigned area.
Receive orders from pharmacies and forward to the Sales Admin.
Collect and report accurate, timely market information to support Marketing activities; coordinate with Sales Admin and Warehouse to monitor sales, stock levels, and ensure timely distribution, minimize stockouts and expiries; manage returns as needed.
Coordinate with Accounting & HR to calculate salaries, incentives, and selling expenses for the Sales Representatives; assist in performance evaluations; leverage experience in tender documentation as a plus."
Payment Reminder Officer,600.0,0.0,Ho Chi Minh City,"Make outbound calls to persuade customers to pay overdue loans.
Gather information and propose solutions to enable loan repayment.
Update customer status in the system.
Record and report work results and performance metrics.
Requirements: High school diploma; experience in customer service, sales/tele sales in finance, or debt collection > 3 months.
Skills: strong communication and situational handling; proficient telephone communication; ability to work under pressure; honesty and professional ethics."
Software IT Technician,320.0,2.0,Hanoi,"Manage and operate software systems used for company operations.
Administer domains and communication tools such as Skype, Zalo, and email.
Administer and maintain administrator accounts for all existing and new websites.
Install and manage Global Distribution System (GDS) systems.
Set up and maintain API integrations between systems.
Requirements: Male, college degree or higher in IT; more than 2 years of experience; good teamwork, ability to work under pressure, and discipline."
Sales and Project Executive,400.0,2.0,Hanoi,"Manage and coordinate construction projects from initiation to completion.
Work closely with stakeholders including clients, contractors, and suppliers to ensure projects meet schedule, quality, and budget.
Analyze and assess potential project risks, proposing preventive and corrective solutions.
Prepare and present project progress reports to leadership and clients.
Participate in negotiation, contract preparation, and management of client relationships.
Support pre-sales and marketing activities for new projects."
Sales Manager (Female Only) - Attractive Income 35-40 million VND per month,1400.0,3.0,Hanoi,"Develop short- and long-term sales strategies and assess current sales programs.
Create annual business plans and set monthly and yearly revenue targets for branches.
Monitor execution and report weekly, monthly, and yearly sales results.
Propose and supervise promotional programs and report their effectiveness.
Manage budgets, including promotions and admissions costs, and oversee monthly/annual spending.
Train and mentor sales staff, evaluate team performance, and foster professional development."
Agricultural Products Sales Manager,600.0,3.0,Hanoi,"Plan, organize, and manage the distribution of agricultural products from producers to distributors, retailers, supermarkets, and end consumers.
Build and maintain strong relationships with business partners, customers, and channel stakeholders.
Research and analyze market demand, customer behavior, competition, and trends to propose effective distribution strategies and programs.
Manage and develop the distribution sales team, provide training, guidance, and performance evaluations.
Monitor, control, and report on sales, costs, profits, inventory, quality, and service within the distribution channel.
Propose and implement promotions, advertising, and sales support activities for the distribution channel.
Coordinate with other departments (production, accounting, administration, HR, etc.) and ensure compliance with company policies and relevant laws."
Business Development Manager (Remote),1000.0,3.0,Ho Chi Minh City,"Develop business strategy and drive sales growth.
Monitor market trends, customer demand, and competitive factors to adjust advertising and sales strategies.
Supervise and evaluate the performance of sales staff and implement productivity improvements.
Manage customer relationships and regularly report on business results, assess team performance, and propose improvements.
Ensure business strategies align with the company's overall objectives.
Provide coaching and training to sales staff as needed."
Sales / Study Abroad Advisor,480.0,0.0,Hanoi,"Advise and present study abroad programs in Asian countries (Korea, China, Taiwan) to potential clients and explain program details.
Negotiate and finalize contracts with clients, ensuring satisfaction and compliance with company policies.
Participate in and organize information sessions and seminars at partner schools, academic programs, and study abroad fairs.
Develop and maintain strong relationships with existing clients, providing ongoing support and follow-up.
Collaborate with team to achieve sales targets; handle various responsibilities as directed by management.
Meet minimum qualifications including experience in sales/advising (preferably in education or study abroad), university degree, strong communication skills, reliability with own laptop, and ability to work under pressure."
Head of Sales - Spa/Health Care Division,800.0,1.0,Hanoi,"Advise students, spa owners, agents, and distributors on spa-related courses and products for consumption and usage.
Set targets, update and manage data in the CRM; develop business plans, sales programs, and strategies to acquire new customers aligned with company goals.
Update CRM with student/customer data; participate in building and promoting both personal and company brands within the industry.
Recruit, train, and support the sales team; develop sales talent to align with the company's direction; provide leadership and guidance.
Create and maintain reports on workload and revenue on a daily/weekly/monthly basis; ensure accurate data reporting.
Collaborate with management on flexible sales policies and leverage high-potential data to close sales; contribute to KPI achievement."
Customer Experience Officer (CXO),400.0,1.0,"Ho Chi Minh City, Vietnam","Identify and assist students in enrolling for classes and processing payments to ensure a smooth enrollment experience.
Achieve personal course renewal targets and monitor the center's renewal progress to meet goals.
Track student progress, collect and respond to student feedback, and help students achieve their academic goals.
Manage cashier duties and ensure invoices and documents comply with company standards.
Order, manage, and report on book availability to meet student needs.
Participate in training sessions and meetings to continually improve skills and stay updated; perform other duties as assigned."
SysOps System Administrator,680.0,2.0,"Hanoi, Vietnam","Operate and maintain data center infrastructure and servers.
Deploy new systems and upgrade servers and devices within the data center.
Manage operation of switching and firewall devices; control user access.
Monitor system health using Grafana, Prometheus, Zabbix, Kuma, Loki, Kibana or similar tools.
Monitor network links, firewall metrics, DDoS, switches and resource utilization; implement security controls for on-premises and hybrid cloud environments.
Contribute to maintaining and expanding data center services; ensure security and compliance."
Business Manager - Import and Export,600.0,2.0,Ho Chi Minh City,"Oversee all import and export operations and ensure compliance with customs procedures and documentation.
Manage preparation and verification of export-import documents, contracts, and related paperwork.
Represent the company in meetings with customs authorities and classify duties.
Monitor shipments during transportation and stay updated on changes in import-export laws and regulations.
Advise on customs procedures, insurance requirements, and other regulatory issues; support risk management.
Develop and implement business strategies and marketing activities to grow the brand and ensure service quality; lead and train staff."
Sales Consultant / Salesperson (Interior Furnishings) - Ho Chi Minh City,400.0,1.0,Ho Chi Minh City,"Identify and approach customers seeking interior furnishings; promote products on groups, forums, fan pages, and Zalo.
Conduct market research to compile a list of potential customers and develop the customer network through brokers, architects, and project owners.
Advise customers on suitable interior products or connect them with the company's design team; provide design and construction quotations.
Assess current project status, prepare pricing, close contracts, and monitor progress until project acceptance.
Negotiate interior design and construction contracts; supervise contract execution (acceptance, payments, warranty, maintenance).
Provide direct customer service, answer questions about interior and exterior products; collect market and competitor information."
Sales Executive (No Experience Required),480.0,1.0,Hanoi,"Develop business plans and strategies to expand the client base and drive sales growth.
Develop and manage the sales pipeline, monitor performance, and achieve targets.
Provide high-quality support to customers before, during, and after the sale.
Build and promote personal brand on social platforms (TikTok, Zalo, Facebook) to generate leads.
Collaborate with a professional, creative, and dynamic team; participate in quality soft-skill training.
Meet preferred candidate criteria: university or college degree, age 25-40, passion for sales; prior experience in sales, banking, insurance, or entrepreneurship is advantageous."
Senior iOS Developer,800.0,3.0,"Hanoi, Vietnam","Collaborate with technical managers to understand product requirements, provide feedback, select options, weigh trade-offs, estimate, and schedule deployments.
Work with designers, backend engineers, and QA to develop and implement scalable, stable technical solutions that address real-world problems.
Write reusable, extensible, and testable code.
Work closely with iOS engineers to ensure features are completed on time and with high quality.
Maintain accountability and strong communication, defining and resolving issues effectively, and closely collaborating with other teams to support one another.
Identify problematic or inefficient areas in code and systems, and propose and implement improvement solutions."
International Sales Executive,520.0,1.0,Hanoi,"Develop export markets for PVC foam and PVC profile products; search for and send quotes to potential customers.
Coordinate with the technical department to address customer inquiries about product specifications and features; obtain pricing from supervisors to quote customers.
Negotiate quantities and sampling costs; place production sample orders to the factory.
Handle orders and negotiate terms including pricing, payment, delivery, and contracts; relay orders to the supervisor.
Monitor delivery progress and provide updates to customers; coordinate with the finance department to collect receivables.
Maintain relationships with international customers; greet foreign visitors at the office/factory and travel as required.
Collaborate with the marketing department to implement marketing programs and participate in training and other tasks as required."
Sales Engineer - Lighting Industry,400.0,2.0,"Ho Chi Minh City, Hanoi","Join the company's sales team and serve as a liaison between the company and customers, presenting and advising on lighting control solutions for factories, hotels, offices, malls, stadiums, golf courses, ports, airports, hospitals, and international schools.
Source, win, and develop new customers; build sustainable relationships with clients.
Understand customer needs and recommend suitable solutions; address product and service inquiries.
Conduct calls, emails, and in-person meetings to present products and services to customers.
Prepare reports, conduct market analysis, and evaluate performance as requested by supervisors.
Requirements: 2 years of experience in technical sales or industrial/project sales in hotels or related sectors; dynamic, proactive, and entrepreneurial mindset.
Skills: strong communication and negotiation abilities; problem-solving and adaptability; ability to work independently and in teams; proficient with computers and office software."
"Sales Consultant (1+ Years Experience) - Cau Giay, Hanoi",280.0,1.0,Hanoi,"Arrange, display, and ensure shelves are clean, tidy, and stocked according to company standards; check product expiration dates and manage inventory to maintain sufficient stock in-store.
Participate in promotional activities and campaigns to attract customers to the store.
Perform sales, handle payments, and provide customer care and after-sales support.
Conduct periodic surprise inventories at the store to ensure accuracy of stock records.
Carry out other tasks as directed by the store manager.
Shift rotation and one day off per week; age requirement 19–32; at least 1 year of sales experience; clear speech, strong communication and persuasion skills, good problem-solving abilities.
Traits desired include quickness, enthusiasm, honesty, and diligence."
Project Management Officer,600.0,2.0,Hai Phong,"Receive technical design documents and related project materials from the PM team leader for two manufacturing plants.
Perform tasks assigned by the PM team leader and department head for project execution.
Coordinate with relevant departments to prepare monthly material forecasts and consumables for two plants.
Issue delivery orders and production orders, create process checklists, and oversee transportation and delivery to project sites at both Hai Phong and Hung Yen plants.
Monitor and coordinate construction materials and tools on-site, address project-related issues, and report weekly to the PM team leader.
Oversee fabrication subcontracting and provide weekly/monthly status reports on fabrication progress to the PM team leader."
"Frontend Team Leader (React, AWS/GCP)",2500.0,0.0,"Hanoi, Vietnam","Lead the frontend team, focusing on React-based development and cloud-based infrastructure (AWS/GCP), including technology selection and product architecture design.
Organize issues, define policies, and improve development processes; implement and enhance Agile practices.
Align development requirements with stakeholders; engage in hands-on design work and policy implementation.
Perform code reviews and maintain code quality; provide training and mentorship to engineers.
Contribute to product development for cloud-based services and large-scale web applications; optimize performance and infrastructure design.
Coordinate communication with Japanese stakeholders and manage development team members to ensure timely delivery and quality."
Business Analyst,680.0,2.0,Ho Chi Minh City,"Analyze business processes of products and identify changes or new features.
Clarify, summarize, and provide solutions for customer and stakeholder requirements.
Liaise with development teams and stakeholders to manage the backlog and prioritize project changes.
Create all required documents, including User Requirements, Specification, and Functional Specification.
Use prototyping tools to design mockups/wireframes for applications; prepare test cases and conduct UAT.
Support testing and assist in building data flow models; act as a liaison to ensure effective communication with stakeholders."
Website Design Intern,280.0,0.0,Ho Chi Minh City,"Directly assist clients and participate in ideation and demos of websites for clients.
Advise clients on layout, color schemes, and functionality of the website.
Assist clients to have a complete website.
Handle other tasks as assigned by the supervisor.
Basic computer literacy is required.
Training and onboarding will be provided when joining.
Work at the Ho Chi Minh City office location."
Senior JavaScript Developer,600.0,0.0,Hanoi,"Develop and maintain ecommerce web applications using Node.js (MedusaJS) to support end-to-end commerce workflows.
Create dynamic, responsive user interfaces with JavaScript to deliver a seamless user experience.
Collaborate with related teams to define, design, and implement new features and enhancements.
Optimize application performance to achieve maximum speed and scalability.
Participate in daily Scrum meetings with project management and cross-functional teams.
Requirements: Minimum 5 years of backend JavaScript experience; Bachelor's degree in Computer Science; strong Git version control skills; cloud experience (AWS and/or GCP); database technologies (MySQL, PostgreSQL); excellent problem-solving and attention to detail; ability to work independently and in a team; English is a plus."
Pharmaceutical Field Sales Manager,720.0,2.0,Long An and other locations nationwide (Vietnam),"Advise the CEO on sales plans and market development strategies.
Oversee OTC Sales Representatives to meet monthly, quarterly, and annual sales targets.
Support sales reps in executing field activities and resolving issues.
Supervise customer debt collection and report sales performance to the CEO.
Develop and expand existing customer base and identify potential new customers in the area.
Coordinate with Marketing to implement promotions and after-sales programs for customers.
Collaborate with HR to recruit, allocate targets, train, and monitor the performance of the sales team."
Premium Alcohol Sales Manager,600.0,3.0,Ho Chi Minh City,"Responsible for planning sales, targets, budgeting, analysis, and monitoring business controls; develop and implement strategies to increase revenue.
Coordinate with Marketing to develop sales-support policies and channel-specific marketing programs.
Analyze consumer trends in the alcohol market; work with departments to offer products aligned with consumer tastes, diversify while meeting business criteria.
Recruit, mentor, train, assign, plan, supervise, and evaluate staff performance; establish sales targets and incentive policies.
Build and expand the sales network, manage territory allocation and assign targets to subordinates; develop compensation and bonus policies.
Develop salary and incentive policies aligned with company direction; stay updated on industry trends and propose adjustments."
Sales Executive - Modern Trade Channel,320.0,2.0,Da Nang,"Region: Da Nang, Quang Ngai, and Quy Nhon; manage stores in Go!, Coopmart, Vinmart, MegaMarket, Lotte, and Minimart/CVS/Premium chains.
Responsible for monthly and annual sales targets and performance.
Maintain in-depth product knowledge and execute promotional activities and programs.
Oversee merchandising: guide and inspect product displays; monitor product dates and stock levels.
Build relationships with category teams and suppliers; liaise with supermarkets to optimize presence.
Monitor market conditions and propose regional support initiatives.
Requirements: at least 2 years in sales, preferably in MT channel; strong relationships with supermarkets; diligent with proactive attitude."
FPT Network Deployment and Maintenance Technician,600.0,0.0,Ho Chi Minh City,"Deploy and maintain subscriber services including ADSL, FTTH, and cameras.
Inspect and repair signals on ADSL/FTTH lines and related subscriber equipment issues.
Install additional services offered by FPT Telecom (e.g., TV, Wi-Fi devices).
Provide direct technical support to customers.
Collaborate with the team to ensure service quality and effective troubleshooting."
Sales Manager,480.0,3.0,Hanoi,"Build, manage, and develop the sales team to achieve sales targets and market share.
Train and guide sales staff to improve skills and job performance.
Monitor and periodically evaluate the performance of sales personnel.
Develop market development strategies, identify new customers, and maintain relationships with current clients.
Oversee daily sales activities, resolve issues, and collect market intelligence; prepare regular sales reports (weekly/monthly/quarterly) and analyze results.
Prepare work reports for superiors and collaborate with teams to drive business growth."
Head of Sales Department,720.0,3.0,"Dong Nai, Ho Chi Minh City","Develop and oversee the organizational structure and lead the sales department to achieve business results.
Develop operating processes, sales plans, and strategies aligned with company goals and growth targets.
Direct all sales and marketing activities to drive effective performance.
Set pricing policies and develop marketing strategies for board approval.
Build, develop, and maintain the customer base, identify potential clients, and expand the market.
Qualifications: university degree in economics, business, or related fields; age 25-45; minimum 3 years in a similar role; strong English communication; leadership and management skills; market analysis, planning, and strategy execution; negotiation and communication skills; dynamic, proactive, and responsible; creative and innovative; preference for experience in cold storage, irradiation, or related logistics/shipping fields."
Director of Agency / Head of Sales,800.0,5.0,"Hanoi, Vietnam","Assist the General Director in managing and operating the agency's activities.
Develop business plans aligned with short-term and long-term goals; establish processes, regulations, and guidelines for sales activities to ensure safety and efficiency.
Make investment and business decisions aligned with the company strategy to maximize profitability.
Responsible for training, organizing the staffing structure, and managing all sales department activities to achieve company and brand sales targets.
Requirements: at least 5 years of leadership experience in the passenger car industry; strategic vision, strong leadership, and passion for business; adapt to a dynamic business environment.
Benefits: competitive salary up to 50 million VND per month with attractive incentive programs; opportunities for advancement; professional working environment with ample resources; additional benefits and training opportunities."
Full-Time Financial Advisory Specialist,600.0,1.0,"Hanoi, Ho Chi Minh City, Da Nang, Quang Ninh","Provide financial planning and design tailored to client needs, including retirement, risk protection, travel, investment, and study abroad solutions.
Deliver comprehensive client care by assisting with contract procedures, answering questions, addressing complaints, and maintaining client relationships to build a professional advisory brand.
Prepare personal sales reports and propose solutions to enhance sales effectiveness.
Actively participate in training and coaching as required to improve knowledge and performance.
Handle client complaints and requests according to company guidance to ensure client satisfaction.
Meet minimum qualifications: college or university degree; age 23–39; at least 1 year of experience; strong communication, advisory, relationship-building, problem-solving, and customer service skills; professional appearance, proactive attitude, and eagerness to learn."
Customer Care Consultant at Hai Phong,320.0,0.0,Hai Phong,"Receive and manage existing customer data for the domestic shipping company.
Advise on services aligned with customer needs.
Engage with customers across diverse shipping sectors to provide care and support.
Assist customers with inquiries and create shipment accounts.
Guide customers when placing orders using the shipping app.
Qualifications: college or university degree; proficient in MS Office; no prior experience required; strong listening, analytical and problem-solving skills."
Head of Live Page Team - Women's Fashion,400.0,2.0,Hanoi,"Manage a sales team including full-time and part-time live page operators, and assign live shifts to ensure full coverage throughout the day and week.
Oversee data management and workload distribution, tailoring tasks to individual team members.
Responsible for recruitment, onboarding, training, and development of the online sales team.
Build and monitor daily sales performance reports, evaluate team effectiveness, and implement timely adjustments.
Organize regular 1:1 coaching and review sessions to improve effectiveness, quality of work, and conversion rates.
Develop and optimize sales processes, customer care strategies for existing clients, product-specific online consultation scripts, and resolve issues; collaborate with marketing on campaigns and KPIs."
Sales and Customer Care Specialist,600.0,1.0,Hanoi,"Identify, prospect, and expand the potential client base and build relationships with new customers.
Design and advise on financial and insurance plans tailored to the client's needs.
Assist clients with in-office services and prepare required documents accurately.
Maintain close relationships with clients to deliver a high-quality service experience.
Participate in company workshops and exhibitions to improve service quality and client experience, and develop the client base.
Manage client sourcing opportunities provided by management policy and company events."
FrontEnd Team Lead (VueJs),1400.0,0.0,"Hanoi, Vietnam","Transform designs into functional website interfaces and collaborate with the development team to implement UI for products.
Design and develop web applications on the website platform, ensuring quality and user experience.
Proactively coordinate with the backend team to improve user experience and participate in requirements analysis and system design.
Lead and manage the team: coordinate tasks, handle incidents, evaluate personnel, plan activities, and provide training to enhance team capabilities.
Ensure project quality and participate in large-scale project deployment domestically and internationally.
Create new products and maintain or improve existing solutions, review designs, and provide technical guidance to teammates."
iOS Developer,400.0,0.0,Hanoi,"Develop iOS applications on the iOS platform.
Work on independent projects and collaborate within a team under the project manager's direction.
Proficient in OOP, MVC architecture, design patterns, data structures, and algorithms.
Strong programming with Swift, Objective-C, and iOS SDK; proficient with Xcode, UIKit, and Cocoapods.
Experience integrating mobile apps with server APIs via RESTful API and JSON; knowledge of SocketIO, MQTT, and protobuf is a plus.
Experience with at least one database system such as SQLite, Realm, or Core Data.
Ability to read and understand technical English documentation."
Backend Developer,1200.0,3.0,"Hanoi, Vietnam","Optimize performance of existing products and services to improve overall product quality.
Develop new applications, products, and services.
Review code and fix programming errors; collaborate with team members to build larger applications.
Collect feedback to improve products and services.
Proficiency in .NET to develop software solutions; ASP.NET, .NET Core 6/7/8, C#, ABP framework.
Strong knowledge of RESTful services/Web API and databases (SQL/NoSQL), Redis, Kafka."
Sales Engineer - Lighting Industry - Ho Chi Minh City and Hanoi,400.0,2.0,"Ho Chi Minh City, Hanoi","Join the company's sales team as a liaison between the company and customers, presenting and advising on lighting control solutions for factories, hotels, office buildings, malls, stadiums, golf courses, ports, airports, hospitals, and international schools.
Identify, pursue, and develop new customers, building sustainable relationships with clients.
Understand customer needs, advise and propose suitable solutions, and address product/service questions.
Conduct calls, emails, and in-person meetings to introduce products and services to clients.
Prepare reports and conduct market analysis to evaluate performance as requested by supervisors.
Demonstrate strong communication, persuasive, negotiation, and problem-solving skills; work independently and in a team; be proactive and creative."
Web Application Project Manager,1200.0,2.0,Hanoi,"Lead the development of Web Application and 3D Web Viewer projects, primarily using ReactJS, ASP.NET, SQL, and MongoDB, and contribute to digital transformation systems in construction, BIM/CIM domains.
Manage project lifecycle including requirements gathering, system design, planning, task assignment, quality assurance, and progress tracking; mentor and support project team members.
Ensure code quality and architectural integrity by applying HTML, CSS, JavaScript, ReactJS, ASP.NET, and database concepts; promote OOP and SOLID principles.
Utilize frameworks and tools such as MUI, Tailwind CSS, React Query, Redux Toolkit; have knowledge of CI/CD, deployment processes, and server management.
Familiarity with Autodesk Platform Service (APS – Forge) and construction domain is advantageous; ability to train teammates on new technologies if needed.
Collaborate with other departments to create reports, respond to stakeholder requests, and contribute to continuous improvement; potential opportunities to work in Japan for candidates with N3 level or higher."
Assistant to the CEO,600.0,2.0,Hanoi,"Support the CEO in business operations, including participation in short- and long-term strategic planning.
Analyze market conditions and competitive landscape, and propose actions to improve business performance.
Track progress toward business goals and provide recommendations to ensure targets are met.
Assist in human resources management, including recruitment, training, talent development, and performance management.
Prepare meeting materials and reports with data analysis, plans, and strategy as requested by the CEO.
Coordinate internal operations: manage the CEO's schedule, arrange meetings and events, and act as liaison with departments when authorized."
UI/UX Designer (Web/Mobile App),400.0,0.0,"Hanoi, Vietnam","Conceptualize and design UI/UX for websites, mobile apps, company projects, and internal systems.
Collaborate with team to analyze user insights and optimize interface quality and user experience.
Review, evaluate, and provide design optimization solutions aligned with team goals and strategies.
Build and develop design systems for products within the ecosystem.
Stay updated with UI/UX trends and propose ideas to improve the product.
Demonstrate strong design principles and processes; proficiency in design tools (Adobe XD, Sketch, Figma, Photoshop, AI); strong communication and ability to work independently and in teams; TOEIC 750+ or equivalent."
Head of Women's Fashion Live Page Team,400.0,2.0,Hanoi,"Manage sales team including full-time and part-time members, assign live page shifts to ensure consistent daily coverage.
Oversee data management and distribute workload appropriately among team members.
Recruit, train, and develop the online sales team to improve performance.
Build and monitor daily sales performance reports; evaluate team effectiveness and implement timely adjustments.
Organize regular reviews and 1:1 coaching sessions to control efficiency and improve closing rates.
Develop and optimize sales processes, customer care strategies for existing customers, and product-specific online consultation scripts; collaborate with Marketing to execute campaigns and achieve KPIs; analyze market and competition to propose sales and marketing programs."
Admissions Counselor/Sales/Consultant,400.0,0.5,Hanoi,"Advise on English courses and manage admissions for prospective students.
Receive and process data from Marketing, identify customer needs, and tailor course recommendations.
Guide customers through course registration and payment, and schedule classes.
Take direct responsibility for personal and team sales targets and manage the sales pipeline.
Respond to feedback from existing customers and develop new client sources.
Perform administrative tasks as required by center leadership; flexible shift work."
IT Comtor,480.0,2.0,Hanoi,"Directly communicate with Japanese clients via messaging platforms (Slack, Chatwork, email) and online meetings to gather and clarify requirements and provide periodic progress reports.
Serve as the liaison between the development team and clients to ensure accurate and timely exchange of project information.
Learn the basic business/domain characteristics of the project and relay insights to team members.
Translate and manage documents related to the project.
Perform project management-related tasks and provide QA/testing support as needed.
Participate in meetings with clients and demonstrate proactive, independent work habits with strong communication and teamwork skills."
Experienced Business Analyst,600.0,1.0,Hanoi,"Serve as a Business Analyst for software development projects with a focus on eCommerce domains.
Work with senior technical staff and IT management to deliver eCommerce, software development, and tech services for global clients.
Bridge communication between technical and non-technical stakeholders by eliciting requirements and documenting artifacts such as Business Cases, Use Cases, and Functional/Non-Functional Specifications.
Specialize in eCommerce platforms (e.g., Magento, Shopify, BigCommerce) and system integration.
Utilize Agile methodologies to manage requirements and deliver high-quality solutions, with strong attention to detail and time management.
Demonstrate advanced English proficiency and excellent communication, facilitation, and collaboration skills."
Trade Marketing Executive (Female),400.0,1.0,Ho Chi Minh City,"Plan, monitor and execute trade marketing activities while coordinating with internal teams and agencies to meet deadlines and KPIs.
Control costs and manage settlement fees for trade marketing activities.
Develop and implement promotional plans for assigned products within the marketing budget.
Produce marketing materials in collaboration with relevant departments and agencies.
Conduct market research for new products and build relationships with Chef partners and customers.
Coordinate with Finance, Legal, Admin, and Retail to complete contracts, payment requests, purchase orders, and related tasks.
Track and evaluate monthly and yearly marketing plans and activities; prepare updates for the line manager after campaign deployment."
IT Security Specialist,1000.0,2.0,Hanoi,"Assess and propose security solutions for the company's IT infrastructure.
Build, implement, and maintain security policies, processes, and systems.
Monitor, detect, analyze, and respond to cybersecurity incidents.
Research and stay updated on vulnerabilities and new attack vectors.
Train and raise security awareness among employees; contribute to security team development.
Report to management on the organization's security posture."
Senior Java Developer,1120.0,0.0,"Hanoi, Vietnam","Lead and contribute to a facial recognition project, delivering features end-to-end.
Fix bugs and review the current source codebase to ensure quality and stability.
Execute client projects as requested by the project manager, delivering on requirements and timelines.
Demonstrate at least 4 years of Java web development experience (Spring Boot, Spring MVC, Thymeleaf).
Study existing source code, document findings clearly, and possess basic English reading skills; familiarity with UI/UX concepts is a plus.
Strong independent research ability, willingness to learn new technical platforms; preferred experience with NodeJS or AWS services."
Senior React.js Developer,1000.0,0.0,Hanoi,"Develop user interfaces for real-time web/app systems using React.js and Vue.js.
Ensure front-end integration with back-end systems and APIs; collaborate with other development teams to maintain quality and schedule.
Research and implement new solutions to enhance UX and UI quality.
Required: 5+ years of experience with React.js; strong knowledge of CSS, Bootstrap, ElementUI, and related tooling.
Proficient in converting Figma designs to HTML/CSS and working with RESTful APIs; strong UI/UX mindset.
Experience with JavaScript/TypeScript (ES6+), React.js, Vue.js, and libraries such as Hooks; familiarity with Next.js or Nuxt.js; experience with Webpack, Vite, etc."
Sales Leader - Spa (TeleSales & Live Page Team),600.0,1.0,Ho Chi Minh City,"Plan and optimize data-driven sales strategies to meet monthly, quarterly, and annual targets; collaborate with Marketing and Trade to evaluate performance ads and allocate data while monitoring data handling to maximize data utilization.
Effectively lead the team to achieve sales targets; create work plans and set sales goals for each member; regularly develop consultation scripts aligned with campaigns and customer behavior; supervise chat and call quality and assist in handling challenging situations; train staff on consulting skills, customer psychology, procedures, scripts, and follow-up frequency to improve conversion and contract value.
Motivate and drive individual and team performance; provide regular feedback, development plans, and career progression; foster a collaborative, energetic team culture with commitment and determination to reach targets.
Analyze markets and competitors; routinely assess campaigns, customer behavior, and psychology; propose actions to ensure revenue growth and expansion of product categories; implement and manage software/apps that support sales, data management, and sales growth.
Demonstrate strong leadership and coaching abilities; manage, develop, and support team members; monitor KPI achievement and provide guidance to resolve work difficulties; quickly adapt to market changes and trends.
Hold a customer-centric mindset, with a proactive attitude and continuous self-improvement; prioritize long-term retention and alignment with company development goals."
Sales Executive / Sales Consultant,400.0,1.0,Ho Chi Minh City,"Identify and pursue customers; provide advisory to close orders.
Manage and leverage existing customer data/files.
Negotiate contracts for design and construction services.
Monitor contract execution; coordinate with customer service and procurement to fulfill orders for partners.
Requirements: college or university degree in business administration, commerce, construction, architecture, foreign trade, languages, architecture/design fields; 1 year of experience.
Preferred experience in hotels, materials, furniture, or industrial product marketing; strong communication, creativity, and high responsibility."
Frontend Mobile App Developer,800.0,0.0,Hanoi,"Develop user interfaces for web applications using Vue.js and Nuxt, and HYBRID mobile apps.
Integrate with backend APIs and optimize frontend performance.
Build reusable UI components and ensure code quality with web standards and SEO considerations.
Collaborate with designers and backend developers to implement new features.
Participate in testing and product optimization processes.
Contribute ideas to improve user experience and overall product interface.
Research and apply new technologies to enhance product quality."
Sales Executive / Sales Consultant - Ho Chi Minh City,400.0,1.0,Ho Chi Minh City,"Identify and pursue new customers; provide consultative sales to close orders.
Manage and leverage existing customer databases to maximize sales opportunities.
Negotiate design and construction contracts with clients.
Monitor contract execution and coordinate with Customer Service and Purchasing to fulfill orders for partners.
Achieve sales targets while maintaining strong client relationships.
Degree in business administration, commerce, construction, architecture, foreign trade, or related fields; 1 year of experience; preference given to candidates with experience in hotel materials, furniture, interior design, or industrial product marketing.
Demonstrate strong communication, creativity, dynamism, and high responsibility in the role."
Business Analyst (Tester),360.0,1.0,Ho Chi Minh City,"Learn the business domain and processes of the ALOBO software and participate in developing the ALOBO software system.
Understand and analyze business requirements, detail them and model them to build software solutions, propose solutions, and create analytical design documents.
Gather additional client requirements to implement for the development team; design mockups and wireframes.
Collaborate with the development team to test functionalities and hand over to clients; test features on DEV and LIVE environments.
Engage with clients to support them in using the software.
Demonstrate creativity, logical thinking, initiative, ability to work under pressure, and strong documentation and communication skills for client interactions."
Head of Admissions Consulting Team,480.0,2.0,Nghệ An,"Lead and supervise a team of 6-10 sales personnel in admissions consulting.
Develop and implement weekly, monthly, quarterly, and annual sales plans to attract, advise, and close students.
Partner with schools, buildings, and organizations sharing target customers to source prospective clients.
Monitor and drive staff to achieve efficiency and KPIs; mentor consultants to convert prospects to students.
Recruit, train, and develop the sales team to meet company requirements.
Prepare and submit management reports as required; support ad hoc tasks from supervisor.
Report directly to the Center Director."
Sales Engineer - Lighting Industry,400.0,2.0,"Ho Chi Minh City, Hanoi","Join the company's sales team as a liaison between the company and customers, introducing and advising on lighting control solutions for factories, hotels, office buildings, shopping centers, stadiums, golf courses, ports, airports, hospitals, and international schools.
Prospect, acquire, and develop new clients; build and maintain durable relationships with customers.
Understand customer needs, advise and present suitable solutions, and respond to questions about products and services.
Conduct calls, emails, and in-person meetings to introduce the company's products and services to customers.
Prepare reports, analyze market data, and evaluate work performance as requested by superiors.
Requirements: 2 years of experience in technical sales, industrial project sales, or hotel sales; proactive, dynamic, and business-driven; strong communication, negotiation, and problem-solving skills; ability to work independently; proficient with computers, internet, and office software; able to work well in a team; energetic, eager to learn."
Sales Executive,720.0,1.0,Hanoi,"Identify, explore, and expand potential customer sources.
Design and advise on financial protection plans tailored to client needs.
Assist clients with office services and prepare necessary documents accurately.
Maintain close relationships with clients to deliver an excellent service experience.
Participate in company workshops and exhibitions to enhance service and grow the client base.
Receive training and have opportunities for career advancement after 18 months."
Pharmaceutical Sales Manager,720.0,2.0,Long An and multiple locations nationwide (Vietnam),"Advise the CEO on sales plans and market development strategies.
Lead and manage OTC Medical Representatives to achieve monthly, quarterly, and annual sales targets.
Support field sales staff in executing activities, addressing issues, and ensuring smooth operations.
Oversee debt collection from customers and report sales performance to the CEO.
Develop and expand the existing customer base and identify potential clients in the region.
Coordinate with Marketing to implement promotions and after-sales programs, and collaborate with HR for recruitment, target setting, and performance monitoring of the sales team."
Sales Manager,800.0,2.0,Hanoi,"Manage sales of stainless steel filtration products, industrial tanks, and develop the market for stainless steel pipes and fittings.
Develop and execute business plans and strategies for the sales team to achieve targets and KPIs.
Support and coach team members in acquiring new customers and servicing existing and potential clients.
Train and monitor the performance of the sales staff; empower team leaders to implement sales plans.
Maintain collaboration with other departments to drive company activities and present product/project information to clients.
Qualifications: College/University degree in Business Administration or related fields; 2-3 years of experience in a similar role; leadership and planning capabilities."
Assistant to Deputy CEO in Charge of Business,400.0,2.0,Hanoi,"Set sales targets and develop sales plans and proposals for the Deputy CEO.
Organize information management and customer care processes.
Oversee order intake and processing.
Monitor and coordinate debt collection activities with the accounting department for assigned channels.
Manage and supervise the team in the sub department; plan and execute tasks.
Prepare and participate in meetings as directed by the Deputy CEO; perform other duties as assigned."
"Frontend Team Leader (React, AWS/GCP)",2500.0,0.0,Hanoi,"Lead frontend development focusing on React for web applications.
Oversee technical decision-making, architecture design, and product direction with cloud platforms AWS/GCP.
Organize issue tracking, policy decisions, and Agile development processes.
Ensure code quality through reviews, mentorship, and training; align requirements with stakeholders.
Collaborate with Japanese team members and manage development staff; hands-on involvement.
Define development standards, performance optimization, and DevOps practices (CI/CD, Docker, Lambda).
Drive new product development and renewal of existing services; ensure scalable, high-quality deliverables."
Premium Alcohol Sales Manager,600.0,3.0,Ho Chi Minh City,"Plan and manage annual business plan, targets, budgeting, analysis, and oversee business controls to drive revenue.
Develop and execute sales strategies; coordinate with Marketing to implement sales-support policies and channel-specific marketing programs.
Analyze consumer trends in the wine and spirits market; collaborate with teams to tailor products to consumer tastes and diversify while meeting business objectives.
Recruit, train, assign duties, coach, and assess staff; build and supervise a high-performing sales team.
Establish and expand the sales network; manage territory allocation and assign targets to subordinates.
Develop compensation, target-setting, and incentive policies aligned with company business direction; monitor performance and market trends; fluent in English."
Sales Consultant / Sales Specialist - Passenger Cars and Trucks,400.0,0.0,Ho Chi Minh City,"Aim to achieve personal vehicle sales targets for passenger cars and trucks.
Identify, nurture, and develop relationships with potential customers.
Conduct marketing and customer care activities aligned with market strategy and company policies.
Ensure compliance with sales policies and manage sales contracts, accounts receivable, and vehicle handover.
Collaborate with teams to support product knowledge, features, and specifications of trucks and buses where applicable.
Accept candidates with college degree or higher; basic automotive technology knowledge preferred; negotiate and persuade customers effectively."
Pharmaceutical Sales Manager,720.0,2.0,Long An and 7 other locations nationwide,"Advise the CEO on sales plans and market development strategies.
Manage OTC Medical Representatives to achieve monthly, quarterly, and annual sales targets.
Support sales reps in executing sales activities and resolving issues.
Monitor customer debt collection and report business results to the CEO.
Develop the existing customer base and expand potential customers in the assigned area.
Coordinate with Marketing to implement promotions and after-sales programs for customers, and work with HR to recruit, set targets, train, and monitor performance of the sales team."
Facebook Ads Marketing Specialist,400.0,0.5,Hanoi,"Generate ideas and write advertising content.
Create test campaigns and run product ads.
Implement Facebook ad campaigns within the allocated budget.
Monitor, track, and analyze advertising metrics and conversion rates, and propose optimizations to meet timelines and plans.
Manage costs and effectiveness of campaigns.
Compile and report advertising data daily, weekly, and monthly.
Perform additional tasks as assigned by management."
Sales Manager,1000.0,2.0,Ho Chi Minh City,"Lead, train, and develop the sales team in electronics devices and electronic locks to achieve performance targets.
Oversee end-to-end sales processes across both online and offline channels to ensure consistent results.
Be accountable for sales performance in collaboration with the supervisor and management.
Handle additional duties as assigned by management and participate in strategic sales initiatives.
Work at the head office located in Binh Thanh District, Ho Chi Minh City.
Qualifications: female, 25-35 years old; university degree or higher; at least 2 years of sales management experience in electronics; experience with online sales and showroom chains is advantageous."
Software Tester,280.0,1.0,Hanoi,"Plan test strategy, design test cases, prepare test data and testing environment.
Validate app logic across Web and Mobile platforms (UI/UX) and identify defects.
Analyze results, track, and report test outcomes and assess product quality.
Perform functional, security, and performance testing, including manual and automated testing.
Analyze feedback to propose improvements and optimizations.
Perform other duties as assigned by supervisor."
Sales Logistics - Import/Export (China-Vietnam Market),320.0,1.0,Hanoi and Ho Chi Minh City,"Build and expand a customer base in the China-Vietnam import-export market for logistics and related services (road, sea, customs procedures).
Identify potential import-export clients with service needs and present comprehensive logistics solutions.
Prepare and present quotations, negotiate prices and contract terms with clients.
Develop sales and market share following the company’s strategy; drive revenue growth.
Monitor shipment progress, coordinate operations, and ensure delivery meets client requirements.
Provide customer care and manage debt collection as needed; support other duties as assigned by leadership."
Sales Floor Director,1000.0,2.0,"Ho Chi Minh City, Vietnam; Binh Duong, Vietnam","Oversee the operations of the sales floor to drive business performance.
Collaborate with the Deputy General Director of Marketing and Sales and the Sales Floor Director to develop business plans and achieve assigned sales targets.
Coordinate with the company's marketing department to execute promotional plans and market communications for each project, and develop corresponding business strategies.
Implement and monitor the company's overall business plan for the sales floor.
Monitor, supervise, and report sales performance and outcomes to the CEO or Board as assigned.
Support sales staff in negotiating and closing deals with major clients or in challenging negotiations requiring senior input.
Develop and professionalize the sales team, participate in training, mentoring, and skill-sharing across the company as required."
IT Help Desk Staff (From 6 Months Experience),360.0,0.5,Ho Chi Minh City,"Responsible for managing company IT assets including computers, desk phones, cameras, projectors, scanners, printers, and other IT equipment.
Assemble, replace, repair, and upgrade computer hardware and peripherals.
Propose timely replacements and repairs to promptly diagnose and resolve issues within scope.
Assist with installing operating systems and software applications on workstations for office and project teams.
Set up network wiring and seating arrangements for new staff and projects.
Manage user accounts and IT infrastructure such as domain controllers and monitor Internet access; coordinate with departments to prepare project deployment information.
Monitor and respond to user requests related to systems, software, and hardware."
Physician - Screening and Vaccination Center,800.0,2.0,Bac Ninh and two other locations,"Conduct pre-vaccination screening and counseling by reviewing the client's vaccination history and performing a screening exam before vaccination.
Provide vaccine information, including benefits, potential side effects, and home care instructions; advise on vaccination timing and follow-up as required.
Order and administer vaccines in accordance with regulatory standards and professional guidelines aligned with the client's needs.
Prescribe pre-, intra-, and post-vaccination care as appropriate and manage any immediate adverse reactions in the vaccination area.
Collaborate with nursing staff to handle initial management of severe post-vaccination reactions and maintain accurate vaccination records.
Maintain and update vaccination data in the database; contribute to periodic vaccination reports and participate in ongoing professional development and training."
Sales Manager,480.0,2.0,Hai Duong,"Manage all business operations and supervise the sales team to meet revenue targets.
Develop and implement plans aligned with assigned revenue targets.
Allocate targets and monitor, coach, and encourage the sales staff toward individual goals.
Identify and expand business relationships with schools, education centers, and parents.
Provide direct consultation on educational products, printing, publishing, and school experience programs.
Conduct market and customer research, understand competitor activity.
Handle post-sale procedures with customers and resolve issues or complaints outside the sales staff's scope."
Head of Sales,600.0,3.0,Ho Chi Minh City,"Study market conditions for the F&B, franchise, or related sectors in Ho Chi Minh City and southern regions to identify opportunities.
Directly search, approach, and expand the customer and supplier database, targeting restaurants, cafes, hotels, and franchise networks.
Engage with clients to understand and create demand, negotiate to achieve business objectives, and maintain customer relationships.
Analyze market and competitive landscape to identify strengths and weaknesses within the same field and adjust sales plans accordingly.
Develop sales strategies and build annual/quarterly plans tailored to different customer segments; propose business options to optimize company performance.
Lead and train the sales team to become effective company brand ambassadors; manage monthly and weekly work plans; monitor performance and report weekly/monthly results."
Sales Manager,800.0,2.0,Hanoi,"Sell and develop business for stainless steel products including filtration tanks, industrial tanks, and expand the market for stainless steel pipes and fittings.
Develop business plans and sales strategies for the team to achieve sales targets and KPIs.
Support staff in acquiring new customers and maintaining relationships with existing and potential customers.
Responsible for training and monitoring the effectiveness of the sales team.
Encourage team leaders to manage the team and implement the sales plan.
Maintain relationships with other departments to promote company activities.
Introduce, guide, and advise customers on product and project information."
Business Manager - Import and Export,600.0,2.0,Ho Chi Minh City,"Responsible for all import-export activities of the company.
Manage import/export documents and procedures, including documentation, contracts, and transfer procedures.
Receive, verify, and reconcile goods documents to ensure accurate quantities during customs clearance.
Represent the company in meetings with customs, and classify tariffs as needed.
Monitor goods during transport and stay updated on changes in import-export laws and regulations.
Plan and develop business strategies, manage and train staff, analyze market to propose growth strategies and drive customer service and brand development."
Test Leader (Japanese),1000.0,1.0,Da Nang,"Lead testing activities including research, analysis, and formulation of system and business requirements.
Develop test plans, estimate tasks, and manage test execution.
Create reports and analyze test results for clients; provide evaluation.
Plan schedules, assign work to team members, monitor progress, and ensure product quality; collaborate with Project Manager.
Allocate and transition test resources across projects as needed.
Requirements: 1+ year experience as Test Leader; Japanese language proficiency N2 or higher; capable of test planning, test viewpoints, reviewing test cases, and executing tests; strong understanding of the software development lifecycle and testing methodologies; ability to train others; ISTQB is a plus."
Nurse,400.0,2.0,Hanoi,"Welcome patients, record information, and direct them to the appropriate clinical departments.
Assist physicians with examinations and provide patient care according to orders; monitor critically ill patients.
Adhere to nursing procedures and clinic regulations; participate in infection control activities.
Support planning, procurement of tools, equipment, medications, and consumables; ensure proper storage and efficient use.
Maintain and update nursing-related medical records.
Qualifications: Bachelor's or diploma in nursing; valid nursing license; minimum 2 years hospital/clinic experience; strong communication and teamwork; honesty, initiative, reliability, friendly; proficiency with clinic software; Japanese/English knowledge preferred."
Sales Executive / Medical Equipment Consultant,480.0,2.0,Ho Chi Minh City,"Plan and execute monthly, quarterly, and annual sales plans and report results.
Maintain existing client relationships, develop new potential clients in assigned regions.
Propose distribution and after-sales policies in line with manufacturer and finance requirements.
Prepare and draft contracts (with regional manager approval on terms), drive contract execution, oversee delivery, installation, operation, and warranty, and monitor payments and invoicing.
Be responsible for sales performance in the assigned area and report directly to the regional manager.
Compile data and perform monthly/quarterly/annual market and competitor analysis as directed; coordinate with related departments."
Business Development Manager (Remote) - Up to 30 million VND - Immediate Start,1000.0,3.0,Ho Chi Minh City,"Develop and implement business strategies to drive growth and revenue.
Analyze market trends, customer demand, and competitive factors to adjust advertising and sales strategies.
Supervise and evaluate sales team performance and implement productivity improvements.
Manage customer relationships and report periodic business results; propose improvement actions.
Ensure business strategies align with overall company objectives.
Qualifications: bachelor's degree in Business Administration, Marketing, or related fields; 3-5 years in business or e-commerce sales, with 2-3 years in a management role."
Head of Sales and Store System Management,560.0,2.0,"Hanoi, Vietnam","Manage seven stores and develop/report annual sales plans for the store chain.
Plan yearly human resources, compensation policy, and product policy; assign tasks and evaluate performance for sales staff and store assistants.
Oversee operations: manage and monitor operational standards and store image.
Handle administrative duties: propose and monitor administrative expenses across stores (facilities, utilities, communications, office supplies, essentials); ensure safety, cleanliness, asset and cash management; coordinate with local authorities as needed.
Inventory and merchandising: ensure goods are not damaged or lost; control inbound/outbound according to company policy; conduct periodic stock checks and arrange neat, attractive displays.
Customer management: monitor customer experience; implement customer relationship initiatives and expand the customer base."
Branch Manager,400.0,3.0,Hanoi,"Recruit, guide, and train staff; supervise workflow and ensure efficient operational processes.
Oversee day-to-day activities of the branch and manage facility operations.
Handle parent inquiries and complaints with professional customer service.
Manage branch revenue and ensure compliance with company policies and standards.
Foster positive relationships with customers and partners; leverage leadership and negotiation skills.
Contribute to business planning and strategy; utilize office software and sales management tools."
Medical Representative / Sales Manager,360.0,1.0,"Hanoi and Ho Chi Minh City, Vietnam","Plan and execute sales activities in the assigned area.
Have thorough knowledge of product information, usage, features, and policies to advise customers.
Understand customer psychology and needs to directly consult and present to clients.
Identify new and potential customers while maintaining existing clients.
Monitor and coordinate debt collection support with the Accounting Department for assigned customers.
Research and summarize competitor information in the market.
Other related duties as needed."
Sales Executive - Fixed Salary 10-16 Million VND + Commission,400.0,0.0,"Ho Chi Minh City, Vietnam","Identify and search for potential customers across multiple channels to build a pipeline of leads.
Proactively reach out to potential customers from self-sourced lists or company data to present products, services, and promotions via chat and email.
Advise, negotiate, and persuade customers to use the company's services.
Manage customer information and keep the database up to date.
Establish, develop, and maintain relationships with customers, focusing on their needs and closing deals.
Requirements: at least 3 months of experience in a similar role (training available for no-experience candidates)."
Executive Assistant to the CEO,400.0,2.0,Ninh Binh,"Represent the CEO in greeting clients and organizing company events.
Manage the CEO's calendar, schedule meetings and conferences.
Plan the CEO's itinerary including travel bookings, transportation, and accommodation.
Handle communications for stakeholders, answer calls and emails.
Manage electronic and paper documents; implement tasks to departments.
Prepare periodic or ad-hoc reports for the CEO and other departments; monitor project progress and budget-related matters."
Internal Accountant,280.0,1.0,Hanoi,"Verify payment vouchers (bank transfers and cash payments).
Review and reconcile data across departments and ledger entries to ensure detailed and summarized accounting data are consistent.
Record accounting transactions and prepare settlement statements.
Compile and summarize accounting data as required.
Collect, store, and safeguard accounting documents and ensure data security.
Job details will be discussed in the interview."
Deputy Head of Sales,1200.0,1.0,"Hanoi, Vietnam","Develop and implement the sales strategy for the insurance department.
Lead, operate, and develop the insurance sales team.
Create business plans and set sales targets for each employee and the department.
Analyze the market and competitors; propose actions to improve sales performance.
Build and maintain relationships with key clients and manage the existing portfolio.
Supervise customer care processes and resolve issues; report results to the Board of Directors.
Recommend product and service improvements based on customer feedback."
Pharmaceutical Sales Manager,720.0,2.0,Long An and 7 other locations nationwide,"Advise the CEO on sales plans and market development strategies.
Manage OTC Medicine Representatives to achieve monthly, quarterly, and annual sales targets.
Support representatives in sales activities and issue resolution.
Supervise debt collection and report business results to the CEO.
Build and develop the existing customer base and pursue new potential clients in the region.
Coordinate with Marketing to implement promotions and after-sales programs for customers.
Collaborate with HR to recruit, allocate targets, train, and monitor the performance of the sales team."
"Sales Consultant (1+ years experience) - Cau Giay, Hanoi",280.0,1.0,Hanoi,"Organize, display, and ensure shelves are clean, neat, and adequately stocked according to company standards; monitor product expiry dates.
Manage inventory to ensure sufficient stock is available in-store.
Participate in promotional programs to attract customers to the store.
Perform sales, handle checkout, and provide customer care and after-sales support.
Conduct periodic in-store inventory checks and surprise audits.
Perform other duties as assigned by the direct supervisor."
Sales Advisor / Market Development Representative - No Experience Required,600.0,0.0,Gia Lai and 8 other locations,"Responsible for selling and developing sales in assigned routes and areas.
Maintain existing customers and source new potential customers.
Prepare monthly sales plans.
Manage and coordinate product distribution within the assigned region.
Execute promotional activities.
Requirements: No experience required; training provided.
Dynamic, energetic, honest, with strong communication skills; motivated to earn money."
Project Manager,1600.0,3.0,Ho Chi Minh City,"Meet with clients and stakeholders to understand project requirements and expectations.
Define project scope and objectives; develop and manage a detailed project schedule and work plan.
Predict, allocate, and manage resources to achieve objectives efficiently; monitor progress and provide updates to stakeholders.
Lead and coordinate a mid-sized cross-functional team (20+ members); assign tasks and ensure delivery of defined deliverables.
Support the entire application lifecycle (concept, design, testing, release) and apply Agile methodologies and best practices.
Require a Bachelor’s degree in Computer Science or Software Engineering; PMP certification preferred; strong analytical skills; good English (TOEIC 750+ or IELTS 5.5+); experience with eCommerce platforms and retail systems."
"Fullstack Developer (Java, Angular/ReactJS)",680.0,0.0,"Hanoi, Vietnam","Develop and maintain web applications on the Java platform.
Participate in analysis, design, development, and maintenance of systems and applications.
Implement software products and services according to requirements.
Research and update knowledge to support ongoing work and project needs.
Utilize Spring Boot, RESTful services, and cloud infrastructure (AWS, Kubernetes) as applicable.
Collaborate with front-end technologies (Angular, ReactJS) and RDBMS (SQL Server, MySQL)."
Key Account Staff,400.0,0.5,Hanoi,"Manage and strengthen relationships with key clients to drive business development and partnerships.
Identify and establish B2B and B2C partnerships aligned with strategic goals; negotiate contracts.
Collaborate with Sales and Marketing to expand the client base and execute business strategies.
Support marketing efforts to enhance brand presence and provide market insights for tailored sales materials.
Develop tailored account plans, track performance, and provide actionable insights to improve strategies and outcomes.
Contribute to market positioning and campaigns, and assist in creating customized sales materials.
Qualifications: Undergraduate degree in Business, Marketing, or related field; experience in account management or business development; strong negotiation and communication skills; English proficiency (IELTS 6.0). Preferred: experience in telecommunications or IT; knowledge of cloud-based technologies; willingness to learn and adapt quickly."
PHP Developer,600.0,0.0,Hanoi,"Participate in the full software product development life cycle and website design.
Troubleshoot and fix issues throughout the development process; diagnose problems and implement solutions.
Manage performance, perform load testing, and conduct code reviews; contribute to system improvements.
Handle other tasks as directed by project management.
Participate in training and skill development during the working period.
Maintain professional image and behavior to meet the company's brand ambassador criteria."
Luxury Spirits Sales Manager,600.0,3.0,Ho Chi Minh City,"Responsible for planning sales, targets, and annual budget; analyze and establish and monitor business controls; develop and implement strategies to increase revenue.
Collaborate with Marketing to develop policies that support sales and tailor Marketing programs for each sales channel.
Analyze consumer trends in the wine and spirits market; coordinate with departments to offer products aligned with consumer preferences and diversify while meeting business criteria.
Lead recruitment, orientation, training, assignment, planning, coaching, supervision, and performance review of staff.
Establish and expand the sales network; manage territory allocation and sales targets for subordinates; formulate salary and incentive policies related to sales performance.
Stay updated on new trends in the alcohol industry and provide proposals and adjustments; ensure compliance with company policies and legal requirements."
Sales Executive/Consultant - Ho Chi Minh City,400.0,1.0,Ho Chi Minh City,"Identify and approach customers needing interior products, including promoting products in groups, forums, fan pages, and personal Zalo accounts.
Conduct market surveys to build a list of potential customers.
Develop a client network through brokers, architects, and project investors, and advise them on suitable interior products or connect them with the company's design department.
Provide design and construction quotations for interior projects; assess site conditions, prepare quotes, close contracts, and monitor progress until project handover.
Negotiate interior design and construction contracts; supervise the project lifecycle including acceptance, payments, warranty, and maintenance/ replacements.
Directly service customers, answer questions about interior and exterior products, and gather market and competitor information.
Contribute to business planning and strategy, leverage market insights, and demonstrate strong communication, negotiation, planning, organizational, analytical, and reporting skills."
Business Manager - GT Channel / ASM GT,600.0,3.0,Ho Chi Minh City,"Maintain and expand agency and mini-supermarket reach to ensure product coverage targets.
Identify and develop key account chains and networks.
Recruit and train staff as needed.
Monitor sales performance of agencies and points of sale; propose timely promotions to drive sales.
Develop sales plans and analyze data to inform market development strategies.
Build and manage customer, distributor, and regional shop networks."
Sales Executive - Consulting - Telecom Telesales,320.0,0.0,Hanoi,"Actively search for information and approach潜在 customers
Advise and explain internet, TV service, cameras, and other telecom offerings to customers
Negotiate, promote, and facilitate contract signing with customers
Provide post-sale customer care
Requirements: male or female, diploma or higher, aged 20–30, open to recent graduates with verified degree
Passion for sales with strong communication, negotiation, and persuasion skills
Able to work quickly, adaptively, and independently; comfortable with high workload; has broad network; owns a smartphone and a means of transportation"
Sales Manager - Real Estate Services,400.0,2.0,"Ho Chi Minh City, Khanh Hoa","Manage and supervise sales of primary and secondary real estate services.
Develop business strategy and digital marketing plans.
Set up consulting team and support customers for real estate products and services.
Organize, train, and develop the sales team.
Connect partners in construction and architecture.
Develop affiliate sales teams for real estate services."
Senior Backend Developer,1000.0,0.0,Hanoi,"Collaborate with product and design teams to understand problems and requirements, provide feedback, options, pros and cons, estimates, and timelines.
Take responsibility for end-to-end product implementation with technical managers.
Work with designers, frontend engineers, and QA to conceive and implement scalable, stable, and practical technical solutions.
Write reusable, extensible, and testable code.
Coordinate with iOS engineers to ensure features are completed on time and with high quality.
Identify issues and inefficiencies in codebase and systems, and propose and implement improvements."
Senior React.js Developer,1000.0,0.0,Hanoi,"Develop real-time web and mobile interfaces using React.js (and Vue.js where applicable) and ensure efficient integration with backend systems and APIs.
Translate Figma designs into accurate and responsive HTML/CSS, leveraging CSS frameworks such as Bootstrap and UI libraries like ElementUI.
Collaborate with other development teams to maintain quality, meet deadlines, and ensure seamless UI/UX across the application.
Research, design, and implement UX enhancements to improve user experience and engagement.
Demonstrate deep expertise in JavaScript/TypeScript (ES6+), React.js, Vue.js, and libraries such as Hooks; experience with Next.js or Nuxt.js is preferred.
Proficient with RESTful APIs and modern front-end tooling (Webpack, Vite, etc.) for efficient development and deployment."
Sales Executive with Chinese/English Proficiency,300.0,1.0,Ho Chi Minh City,"Advise and nurture potential customers by receiving leads from Marketing, proactively contacting prospects to propose office lease solutions that meet their needs, budget, and preferred location.
Conduct site surveys and evaluate buildings/offices to provide accurate information to clients.
Schedule and assist clients to view office spaces for rent at properties.
Support clients during price negotiations, contract terms, and related legal procedures.
Identify and develop potential clients; manage deal closures to earn higher commissions.
Maintain and update the office rental catalog in the CRM, liaise with building owners/investors, and manage relationships."
Executive Assistant to Chairman,1000.0,0.0,Hanoi,"Provide executive support to the Chairman, acting as a primary point of contact and facilitating communication with internal and external stakeholders.
Create and maintain comprehensive to-do lists, manage tasks, and ensure deadlines are met efficiently.
Prepare and review reports and other materials as assigned by the Chairman, ensuring accuracy and clarity.
Assist in creating, reviewing, and editing slides, presentations, documents, speeches, and related materials as required.
Own special projects and events, coordinating logistics, managing timelines, and ensuring successful execution.
Handle confidential information with utmost discretion and contribute to decision-making processes with insights."
Network Administrator (IT),400.0,2.0,"Nha Trang, Khanh Hoa, Vietnam","Administer and manage the internal network, Internet, server network, Wi-Fi, IP PBX, and surveillance cameras.
Manage Cisco switches/routers and Peplink devices; perform maintenance, troubleshoot network and IT hardware/software, and provide user support.
Design, plan, and deploy network and server infrastructure; establish backup and security policies for data and systems.
Research and propose new technology solutions to be integrated into the network system; upgrade, install, and resolve issues with network hardware and software.
Maintain inventory of equipment, spare parts, and supplier documentation; develop and standardize IT/network documentation.
Propose and schedule repairs and maintenance for LAN/WAN; develop and support programming scripts/languages for online marketing."
Sales Consultant / Business Development - Passenger and Truck Vehicles,400.0,0.0,Ho Chi Minh City,"Achieve personal vehicle sales targets for passenger and truck segments.
Prospect, nurture, and develop relationships with potential customers; manage leads and customer information.
Execute marketing and customer service activities aligned with the assigned market; ensure compliance with policies and procedures.
Adhere to sales policies; monitor sales contracts, accounts receivable, and handover of vehicles.
Must have basic knowledge of automotive technology and product features for trucks and buses; strong negotiation and persuasive communication skills.
Proficient in office software; educational requirement: college degree or higher in automotive technology or related field."
Head of Sales - Spa/Health Care Division,800.0,1.0,Hanoi,"Advise learners, spa owners, agents, and distributors on spa courses and products being sold and used in the spa sector.
Set targets and manage data on the CRM; build, plan, and implement sales programs and consultative selling strategies.
Develop new customers in line with the company's business strategy and direction; update customer and student data in the CRM.
Recruit, manage, train, and support the sales team; contribute to developing a high-performing sales force aligned with company goals.
Actively participate in building and promoting personal and corporate brands within the industry.
Prepare and report on workload and revenue on a daily/weekly/monthly basis; perform other tasks as assigned by management."
Sales Manager,1000.0,2.0,Ho Chi Minh City,"Lead and train the sales team across electronic devices channels.
Oversee end-to-end sales processes on online and offline channels.
Be responsible for sales targets and report to senior management.
Perform additional duties as assigned by management.
Work location at the company's headquarters in Binh Thanh District, Ho Chi Minh City.
Collaborate with cross-functional teams to achieve sales goals."
Sales Order Management Specialist,500.0,1.0,"Ha Nam, Hanoi","Manage customer orders, process order intake and documentation.
Coordinate product shipment and dispatch.
Handle pricing operations and maintain price lists.
Serve as the primary liaison with customers to gather information.
Collect and analyze revenue data.
Measure customer satisfaction and identify improvements.
Calculate material costs and support cost analysis."
IT Staff,360.0,2.0,Tien Giang,"Install, manage, and maintain the company's internal network infrastructure.
Monitor, troubleshoot, and resolve network incidents to ensure system stability.
Install, configure, and manage network devices such as routers, switches, firewalls, access points, and servers.
Install, manage, and maintain VPN systems to ensure secure and stable user connectivity.
Provide technical support to staff on network, computer, and software issues.
Participate in network upgrades and expansions as required by the company."
Head of Admissions Counseling,480.0,2.0,Nghệ An,"Manage a team of 6-10 sales staff and drive achievement of sales targets.
Develop and implement business plans and strategies across weekly, monthly, quarterly, and yearly cycles to attract, advise, and close deals with prospects.
Collaborate with schools, buildings, and organizations serving similar client segments to source potential clients.
Monitor and motivate staff to achieve high performance and KPI attainment; lead and support sales team to convert prospects into students.
Recruit, train, and develop the sales team to meet company requirements.
Prepare and submit reports to management; directly report to the Center Director."
IT Support,600.0,1.0,Hanoi,"Install and maintain systems in Development and Staging environments, including new servers (web, PHP, database, memory/storage).
Manage data storage, backup/recovery, and configuration of web/app services; administer web/app servers, email, and storage.
Upgrade and optimize configurations of existing servers and improve access while analyzing error logs (nginx, td-agent/logstash, Elasticsearch, Kibana).
Operate virtualization and VM platforms (VMware, Xen Server) and manage web/app infrastructure.
Provide technical support: troubleshoot computer, software, networking devices, and connectivity; monitor and maintain systems and plan preventive maintenance.
Track IT assets, plan hardware/software upgrades, and propose improvements to IT operations."
Area Sales Manager (OTC Channel),720.0,3.0,"Hanoi, Ho Chi Minh City, Da Nang, Can Tho, Binh Duong, Dong Nai","Responsible for achieving OTC channel sales targets in the assigned area.
Coordinate with departments to develop sales policies and incentive schemes for field sales staff.
Recruit, train, manage, and evaluate Medical Representatives.
Build and maintain relationships with customers, pharmacies, and drugstores in the assigned area; receive orders from customers and forward to the sales admin.
Collect and accurately reflect market information to support Marketing activities; collaborate with Sales Admin and warehouse to monitor sales, stock levels, and propose replenishment to meet targets while avoiding stockouts and product expiry; manage returns and distribution.
Collaborate with Accounting and HR to calculate salaries, bonuses, and selling expenses; implement compensation."
Backend Developer,1000.0,0.0,Hanoi,"Participate in programming and development of software projects.
Operate, run, maintain, and provide technical support for software projects.
Build reusable code and libraries to facilitate future use.
Gather and process design and technical requirements.
Research and apply new technologies to optimize development efficiency.
Ensure products operate correctly and are optimized for large user bases, with knowledge of Java/Node.js and relevant frameworks, microservices, and OOP."
Business Manager / Sales Manager (New ALPHA Project),1400.0,1.0,Hanoi,"Plan and execute business growth strategies to drive revenue and market expansion.
Develop and expand the client base through targeted outreach and relationship management.
Monitor sales performance and work toward achieving, and ideally exceeding, targets.
Provide pre-sale, during-sale, and post-sale customer support to ensure satisfaction and retention.
Build and promote a personal brand on social platforms (TikTok, Zalo, Facebook).
Qualifications: College or university degree; age 25-40; strong interest in business development, sales, client advisory, professional communication; preferred experience in business development, sales, banking, or insurance."
Regional Sales Manager,480.0,2.0,Dong Nai and two other locations,"Implement and oversee regional sales plans, supervises sales activities, programs, and projects within the assigned region.
Prepare reports evaluating the effectiveness of execution.
Manage, assign, and support sales staff to achieve sales targets.
Build, train, guide, and develop subordinate sales team members.
Work at the Tan Bình District office and other managed areas."
Executive Assistant to CEO,600.0,2.0,Binh Duong,"Support and assist the CEO in client and partner communications.
Manage transportation for the CEO to meetings and site visits.
Advise on business strategy and develop business plans; analyze issues and prepare internal reports.
Build and maintain strategic relationships with partners and suppliers; coordinate with departments to resolve tasks.
Handle ad-hoc responsibilities, problem solving, and oversee task progress with detailed supervision as directed.
Qualifications: Bachelor's degree in Business Administration, Economics, Commerce or Logistics; at least 2 years in a senior assistant/leadership role, experience in logistics/transport/export-import; driving license B2; English communication; Chinese as a plus."
Agency Director / Sales Director,800.0,5.0,Hanoi,"Assist the CEO in managing and operating the agency's activities.
Develop business plans aligned with short- and long-term goals.
Establish processes, regulations, and guidelines for sales activities to ensure safety and efficiency.
Make investment and business decisions in line with strategy to maximize profits.
Oversee training, organizational structure, and management of the entire sales department to achieve targets.
Candidate must have at least 5 years of leadership experience in the passenger car sector; possess strategic vision and strong leadership; readiness to face challenges and learn in a dynamic market."
Senior Backend Developer,1000.0,0.0,Hanoi,"Collaborate with product and design teams to understand requirements, provide feedback, options, trade-offs, estimates, and scheduling; own end-to-end product implementation with technical leads.
Work with designers, frontend engineers, and QA to devise and implement scalable, stable technical solutions.
Write reusable, maintainable, and testable code.
Coordinate with iOS engineers to ensure timely delivery of features with high quality.
Communicate effectively and solve problems, define and address issues, and collaborate with other teams to support mutual goals.
Required qualifications: 5+ years backend development with Go/Java/Kotlin; strong OOP, unit testing, Git; design patterns and databases; experience with Spring; knowledge of architectural approaches, caching, data storage, and security."
Technical Leader,800.0,3.0,Hanoi,"Translate development requirements from product-facing roles (BA, PO, PM) into system design for backend and frontend.
Analyze, provide input, and propose scalable solutions for building BE/FE systems and ensure performance stability.
Monitor and maintain software system performance; research and propose optimization strategies.
Manage software operations and oversee the development team; review workload and ensure timely delivery.
Ensure code quality through code reviews and mentorship; promote strong teamwork.
Required qualifications: at least 3 years of development experience; strong core Java and object-oriented programming; hands-on with platforms such as J2EE, JSP, Struts, Spring, MVC; SQL/NoSQL; Tomcat; OSGi; SOAP/REST; ability to self-study and problem-solve; ability to lead programming discipline."
Enrollment Consultant / Customer Care Officer,320.0,0.0,Hanoi,"Receive data from the Manager and contact students/parents to inform them of IQ and EQ test results.
Provide guidance on study planning and career paths after high school for 12th-grade students.
Invite students/parents to attend the company's career orientation events.
Explain program content and project details to ensure accurate understanding of study/work pathways, benefits, and challenges of each field.
Report work activities and perform additional tasks as directed by the supervisor.
Qualifications: no prior experience required; graduates awaiting degree are welcome; experience in sales, consulting, or customer care is a plus."
Marketing Staff (Promotions Lead),320.0,1.0,Hanoi,"Coordinate with on-site management, marketing leadership, and related departments to develop programs, drive sales promotions, and implement promotional campaigns.
Conduct market and competitor research and propose promotions to boost online and offline sales.
Assist in launching new products/services by receiving product information from relevant departments and updating the system.
Organize and coordinate promotional campaigns across departments and business units to ensure accurate execution.
Manage gifts and vouchers; coordinate with printing staff to produce promotional materials and distribute them to branches on time.
Collect data and evaluate the effectiveness of promotions to inform improvements and refresh campaigns as needed; coordinate with store management on cost approvals."
Online Marketing Specialist,320.0,1.0,Hanoi,"Manage website and write SEO-friendly articles; build a diverse content library (articles, images, videos) for projects.
Develop marketing channels on social media and coordinate with the Sales department to execute promotional campaigns and product branding activities.
Create content and marketing materials for websites, Facebook, press releases, Adwords, SEO, and other media for company products.
Plan online and offline marketing campaigns and assist in organizing company events.
Plan, manage, and report marketing budgets; measure and report campaign results on a regular basis.
Requirements: Male preferred; college degree or higher in Marketing, IT, Journalism, or Communications; age 23–30; at least 1 year of marketing experience; dynamic, proactive, quick learner, and able to work under pressure."
Regional Sales Manager - Nationwide,400.0,1.0,An Giang and 28 other locations,"Oversee the field sales team and implement strategic sales plans to meet targets without direct selling to customers.
Advise company leadership and develop plans to organize and execute sales activities.
Lead the Ban/Team operations to achieve assigned sales targets while ensuring compliance with regulations and procedures.
Plan and implement sales activities for the team and coordinate recruitment, development, and support for the sales network.
Train, mentor, and coach agents on product knowledge, sales skills, and related job competencies.
Monitor sales activities, motivate agents, and perform additional tasks as assigned by leadership."
Intern Frontend Developer (Japanese Proficiency N4 or Higher),168.0,0.0,Ho Chi Minh City,"Collaborate with senior developers to design and develop user-friendly web interfaces.
Write clean, efficient, and well-structured JavaScript, jQuery, HTML, and CSS code for responsive web applications.
Integrate frontend with RESTful APIs to fetch and manipulate data; perform thorough debugging using browser developer tools.
Participate in code reviews and provide constructive feedback; learn and adapt to new technologies as needed.
Seek candidates who are final-year students or recent graduates in Information Technology with knowledge of OOP, JS/JQuery/HTML/CSS, RESTful APIs, and version control (Git, SVN).
Demonstrate good communication, problem-solving skills, and a passion for learning; comfortable with Japanese language requirement (N4 or higher)."
AI Software Developer,1400.0,1.0,Hanoi,"Conduct research and development tasks in the field of Computer Vision.
Research and update trends in Generative AI.
Analyze, design, and develop applications according to company requirements; proactively research and propose AI-based solutions to improve products and processes.
Keep up to date with the latest AI advancements and apply them to maintain a competitive edge.
Coordinate with related teams to ensure seamless integration of AI solutions into existing products and processes.
Requirements: Experience with Ruby programming; knowledge of AI is favorable. University degree in Information Technology, Computer Science, Applied Mathematics and Informatics, or related fields."
Sales Associate (No Experience Required),480.0,1.0,"Hanoi, Vietnam","Develop and implement business plans to drive growth.
Expand and manage the customer base through proactive outreach and relationship building.
Oversee sales activities to ensure targets and quality standards are met.
Provide excellent pre-sale, during-sale, and post-sale customer support.
Build and enhance personal brand on social platforms such as TikTok, Zalo, and Facebook.
Meet the following candidate criteria: university or college degree, ages 25–40, professional business mindset, interest in sales.
Preference given to candidates with prior experience in sales, banking, insurance, or entrepreneurship."
Website Marketing Staff - Facebook,280.0,0.0,Ho Chi Minh City,"Contact and advise clients in website marketing, including Google Ads, Digital, SEO, hosting, and related software solutions, and negotiate marketing strategies such as Facebook Ads and Google Ads.
After contract signing, transition to website and marketing work: write content for websites and develop marketing strategies across Facebook Ads, Google Ads, and SEO.
Optimize websites, create engaging content, and build sustainable backlink structures.
Regularly update knowledge of Google algorithm changes and industry best practices.
No prior experience is required; training will be provided during onboarding.
Educational background: diploma, associate, or bachelor's degree; basic computer literacy; own laptop and reliable mobility; strong interest in marketing, websites, and Facebook."
Regional Manager - ASM (Traditional Channel Distributor),800.0,2.0,Hanoi,"Manage the designated regional sales area and drive market development, acquiring new customers in the assigned territory for agricultural machinery and home appliances (pumps, lawn mowers, generators, screwdrivers, etc.).
Develop and execute sales plans to meet company targets; conduct field visits to nurture customer relationships.
Update price lists, new products, sales policies, and promotional campaigns for customers.
Monitor competitors and provide market assessments to management.
Handle customer complaints related to product quality, delivery times, and warranties, coordinating with relevant departments.
Collaborate with the accounting department to manage accounts receivable for customers under supervision; prepare periodic reports (weekly/monthly) and perform other duties as assigned.
Willing to travel as required; preference for candidates with direct sales experience in the GT channel for consumer durable goods."
Electrical Equipment Sales Manager,720.0,2.0,Hanoi,"Responsible for the revenue and profit of the Electrical Equipment Sales Department.
Develop and implement business plans to expand the customer base and ensure brand coverage.
Build and develop relationships with customers in the electrical equipment sector.
Report on business results, revenue, and costs; provide market forecasts to the CEO.
Coordinate with Marketing on plans for the electrical equipment category.
Identify potential markets and monitor market dynamics, competitors, and new products; perform tasks as requested by the CEO."
Sales Executive (MT Channel),320.0,2.0,Da Nang,"Responsible for sales performance in the Da Nang, Quang Ngai, and Quy Nhon area.
Manage stores including Go!, Coopmart, Vinmart, MegaMarket, Lotte, and Minimart/CVS/Premium chains.
Maintain in-depth product knowledge and execute promotion campaigns to drive sales.
Guide and monitor store merchandising, and track product dates and stock levels.
Develop relationships with relevant product categories and provide market insights; propose area-specific activities.
Requirements: at least 2 years of sales experience (preferably in MT channel); strong relationships with supermarkets; hardworking and proactive."
Information Security Systems Administrator,1000.0,0.0,Hanoi,"Administer and operate information security systems and applications to ensure stable, continuous, and secure operation.
Monitor security networks and applications; perform incident response and troubleshooting.
Prepare regular and ad-hoc reports on system security posture.
Research vulnerabilities in IT systems and security mechanisms; analyze attack vectors.
Design, implement, upgrade, and optimize information security systems, applications, and security solutions.
Manage quality, documentation, procedures, and asset records for systems.
Requirements include a university degree in IT, telecommunications, or cybersecurity; English reading ability; experience in network/system security and SOC operations; Unix/Linux, networking, security policies; experience with secure network design and log analysis; familiarity with security tools and processes; ability to work independently or in a team; preferred certifications "
Team Lead - Women''s Fashion Live Page Shifts,400.0,2.0,Hanoi,"Lead a sales team that manages full-time and part-time live page shifts to ensure continuous coverage of sales representatives throughout the day and week.
Manage and distribute data and workload among team members to align with individual capabilities.
Responsible for recruitment, training, and development of the online sales team.
Create and monitor daily sales performance reports, assess effectiveness, and implement timely adjustments.
Organize regular one-on-one coaching sessions with the sales team to improve efficiency and conversion rates.
Develop and optimize sales processes, customer care scripts, and online product consultation guidelines; resolve arising issues.
Coordinate with the marketing department to plan campaigns, achieve KPIs, analyze market and competitors, and propose relevant sales and marketing programs."
Branch Operations Manager (Beverage Preparation),720.0,3.0,"Vinh, Nghe An, Vietnam","Ensure revenue targets are met by developing and executing sales plans and monitoring performance.
Recruit, train, and develop staff; organize structure and manpower aligned with branch operations; forecast manpower and coordinate with HR to hire; plan training to ensure skills.
Manage costs, assets, and equipment; control material costs per standards; oversee equipment usage and reduce damage, losses.
Oversee branch operations; coordinate departments to ensure stable and efficient business; supervise staff across departments; resolve incidents.
Lead customer service initiatives; implement customer feedback programs; directly address customer complaints and make optimal decisions.
Prepare and present regular reports (weekly, monthly, quarterly, yearly) on branch performance and monthly sales; protect business information."
Mobile App Developer,600.0,0.0,Hanoi,"Design and develop mobile applications for iOS and Android according to requirements.
Architect and plan technical solutions; build scalable mobile applications.
Research and apply new technologies to improve product quality.
Ensure performance, quality, and stability of the applications.
Collaborate with design, backend, and business analysis teams to ensure the final product meets requirements.
Requirements: at least 2 years of mobile development experience; proficient in Swift, Objective-C, Java, Kotlin, or Flutter; understanding of basic mobile app architecture, UI, and UX; experience with APIs, RESTful services, and web services; experience with large projects or apps published on App Store or Google Play; strong problem-solving and time-management skills."
Admissions Consultant / Course Advisor / Sales Staff / Customer Care,280.0,1.0,Hanoi,"Receive and process leads from seminars and marketing campaigns.
Advise clients on program details, tuition, and enrollment procedures.
Assist in planning and coordinating information sessions, campus tours, and admissions events.
Participate in events to introduce the school to parents and support families with prospective students.
Build and maintain relationships with families and future students; contribute to a fast-paced, collaborative work environment.
Meet job requirements including a bachelor's degree in business, marketing, or related fields; 1 year of experience in admissions, sales, or business; basic English; and proficiency with office software."
Admissions Assistant (No Experience Required),80.0,0.0,Hanoi,"Conduct telesales calls to filter existing data.
Carry out data seeding activities per guidelines to identify new data.
Perform additional data search tasks as assigned by the direct supervisor.
Support admissions processes with applicants, with preference for second- and third-year students in related fields (Marketing, Business Administration).
Proficient in office software; clear speaking voice; fast, eager to learn.
Join an international, professional and dynamic work environment."
Regional Business Manager - Nationwide,400.0,1.0,An Giang and 28 other locations nationwide,"Manage a regional sales team without direct selling.
Advise leadership and develop plans to implement sales activities.
Direct operations of the board/team to meet business targets while ensuring compliance with policies and procedures.
Plan and execute sales activities for the board/team.
Plan, organize, and support recruitment and development of the sales network.
Train and mentor agents on product knowledge and related skills; monitor performance and motivate the team."
Sales Administrator,500.0,1.0,"Hà Nam and Hà Nội, Vietnam","Handle order intake and order processing.
Manage order fulfillment and shipping operations.
Administer pricing policies and maintain the price list.
Serve as the primary liaison with customers.
Collect revenue data and monitor customer satisfaction.
Calculate material costs and support expense control."
Head of Admissions Counseling,480.0,2.0,"Vinh, Nghệ An","Manage a team of 6-10 sales staff to achieve recruitment targets.
Develop and execute weekly, monthly, quarterly, and annual business plans to source, advise, and close students.
Collaborate with schools, buildings, and partner organizations to identify prospective students.
Monitor and drive team performance to meet KPIs and convert leads into enrollments.
Recruit, train, and develop the sales team to align with company requirements.
Prepare and submit reports to management; directly report to the Center Director."
Sales Collaborator,400.0,0.0,Hai Phong,"Assist customers with installing the app and registering accounts.
Guide users to complete tasks to receive free gifts from the app.
Advise customers interested in participating in company events.
No professional knowledge required and no KPI targets.
Candidate must reside or work in Hai Phong, Vietnam.
Experience in finance, banking, sales, or insurance is a plus but not required."
Front-End Developer,800.0,0.0,Hanoi,"Write clean and maintainable front-end code to build functional web applications.
Troubleshoot and debug issues; ensure high performance and responsive UI.
Develop new front-end features with a focus on UX and usability.
Build reusable UI components and modules for future use.
Collaborate with back-end developers to integrate client-side interfaces with server-side logic.
Ensure pixel-perfect UI/UX design and cross-browser compatibility."
Education Projects Marketing Officer,400.0,0.0,Hanoi,"Plan, create content, and implement advertising campaigns for education courses and seminars on Facebook and TikTok.
Conduct market and competitor research to propose optimization strategies.
Support the company in organizing events.
Candidates: university students, preferably marketing or social media majors; final-year students or recent graduates accepted.
Strong communication and teamwork skills; creative with strategic thinking and problem-solving abilities.
Proficient in English (IELTS 6.5+ or equivalent); no prior work experience required."
DevOps Engineer - AWS Infrastructure Optimization & Database,600.0,0.0,Hanoi,"Lead optimization and scaling of AWS infrastructure to support high load.
Optimize Aurora DB for multi-region deployments to ensure performance and scalability.
Implement, maintain, and optimize CI/CD pipelines for automation and continuous integration.
Monitor infrastructure health and performance using modern DevOps monitoring tools.
Troubleshoot and resolve 24/7 production infrastructure issues; ensure high availability.
Automate infrastructure management tasks using scripting languages (Python, Bash).
Collaborate with development teams to apply DevOps best practices and secure, compliant multi-region deployments."
Information Security Specialist,360.0,0.0,"Hanoi, Ho Chi Minh City","Build and oversee end-to-end information security monitoring and incident response across the system, including security event monitoring, identifying anomalies, assessing vulnerabilities, and reporting violations immediately.
Develop and implement information security policies, procedures, and standards to ensure compliance with legal regulations and financial/stock industry standards.
Research, propose, and deploy new security technologies to enhance IT security monitoring, timely incident handling, and preventive measures.
Deploy real-time threat detection and intrusion detection systems, enabling rapid response to security incidents.
Collaborate with other departments to scan for technical weaknesses, assess and test application servers, networks, and propose remediation plans for vulnerabilities.
Manage user access rights and verify access to trading systems and company software.
Conduct regular security assessments including penetration testing and overall security evaluation of systems."
Senior iOS Developer,800.0,0.0,Hanoi,"Collaborate with technical managers to understand product requirements, provide feedback, evaluate options, and estimate implementation plans.
Work with designers, backend engineers, and QA to develop scalable, stable technical solutions and address real-world problems.
Write reusable, extensible, and testable code.
Coordinate with iOS engineers to ensure features are completed on time and with high quality.
Identify issues and inefficiencies in codebase and systems, and propose and implement improvements.
Must-have qualifications: 3+ years of iOS development with modern architectures (Swift, UIKit, RxSwift, Combine) and solid computer science fundamentals; experience with unit and UI testing; Git proficiency."
Area Sales Manager - Electrical Equipment,720.0,2.0,Hanoi,"Responsible for revenue and profit of the Electrical Equipment Sales Department.
Develop and implement business plans to expand the customer base and ensure brand coverage.
Build and develop relationships with customers in the electrical equipment sector.
Report on business results, revenue and costs; provide market forecasts to the General Director.
Coordinate with Marketing on marketing plans for the electrical equipment category.
Identify potential markets and monitor market dynamics; track competitors and new products."
Interior Design Sales Consultant,1000.0,1.0,Hanoi,"Identify and advise clients on interior design and interior construction services through sources such as Marketing department referrals, direct/indirect sales channels, and personal networking.
Aggregate and prepare price quotations for clients.
Coordinate with relevant departments to supervise contract execution and resolve issues to ensure client satisfaction and trust.
Provide ongoing customer care during and after handover of products.
Participate in activities that support company communications and outreach.
Perform other duties as assigned."
Software Test Specialist,640.0,2.0,Hanoi,"Plan, execute, and report software tests for mobile, web, and API systems; write test scripts, plans, and scenarios; communicate results.
Manage defects, coordinate with owners to ensure timely resolution and sign-off; maintain bug logs.
Create and maintain user manuals and provide demos; support UAT and deployment readiness.
Collaborate with other departments to ensure project quality and adherence to standards.
Requirements: Bachelor's degree in IT or related field, or equivalent certifications; over 2 years of experience in software testing for Mobile/Web/API; knowledge of testing processes, methods, tools, and bug logging; experience building test scripts.
Additional skills: SQL/database querying; proficiency with QA tools such as QTest, Jira, Confluence; ISTQB certification is a plus; experience in financial/banking/core banking systems; experience in test automation and performance testing is a plus."
Sales Operations Specialist,500.0,1.0,"Ha Nam and Hanoi, Vietnam","Handle order intake and order processing.
Perform duties related to outbound shipping.
Manage pricing and price list operations.
Serve as the primary liaison with customers.
Collect and analyze revenue information.
Investigate customer satisfaction levels and feedback.
Calculate material costs and assist with cost analysis."
Business Manager - Real Estate Services,400.0,2.0,"Ho Chi Minh City, Khanh Hoa","Oversee and supervise sales for primary and secondary real estate services.
Develop business strategy and digital marketing plans.
Establish consulting teams and support clients for real estate products and services.
Organize, train, and develop the real estate sales team.
Coordinate with partners in construction and architecture; build collaboration networks.
Lead the development of volunteer teams for the real estate investment club; promote active community involvement."
Head of Sales - Spa/Health Care Division,800.0,1.0,Hanoi,"Advise on spa courses and products to students, spa owners, agents, and distributors; promote consumption within the spa sector.
Set data targets, update and manage data in the CRM; build business plans; establish a sales advisory program; develop new customers aligned with company strategy.
Update student/customer data in the CRM; recruit, train, and support the sales team; develop the sales team in line with company direction.
Direct involvement in building and disseminating both personal and company brands within the industry.
Update reports on workload and revenue on a daily/weekly/monthly basis; perform other tasks as assigned by the Board of Directors."
Head of Sales,1200.0,0.0,Hanoi,"Advise and guide clients on real estate projects, facilitate transaction procedures, negotiate, sign contracts, and collect and report market data.
Develop and execute business plans; propose solutions to maintain and drive revenue while controlling costs.
Create telesales, direct sales, and client outreach scripts; enhance customer care skills.
Lead and motivate the sales team; assign tasks, supervise, train, and support staff.
Support and monitor the execution of the business plan; report on sales results, revenue, and costs.
Requirements: at least 1 year of experience in real estate and at least 1 year in a similar role; strong management capability and knowledge of real estate market, planning, and legal issues; self-motivated with clear targets; computer and transportation; ability to work under high intensity and pressure; strong communication and negotiation skills."
Branch Operations Manager (Beverage Preparation),720.0,3.0,"Vinh, Nghệ An, Vietnam","Ensure revenue targets are met by implementing and supervising sales plans and promotional programs.
Manage recruitment, training, and development; build organizational structure aligned with branch operations; forecast staffing needs and collaborate with HR for recruitment.
Oversee cost control, assets, and equipment; monitor material usage and reduce waste, damage, or loss.
Coordinate branch operations across departments to maintain stable and efficient business performance; supervise staff and address issues as they arise.
Responsible for customer service; implement and monitor customer feedback programs; directly resolve customer complaints and make optimal decisions.
Prepare regular reports (weekly, monthly, quarterly, yearly) on business performance for the CEO; ensure confidentiality of business information."
Marketing Staff - Brand Manager,720.0,3.0,Hanoi,"Develop and implement marketing strategies and brand/product management plans for assigned brands (including dietary supplements and imported products).
Formulate annual and quarterly marketing strategies to grow brand equity and sales, leveraging industry knowledge, market trends, and customer segments.
Create the brand's annual budget and marketing plan to achieve revenue and market share targets.
Plan and execute marketing campaigns to achieve sales and market share goals, including market research, product development monitoring, packaging design, pricing, trade marketing, product launches, and tracking advertising campaigns and brand performance.
Determine advertising objectives, propose appropriate media channels, and allocate resources for cost-effective campaigns aligned with target consumers.
Adjust marketing strategy and plans in response to market changes and new trends; oversee advertising and marketing programs under management supervision.
Monitor, supervise, and evaluate the effectiveness of marketing programs to drive sales growth and profitability; analyze sales data periodically."
IP Network Systems Operations Engineer,560.0,1.0,Ho Chi Minh City,"Operate, deploy, and optimize the Core IP network systems.
Research and test new technologies for the Core IP network infrastructure.
Explore and pilot automation features, applying AI/ML to network operations.
Report results to the supervisor/manager.
Require a university degree in Electronics and Telecommunications, Computer Networks, Information Technology, or related fields; strong knowledge of IP/MPLS/BGP/Segment Routing/QoS/PPPoE; ISP experience preferred.
Certifications and skills: CCNA/CCNP/JNCIA/JNCIS-SP or equivalents; ability to use Python; strong English reading comprehension; logical thinking; proficient in Word, Excel, PowerPoint; dynamic, creative, and responsible; ability to work under high pressure."
High-end Wine and Spirits Business Manager,600.0,3.0,Ho Chi Minh City,"Responsible for business planning, targets, and annual budgeting, including analysis and monitoring of business controls; develop and implement strategies to increase revenue.
Collaborate with Marketing to align sales-support policies and implement channel-specific marketing programs.
Analyze wine consumer trends; coordinate with departments to offer products aligned with consumer tastes, diversify while meeting company business criteria.
Recruit, mentor, train, assign tasks, plan, coach, supervise, and evaluate performance.
Establish and expand the sales network, manage and develop sales territories, and allocate sales quotas to subordinates.
Develop salary policies, target setting, incentive schemes, and related policies for wine business in line with company direction; regularly update trends."
Sales Manager (New ALPHA Project),1400.0,1.0,Hanoi,"Develop and execute sales plans to achieve revenue targets.
Expand and manage client portfolio; identify and pursue new business opportunities.
Monitor sales activities and performance; provide guidance to the sales team.
Deliver comprehensive pre-sales, during-sales, and post-sales support to customers.
Build personal brand and presence on social media platforms (TikTok, Zalo, Facebook).
Collaborate with internal teams to ensure customer satisfaction and brand growth."
Front-End Developer,800.0,,"Hanoi, Vietnam","Develop clean, functional web applications with high quality code.
Troubleshoot, debug, and optimize front-end applications for performance and reliability.
Build new front-end features using modern web technologies (Vue.js/React.js/JavaScript).
Create reusable components and modules to support scalable development.
Ensure pixel-perfect UI/UX implementation across pages and software.
Collaborate with back-end developers to integrate front-end with server-side logic."
Head of Sales - English Proficient,600.0,3.0,Ho Chi Minh City,"Lead market research for the UCO industry and related issues, and execute projects directed by the board.
Directly source, approach, and expand the database of potential customers and suppliers in restaurants, hotels, and franchising in Ho Chi Minh City and southern provinces.
Engage with clients to understand needs and generate demand, negotiating to achieve business results.
Monitor market conditions and analyze strengths and weaknesses of competitors within the same field and business scope.
Develop sales plans based on customer insights to maintain relationships and drive sales, and propose business strategies.
Manage the sales team, train and supervise them to act as company ambassadors; plan activities and ensure revenue targets are met."
Education Project Marketing Officer (Fluent in English; Final-year students or recent graduates welcome),400.0,0.0,Hanoi,"Plan, create content, and implement advertising campaigns for courses and company seminars on Facebook and TikTok.
Conduct market and competitor research to propose strategies for improvement.
Assist in organizing company events.
Open to university students; preference for marketing or social media majors; accepting final-year students or recent graduates.
Demonstrate strong communication skills and the ability to work well in a team; creative with strategic thinking and problem-solving abilities; proficient in English (IELTS > 6.5 or equivalent).
No prior work experience required."
UI/UX Designer,320.0,0.0,Hanoi,"Collaborate closely with product marketing and other teams to understand requirements and goals for the website and Shopify product demos, including new and optimized features.
Create wireframes, mockups, prototypes, and high-fidelity designs using Figma, PTS, and AI.
Conduct user research and testing with the team to validate designs.
Apply design principles to ensure consistency, usability, accessibility, and responsiveness across devices and platforms.
Communicate design ideas and rationale effectively to stakeholders.
Stay updated on the latest trends in ecommerce design."
Fraud Control Engineer,800.0,2.0,Hanoi,"Apply data analytics results on a big data platform to detect early anomalies across the network to prevent revenue leakage and service delivery issues for customers.
Understand data, perform data cleaning, data integration, and data transformation, and conduct descriptive analysis.
Visualize analysis results.
Build, develop, evaluate, and optimize models to address project use cases.
Evaluate model performance and accuracy.
Develop automated alerts and coordinate with units to handle abnormal alerts across the system.
Periodically report findings of anomalies."
Sales Representative / Advisor / Telesales,240.0,0.0,Hanoi,"Contact customers using warm data provided by the company; not required to call cold data.
No significant travel is required.
Work in an online education and training environment; opportunities for skill development in marketing and sales.
We prefer female candidates from Gen Z; training provided for fresh graduates or candidates with no prior experience.
Enjoy selling, advising, and communicating with customers; demonstrate honesty, carefulness, meticulousness, logical thinking, quick learning, enthusiasm, flexibility, dedication, and the ability to handle work pressure.
Must have a personal laptop to perform duties."
Nurse - Must Have CCHN,360.0,0.0,"Dong Nai, Ho Chi Minh City, Binh Duong","Provide comprehensive nursing care across clinical departments (Internal Medicine, Pediatrics, Emergency) following physicians' treatment plans.
Monitor and evaluate patients, documenting clinical progress and changes in condition.
Educate and advise patients and families on health care practices and self-care skills.
Perform nursing procedures such as injections, IV infusions, wound care, and dressing.
Support patients with meals, personal hygiene, mobility, and daily activities.
Ensure sterilization and cleanliness of nursing tools and equipment; adhere to hospital protocols."
Head of Live Page Sales Team - Women’s Fashion,400.0,2.0,Hanoi,"Manage a sales team including full-time and part-time staff; schedule live page shifts to ensure full sales coverage daily and weekly.
Coordinate data distribution and workload among team members to match capabilities.
Recruit, train, and develop the online sales team.
Build and monitor daily sales performance reports; evaluate team effectiveness and adjust strategies accordingly.
Organize regular reviews and one-on-one coaching to improve efficiency and closing rates.
Develop and optimize sales processes, nurture relationships with existing customers, and tailor product-specific online consultation scripts; resolve issues as they arise.
Collaborate with Marketing to plan campaigns, achieve KPIs, and support sales objectives."
Manual Tester,1000.0,2.0,Hanoi,"Read and understand user requirement specifications and system design analysis documents.
Plan tests and develop test scenarios for Web, Mobile app, API, and SQL; ensure testing progress aligns with the initial project schedule.
Participate in building test catalogs and write automated test scripts if needed.
Collaborate with the Product Owner and management to create Jira tickets, write acceptance criteria, and complete assigned tasks; propose alternative solutions when appropriate.
Contribute to the development of test strategies and test plans.
Requirements: at least 2 years of testing experience on development projects; university degree in Information Technology; strong knowledge of basic testing concepts; proactive, creative, diligent, detail-oriented; capable of working under high intensity."
International Sales Executive,520.0,1.0,Hanoi,"Develop export markets for PVC foam board and PVC profile products and identify potential customers.
Search for and reach out to potential clients; collaborate with technical team to answer technical questions and product features.
Obtain pricing approvals from department heads to prepare quotes for customers; negotiate quantities and sampling costs.
Process production sample requests with the factory and negotiate terms on pricing, payment, delivery, and contracts.
Coordinate order placement, monitor delivery progress, and provide timely updates to customers; liaise with accounting to manage receivables.
Engage with customers to gather feedback on quality, packaging, and shipping timelines; host visiting clients and assist with business travel if required."
Sales Executive - Chinese and English Proficiency (Data Ready) - Commission 26%–40%,300.0,1.0,"Ho Chi Minh City, Bình Thạnh District","Advise and nurture potential clients sourced from Marketing; proactively contact prospects to propose office space solutions aligned with their needs, budget, and preferred location.
Conduct site surveys and evaluate buildings/offices to provide accurate, detailed information to clients.
Coordinate and assist clients with office viewing tours at selected buildings.
Support clients during price negotiations, contract terms, and related legal procedures.
Identify, develop, and manage client relationships to close deals and maximize commission opportunities.
Manage and update the catalog of office buildings in the CRM; collect vacancy information and rental policies from building representatives; maintain relationships with property owners/investors."
Sales Executive,400.0,1.0,Ho Chi Minh City,"Advise, visit, introduce products, and answer customer questions.
Prepare quotes, process orders, and assist with order placement and delivery.
Implement and effectively communicate company programs, policies, and information to customers.
Provide post-sale customer care and maintain relationships with existing customers.
Monitor and drive debt collection activities for the department.
Requirements: at least 1 year of sales experience; strong communication, negotiation, and persuasive skills; high sense of responsibility and ambition; proficient in office software."
Sales Manager,800.0,2.0,Hanoi,"Lead sales of stainless steel filtration tanks and industrial vessels, and expand the market for stainless steel pipes and fittings.
Develop business plans and sales strategies for the team to meet targets and KPIs.
Support the team in acquiring new customers and maintaining existing and potential customers.
Responsible for training and monitoring the performance of the sales staff.
Drive team leaders to manage their teams and implement sales plans.
Maintain cross-functional relationships to drive company activities.
Introduce, guide, and advise customers on product and project information."
IT Support,560.0,2.0,Hanoi,"Install and manage systems in Development and Staging environments, including new servers (web, PHP, database, memory/storage).
Configure data storage, backup and restore, and web/app service configurations.
Administer and operate web/app servers, email, storage, and upgrade existing servers to optimize performance.
Improve access controls and analyze error logs (nginx, td-agent/logstash, Elasticsearch, Kibana).
Manage virtualization platforms (VMware, XenServer) and monitor related infrastructure.
Provide technical support: troubleshoot computer, software, and network issues; monitor assets; plan hardware/software upgrades; generate reports and recommendations."
Flutter Developer,800.0,0.0,Hanoi,"Participate in the development of mobile applications using Flutter.
Collaborate closely with the Business Analysis team to analyze and design features.
Develop new features and fix bugs for mobile applications.
Write clean, efficient, and maintainable code.
Join design and development discussions and work collaboratively with project team members.
Research and apply new technologies in mobile app development; read technical documentation in English; maintain and expand UI/UX knowledge and Git proficiency."
IT Project Manager (PM),3000.0,1.0,Da Nang,"Directly manage assigned development projects to ensure timely and quality delivery.
Gather requirements from clients, conduct surveys, and develop implementation plans and schedules.
Communicate with clients regarding project scope, progress, and related contents to align expectations.
Ensure commitments on service quality for the projects under responsibility are met.
Take responsibility for product acceptance testing before handover to clients and manage post-implementation issues.
Collaborate with superiors, report project status, and propose solutions to keep projects running smoothly and maintain quality; explore changes to software features based on client requests."
"Sales Representative / B2B - Attractive Income in Hanoi, Hai Phong and Quang Ninh",800.0,1.0,"Hanoi, Hai Phong, Quang Ninh","Search for, prospect, and develop potential customers within the assigned regions and handle customer inquiries and requests.
Develop and expand relationships with customers (primary and secondary distributors, etc.) and provide quotes to customers.
Maintain and service existing customers with current needs and past customers.
In Hanoi area, build and manage a B2B customer base (manufacturers in plastics, disposable products, printing, etc.) and Horeca customers (hotels, restaurants, cafes, chains, etc.).
Advise and negotiate purchase terms and price conditions in line with company policy; monitor business contracts and promptly resolve any arising issues.
Collaborate with customers and internal departments to manage tasks related to goods, delivery, inspection, and debt collection; perform other duties as assigned."
Sales Manager,480.0,3.0,Hanoi,"Build, manage, and develop the sales team to achieve targets.
Train and coach sales staff to improve skills and effectiveness.
Monitor and evaluate sales performance regularly.
Develop market development strategies, identify new customers, and maintain existing relationships.
Oversee daily sales activities and assist in resolving issues; collect market data and prepare periodic sales reports.
Report work progress to supervisor."
Head of Sales - Spa and Health Care Division,800.0,1.0,Hanoi,"Advising on courses/products in the spa sector to learners or spa owners, as well as to agents and distributors.
Set data targets and manage data updates in the CRM; develop business plans and sales consulting programs to grow customer base in line with company strategy.
Maintain customer/student data in the CRM; participate in recruitment, management, training, and support of the sales team; develop the sales team per company direction.
Directly participate in building and promoting personal and company brands within the industry.
Provide regular reports on workload and revenue on daily/weekly/monthly bases.
Perform other tasks as assigned by the Board of Directors."
"Sales Officer (Korean, English)",400.0,2.0,Ho Chi Minh City and Hanoi,"Maintain existing customer relationships regularly.
Prepare quotations and negotiate with customers.
Update customer and order information in the CRM/software.
Coordinate with the accounting department to monitor contracts and payment status.
Collaborate with other departments to deliver excellent service.
Requirements: Bachelor's degree; experience in the garment/manufacturing industry; English, Japanese, or Korean language skills; strong negotiation, communication, and teamwork."
Sales Manager,800.0,2.0,Hanoi,"Manage sales of stainless steel filtration products, industrial tanks, and develop the market for stainless steel pipes and accessories.
Develop and implement business plans and sales strategies for the team to meet targets and KPIs.
Support staff in acquiring new customers and maintaining existing and potential customers.
Train and monitor the performance of the sales team; empower team leaders to execute sales plans.
Maintain cross-department relationships to drive company activities and opportunities.
Qualifications: College or university degree in Business Administration or related fields; 2-3 years of relevant experience; leadership and planning abilities."
Senior Java Developer,2200.0,0.0,Hanoi,"Participate in the development of digital banking projects (Viettel Pay, Mobile Money, personal wallet, corporate wallet, etc.), delivering payment and money transfer applications with high transaction volumes and requiring high performance.
Build electronic financial systems for foreign markets invested by Viettel; design solutions and upgrade systems as required.
Clarify business requirements, design solutions, and develop system enhancements; participate in design reviews and code reviews; optimize systems to handle high traffic.
Research and apply new technologies to improve quality and optimize development resources.
Requirements: university degree in Information Technology or Software Engineering; preferred programs from leading institutions; English proficiency equivalent to TOEIC 650+; at least 5 years of Java development experience, with at least 1 year in team leadership.
Proficiency in Java Core and frameworks such as EE, Spring, Struts, Hibernate, plus common design patterns; strong object-oriented design mindset and solid knowledge of data structures and algorithms; proficient in SQL/PLSQL with Oracle/MySQL/noSQL experience and database optimization."
Senior Javascript Developer,600.0,0.0,"Hanoi, Vietnam","Develop and maintain e-commerce web applications using Node.js (reference: medusajs).
Create dynamic, responsive user interfaces with JavaScript.
Collaborate with cross-functional teams to define, design, and implement new features.
Optimize application performance for speed and scalability.
Participate in daily Scrum meetings with the Project Manager.
Contribute to code quality and problem solving with strong attention to detail."
"Sales Team Lead (Telesales, Team Building, Data Available) Beauty Spa",480.0,1.0,Ho Chi Minh City,"Build and manage an effective telesales team.
Train and support telesales staff in customer outreach and care.
Analyze call data and develop strategies to improve performance.
Oversee daily team operations, including shift scheduling.
Ensure monthly KPI targets are met and report statistics and personnel evaluations.
Coordinate with related departments."
Sales Executive - Supermarket Channel,320.0,1.0,Hanoi,"Conduct market research and identify/new points of sale at supermarkets and malls within the assigned area.
Support training and manage staff at points of sale.
Monitor and update sales activities of each sale point.
Collaborate directly with supermarkets/malls to implement pop-up sale locations.
Track accounts receivable and remind agents of payment and stock replenishment plans.
Propose sales programs, discount policies, incentive schemes, and gift policies suitable for each point of sale."
DevOps Engineer,720.0,0.0,"Hanoi, Vietnam","Build and optimize CI/CD tools and processes to streamline development.
Design and implement scalable, high-availability infrastructure using Infrastructure as Code.
Create and maintain deployment and operation documentation to ensure stability and security.
Research and adopt new technologies to advise teams and improve systems.
Design, build, deploy, and support software across on-premise and cloud environments (AWS/GCP/Azure/Linode).
Collaborate with developers and software architects to ensure quality and reliable operation of systems; support related teams.
Build and operate monitoring and alerting systems."
Student Recruitment Intern (No Experience Required),80.0,0.0,"Hanoi, Vietnam","Conduct telesales calls to filter existing data.
Execute data seeding activities as guided to identify new data.
Perform additional data search tasks as assigned by the direct supervisor.
Eligible candidates: current second- or third-year students in colleges or universities; preference for Marketing, Business Administration, or related fields.
Proficient in office software and basic computer literacy.
Clear speech, good communication voice, and a quick learner who is eager to develop skills."
Nurse,280.0,0.0,Hanoi,"Welcome patients warmly, collect initial information, and guide them to the appropriate clinics (cardiology, laboratory, oncology, nephrology-uroLOGY, endoscopy).
Assist physicians and provide patient care according to orders.
Follow nursing department procedures and clinic protocols accurately.
Participate in infection control activities.
Plan procurement and manage supplies, equipment, medications, and consumables (regularly or on-demand).
Maintain and use equipment, tools, medicines, and consumables efficiently and cost-effectively.
Assist in completing patient records related to nursing care."
Head of Sales,1000.0,1.0,Hanoi,"Lead and manage the sales team to achieve growth and revenue targets.
Support and supervise the execution of the business plan and report results to the senior leadership.
Build and develop the customer base by identifying and nurturing relationships with clients and partners.
Improve customer care and mechanisms to increase and maintain revenue.
Design and optimize the sales process from planning to closing deals.
Set sales targets, monitor team performance, and ensure achievement of department goals.
Analyze the market and develop and implement business plans; recruit, train, and develop the sales team."
Sales and Market Development Officer,480.0,1.0,Lam Dong and two other locations,"Develop and expand the market by identifying partner regions, creating outreach routes, and growing the user base for the Greencheck app with partners in raw material areas, distributors, and buyers.
Plan regional information from orchard owners and conduct market research for the assigned area and product to determine sales strategies.
Seek and develop networks of cooperatives to expand raw material markets, ensure sales targets are met, and manage debt collection.
Manage relationships with cooperatives/raw material regions, implement sales policies, and organize promotional activities at cooperative sites.
Build and develop products, branding, and the company image.
Advise dealers/farmers on suitable fertilizers and pesticides according to cultivation practices; guide purchases on the app and place orders from distributors.
Provide technical support to farmers and assist them in using the app to look up crops."
Game Tester (Casual/Puzzle),1000.0,1.0,"Hanoi, Vietnam","Test games to identify bugs, glitches, and performance issues and report them with clear steps to reproduce.
Review game design documents to determine testing requirements and create detailed test cases.
Execute, document, and reproduce tests using bug-tracking tools; ensure thorough testing coverage.
Provide feedback on gameplay, balance, level design, and overall player experience, suggesting improvements as needed.
Verify fixes and confirm no new issues are introduced after updates; ensure compliance with platform guidelines and certification.
Collaborate with developers and designers, staying current on testing methods and technologies to improve product quality."
Offline Marketing Staff,320.0,1.0,Da Nang,"Organize events and traditional advertising activities, including stage setup and equipment for events at the center.
Ensure the effectiveness of offline marketing campaigns across channels such as display venues, outdoor events, and other offline media.
Execute multi-channel offline marketing activities to nurture students, communicate, and attract potential customers to the company.
Conduct market research to gather information for product improvements or development of new products.
Design brand and product collateral (website, banners, posters, brochures, catalogs, profiles, business cards, presentations, promotions).
Coordinate with the Marketing team to plan visual/video concepts, conduct shooting and editing of images/videos as requested.
Assist in planning, surveying, and bidding for activities and events of the center; perform image editing and retouching (color correction, tagging).
Other tasks as required."
Business Manager - Import and Export,600.0,2.0,Ho Chi Minh City,"Responsible for all import and export operations and related documentation.
Manage and verify export-import dossiers, contracts, and customs procedures.
Represent the company in meetings with customs authorities and classify tariffs as needed.
Monitor goods during transportation and stay updated on evolving import/export laws and regulations.
Advise on customs procedures, insurance requirements, and other customs-related issues.
Develop business plans and growth strategies, manage and train staff, analyze markets, and propose strategies.
Lead marketing activities to grow the brand while ensuring quality customer service."
Regional Sales Manager - Northeast Region (ASM) - FMCG,760.0,2.0,Hanoi,"Plan monthly, quarterly, and annual sales strategies and manage achievement of set targets.
Manage, support, and develop the distribution channel network; identify and recruit new distributors in the assigned region and support existing distributors.
Coordinate with Marketing to implement Trade Marketing programs, support communication campaigns, boost product visibility at points of sale, and build brand presence.
Recruit, train, develop, and evaluate the regional sales team; ensure adherence to company policies and guide daily operations.
Monitor sales performance, product quality, and competitor products; provide analyses and recommendations to increase product sales.
Oversee delivery, warehousing, display of goods, and equipment management within the region; ensure issue resolution and compliance.
Directly report to the National Sales Director."
Head of Sales,600.0,3.0,Ho Chi Minh City,"Understand the market for the UCO industry and related issues; execute projects from the CEO board.
Directly search, approach, and expand the customer and supplier database in restaurants, cafes, hotels, and franchises in Ho Chi Minh City and southern provinces (including Da Nang and Nha Trang).
Engage with customers to understand needs and generate demand; negotiate with customers to achieve business results.
Analyze market conditions and the strengths and weaknesses of competitors in the same field and scope of business; plan sales accordingly.
Research and evaluate overall customer preferences to build sales plans that maintain strong client relationships.
Lead and train the sales team to become company ambassadors; manage activities and develop plans for the team to meet targets; ensure overall revenue goals are met."
Area Sales Manager,600.0,2.0,Ho Chi Minh City,"Lead and develop a team of sales staff to achieve growth and revenue targets.
Plan and implement business strategies to expand the customer base and ensure broad brand coverage.
Recruit, train, and monitor the performance of the sales team.
Build and maintain long-term relationships with customers and partners.
Develop and implement sales programs from planning to closing and delivery, and report on results.
Identify potential markets and monitor market changes, along with competitors and new products."
Sales Executive,320.0,0.5,Hanoi,"Identify and pursue potential customers using the company's data platform and self-sourced data.
Develop and maintain relationships with agencies and furniture stores to promote and sell company products.
Represent the company in customer interactions, handle sales, and present product information.
Manage credit collection processes, resolve customer issues and complaints post-sale.
Products include Nano, laminate, plastic flooring, PVC wall panels, outdoor wood-plastic composite, accessories, multi-purpose glue, silicone, and related items.
Requirements: experience in sales or business development preferred; training provided for those without experience; male candidates preferred; driving license required; ability to build strong customer relationships; good health, energetic and proactive."
Sales Manager,480.0,3.0,Hanoi,"Build, manage, and develop the sales team to drive performance.
Train and coach sales staff to enhance skills and effectiveness.
Monitor and evaluate sales staff performance regularly.
Ensure achievement of business targets in sales, market share, and product coverage.
Develop market growth strategies, identify new customers, and maintain relationships with existing clients.
Oversee daily sales activities and support issue resolution; collect market data and prepare periodic sales reports with analyses."
Pharmaceutical Sales Manager,720.0,2.0,Long An and seven other locations nationwide,"Advise leadership on sales plans and market development.
Manage OTC Medical Representatives to achieve monthly, quarterly, and annual sales targets.
Support sales representatives in selling activities and resolve issues arising during the sales process.
Monitor accounts receivable and report sales results to leadership.
Develop existing customer networks and identify new potential customers within the region.
Coordinate with Marketing to implement promotions and after-sales programs for customers."
Logistics Sales Executive,800.0,1.0,"Nam Dinh, Thai Binh, Ha Nam","Achieve revenue targets by identifying and acquiring new customers and expanding the customer base.
Approach, present, and advise the company's logistics services to potential clients.
Develop plans to acquire new customers to meet KPI targets for new client development.
Coordinate with the Sales Manager to approve negotiations, pricing, discounts, and commissions.
Prepare quotes and contracts for customers and negotiate terms to satisfy client requirements.
Support marketing in assessing the effectiveness of new products/services and monitor customer information.
Maintain customer relationships within assigned regions and branches, and provide timely updates to customers."
Frontend Developer (Angular),720.0,0.0,"Hanoi, Vietnam","Develop front-end system for the website layer and collaborate with the back-end programming team to implement the product UI.
Build and optimize the user interface for the product to achieve the best possible user experience.
Work onsite at the client's bank office in central Hanoi.
Require 3 years of Front-End development experience and 2 years of Angular experience.
Strong knowledge of JavaScript (ES6+), TypeScript, and experience with Angular forms and form validation; familiarity with UI frameworks such as Ant Design, Bootstrap, or PrimeNG.
Participate in code reviews and ensure responsive, accessible, and high-performance front-end implementation.
Translate requirements into technical tasks and contribute to testing and quality assurance."
Sales and Project Executive,400.0,2.0,Hanoi,"Manage and coordinate construction projects from initiation to completion.
Work closely with stakeholders such as clients, contractors, and suppliers to ensure projects are completed on time, with quality, and within budget.
Analyze and assess potential project risks; propose preventive and corrective measures.
Prepare and present project progress reports to leadership and clients.
Participate in negotiation, contract signing, and manage relationships with clients.
Support pre-sales and marketing activities for new projects."
Angular Developer (Japanese N2),880.0,0.0,"Hanoi, Vietnam","Read and study design documents and participate in the full software development lifecycle including system design, technology selection, coding, quality assurance, and deployment.
Collaborate with the Backend API team to discuss, design, coordinate, and advise on API integration.
Explore and prototype new technologies, designing applicable solutions for the current system.
Keep up-to-date with the latest technologies and incorporate them into system design where appropriate.
Report progress to management and maintain clear communication within the team.
Requirements: minimum 2 years of Angular experience, strong JavaScript and CSS skills; Japanese N2 proficiency or basic English; good teamwork, proactive communication, logical thinking, and ability to analyze, design, and learn quickly; IT/Software Engineering degree."
Agricultural Produce Sales Manager,600.0,3.0,Hanoi,"Plan, organize, and manage distribution of agricultural products from producers to agents, stores, supermarkets, and end customers.
Build and maintain strong relationships with business partners, customers, and stakeholders in the distribution channel.
Research and analyze market demand, customer behavior, competition, and trends to propose effective distribution strategies and programs.
Manage and develop the distribution sales team, including training, guidance, and performance evaluation.
Monitor, control, and report on sales, costs, profits, inventory, quality, and service within the distribution channel.
Address issues, complaints, and feedback from customers and stakeholders in the distribution channel."
Marketing Officer (FB Ads / GG Ads) - Digital Marketing,520.0,2.0,Hanoi,"Develop marketing strategies and campaigns for products and promotional programs aligned with the company's direction.
Implement digital marketing campaigns and build brand awareness using online advertising, social media, and related channels.
Manage online advertising platforms including Google Ads, Facebook Ads, and YouTube Ads.
Create content and write advertisements and PR articles to promote the company's products and brand.
Coordinate with departments to plan promotions and collaborate with the sales team to monitor revenue and campaign effectiveness, adjusting strategies as needed.
Design basic banners and perform other tasks as requested by leadership."
Game Backend Developer,800.0,0.0,Hanoi,"Develop and maintain backend systems for mobile games using Node.js.
Design scalable, high-performance architecture to ensure stability and scalability.
Optimize systems to support a large user base.
Collaborate with frontend teams and Game Designers to implement new features.
Troubleshoot issues and ensure continuous system operation; participate in requirements analysis and propose technical solutions.
Requirements: at least 2 years of Node.js experience; backend development for online applications or games; proficient in JavaScript and Node.js; knowledge of Express.js or Koa.js; experience with NoSQL (MongoDB, Redis) and SQL (MySQL, PostgreSQL); understanding of WebSocket, RESTful APIs, and Microservices; experience with caching and performance optimization; security awareness in web/game development; Git and CI/CD; ability to work independently and in a team; strong problem-solving and communication skills."
Manual QA Tester - English Communication,560.0,2.0,Hanoi,"Design and execute independent test cases for newly developed applications.
Provide feedback to developers on automated testing strategies, fixes, and patches.
Perform system load testing and a range of testing types including functional, integration, regression, mobile, big data, cross‑platform, component, security, performance, UI/UX, and A/B testing.
Manage and train apprentices and junior testers; document quality processes for replication in other locations.
Oversee testing projects across each phase of the Software Development Life Cycle (SDLC) and contribute to improvements in functionality, design, and usability.
Collaborate with cross-functional teams; maintain fluent English communication and stay updated on latest testing developments."
Frontend Intern,192.0,0.0,"Quy Nhon, Binh Dinh, Vietnam","Receive training on Angular, Vue.js, and React.js, plus Git commands and basic code editor usage.
Develop basic skills in HTML, CSS, Bootstrap, JavaScript, and TypeScript with emphasis on logical programming.
Full-time or part-time engagement (minimum 30 hours per week), with potential for more hours.
Must own a personal computer meeting minimum specs: 8GB RAM, SSD, and an i3 processor or higher.
Internship includes lunch allowance of 800,000 VND per month and potential path to full-time employment.
Participate in weekly knowledge-sharing sessions and company events/clubs to support career development."
Area Sales Manager (OTC Channel),720.0,3.0,Hanoi and 5 other locations,"Oversee OTC channel sales targets and regional performance for assigned areas.
Collaborate with other departments to establish sales policies and incentive schemes.
Recruit, manage, and develop Medical Representatives (MRs).
Build and maintain relationships with customers, pharmacies, and drugstores in the area.
Receive orders from customers and route to the sales administration team; provide market feedback for marketing activities.
Coordinate with Sales Admin and Warehouse to monitor sales, manage inventory, and ensure timely distribution and minimizing stockouts or expired products.
Collaborate with Accounting & HR to calculate salaries, bonuses, and selling expenses; participate in performance evaluations."
Business Development Manager (Remote),1000.0,3.0,Ho Chi Minh City,"Develop business strategies by assessing market trends, customer needs, and competitive factors to adjust advertising and sales strategies.
Monitor and evaluate sales team performance and implement productivity improvements.
Manage customer relationships and provide periodic reports on business results; propose improvement actions.
Ensure business strategies align with overall company goals.
Collaborate with cross-functional teams to drive revenue growth and market penetration.
Lead, train, and coach sales staff to enhance capabilities and performance."
Marketing Specialist - Study Abroad,400.0,2.0,Hanoi,"Manage and maintain the company website to support marketing goals.
Optimize website content to improve search engine rankings (SEO).
Edit, review, and publish content including images and videos for the website.
Plan and execute marketing campaigns and advertising initiatives, including Google Ads.
Coordinate reporting on progress to company leadership and handle additional tasks as assigned.
Collaborate with team members and demonstrate proactive learning; design experience is a plus.
Preferred candidates have 2-4 years of SEO/marketing experience and degrees in communications, marketing, IT, or related fields."
Deputy Head of Sales,1200.0,1.0,Hanoi,"Build and implement business strategy for the insurance department.
Manage and develop a team of insurance sales staff.
Plan business targets and sales quotas for individuals and the department.
Analyze market, competitors, and propose solutions to improve performance.
Build and maintain relationships with key clients and develop the existing portfolio.
Supervise customer care and resolve issues; report results to the board.
Propose product and service improvements based on customer feedback."
Frontend Mobile App Developer,800.0,0.0,Hanoi,"Develop user interfaces for web applications using Vue.js and Nuxt.
Develop hybrid mobile applications for iOS and Android.
Integrate with backend RESTful APIs and optimize UI performance.
Build reusable UI components with a responsive, mobile-first design approach.
Collaborate with designers and backend developers to implement features and participate in testing and product optimization.
Stay updated with new technologies to improve product quality and user experience."
Sales Consultant,280.0,1.0,Hanoi,"Arrange, display, and maintain clean, organized shelves and ensure adequate stock per company policy.
Monitor product expiration dates and manage inventory to ensure available stock in-store.
Participate in promotional campaigns to attract customers to the store.
Perform sales transactions, handle payments, and provide customer care.
Conduct periodic and surprise inventories at the store.
Other duties as assigned by the store manager."
Director of Agency / Sales Director,800.0,5.0,Hanoi,"Support the company's CEO in managing and operating the agency's activities.
Develop business plans aligned with short- and long-term objectives of the unit.
Establish processes, regulations, and guidelines for the company's business activities to ensure safety and efficiency.
Make investment and business decisions in line with strategy to maximize profitability.
Responsible for training, organizing the staffing structure, and managing all activities of the sales department to meet company and vendor targets.
Requires at least 5 years of leadership experience in the passenger car industry with strong strategic vision and exceptional leadership and business drive."
Director of Franchise and Sales,800.0,5.0,Hanoi,"Assist the company's CEO in managing and directing the agency's operations.
Develop business plans aligned with short-term and long-term unit objectives.
Establish processes, regulations, and guidelines for sales activities to ensure safety and efficiency.
Make investment and business decisions aligned with strategy to maximize profits.
Responsible for training, restructuring the sales department, and managing all activities to meet company and brand sales targets.
Requirements: at least 5 years of leadership experience in the passenger car sector; strategic vision, strong leadership, and passion for business; willingness to face challenges and continuously learn to adapt to a dynamic business environment."
SOC Tier 3 Specialist,2600.0,2.0,Hanoi,"Investigate and respond to cybersecurity incidents, including incident intake, analysis, containment, and remediation of malware and web shells.
Lead threat hunting efforts to identify advanced or persistent threats within information systems and report findings.
Conduct threat intelligence activities by gathering and analyzing information on campaigns, new malware, and data exposures; produce intelligence reports.
Perform rapid and in-depth malware analysis, including reverse engineering, to understand attack techniques and behaviors.
Develop training materials and labs for colleagues to enhance security operations capabilities.
Improve incident response frameworks and detection capabilities, aligning with security standards and best practices."
Deputy Head of Sales,1200.0,1.0,"Hanoi, Vietnam","Develop and implement the sales strategy for the insurance sales department to drive growth.
Lead, manage, and develop the insurance sales team; set individual and department targets and monitor performance.
Analyze market, competitors, and trends; propose strategies to enhance sales effectiveness and market share.
Build and maintain relationships with major clients; nurture and expand the existing client portfolio.
Supervise customer care processes, resolve issues, and provide periodic sales performance reports to senior management.
Requirements include college degree or higher in Economics, Finance, Insurance, or related fields; strong leadership, planning, communication, negotiation, and analytical skills; proficient in office software."
System Administrator,1000.0,3.0,Hanoi,"Develop and maintain enterprise data systems, data warehouse, and tooling to support information management.
Support the design and deployment of process workflows and software development governance frameworks.
Provide training and guidance on processes to employees, with periodic refresher sessions.
Organize and participate in ISO 9001 and ISO 14001 certifications and maintain related documentation.
Create and manage enterprise data repositories and management reporting; ensure data accuracy and timely insights.
Implement quality management practices, monitor compliance, and continuously improve ISO documentation systems; collect and respond to customer feedback."
Medical Representative / Business Development Manager,360.0,1.0,"Hanoi and Ho Chi Minh City, Vietnam","Plan and execute sales activities within the assigned territory.
Have thorough knowledge of product features, benefits, and policies to advise customers.
Understand customer psychology and needs to provide direct consultation and product introductions.
Identify and cultivate new and potential customers while maintaining existing client relationships.
Monitor and coordinate with the Accounting Department on debt collection for assigned customers.
Collect and summarize competitor information and market trends."
Offline Marketing Officer,320.0,1.0,Da Nang,"Organize traditional advertising events and set up stages and equipment for events at the center.
Ensure the effectiveness of offline marketing campaigns across channels such as showroom locations, outdoor events, and other offline media.
Execute multi-channel offline marketing activities to nurture students, communicate, and attract potential customers to the company.
Conduct market research and surveys to inform product improvements or new product development.
Design brand and product identity materials (website, banners, posters, brochures, catalogs, profiles, business cards, presentations, promotions).
Coordinate with the Marketing team to develop concepts for product images/videos, perform shooting and editing as required.
Assist with planning and budgeting, and obtain quotes for activities, programs, and events at the center."
Telesales / Financial Advisory Officer,400.0,0.0,Ho Chi Minh City,"Utilize the company’s call center system to contact customers for financial consultations.
Receive pre-supplied data; no lead generation required.
Assist customers with loan application procedures; product focus on cash loans; documents required include only CCCD for quick approval (within approximately 30 minutes).
Update call status in the system and maintain accurate records.
Prepare reports and perform other tasks as assigned by the supervisor.
No experience required; however, candidates with telemarketing, financial advisory/insurance, or customer service experience are preferred; strong phone communication and clear, articulate speaking abilities are essential.
Work in office locations in Ho Chi Minh City (Tan Binh district)."
Senior Backend Developer,1000.0,5.0,Hanoi,"Collaborate with product and design teams to understand problems and requirements, provide feedback options, pros and cons, estimates, and schedules.
Take responsibility for end-to-end product delivery with technical managers.
Work with designers, frontend engineers, and QA to design and implement scalable, robust technical solutions.
Write reusable, extensible, and testable code.
Collaborate closely with iOS engineers to ensure features are completed on time and with high quality.
Communicate effectively, define and solve problems, and work closely with other teams to support each other.
Identify issues and inefficiencies in code and systems, and propose and implement improvements."
Sales Executive / Advisor - Agricultural Produce,480.0,0.0,Ho Chi Minh City,"Sell and advise on agricultural produce products to customers in the farm produce sector; build and maintain relationships with existing clients and proactively seek new ones.
Analyze customer needs to propose suitable solutions and provide after-sales support to ensure customer satisfaction.
Monitor and report sales performance and periodic business results to guide planning and decision-making.
Conduct market and competitive research to inform effective sales strategies and business development opportunities.
Collaborate with internal teams to meet targets, ensure timely delivery, and improve customer experience.
Meet and exceed performance expectations, demonstrate initiative, and be willing to travel as required when necessary."
Nurse,320.0,1.0,Hanoi,"Welcome and coordinate patients for clinic services, ensuring smooth patient flow.
Assist with cash register operations when needed.
Perform nursing procedures such as blood draws and injections.
Support imaging staff in patient intake: forms, referring documentation, contrast administration, prep, and maintaining waiting area cleanliness.
Assist doctors during ultrasound procedures and communicate results.
Manage billing handover to the front desk and coordinate with other departments during service delivery.
Ensure sanitation and storage of medical supplies and consumables."
Database Administrator Internship,80.0,0.0,Hanoi,"Participate in researching, consulting, designing, and implementing database solutions.
Provide remote and on-site technical support to meet customer requirements 24/7.
Guide usage and deliver training/technology transfer to customers.
Complete relevant certifications and work on related database products; follow a development roadmap.
Requirements: third- or fourth-year IT/telecom students or fresh graduates; full-time preferred or at least 50% workload; GPA 3.0/4.0 or higher; English proficiency TOEIC 600+; knowledge of SQL; foundational Linux knowledge; exposure to DBA, Big Data through study or internships.
Desired traits: curiosity, diligence, self-learning, strong problem-solving skills, willingness to learn, perseverance, and resilience."
"Bank Telesales Officer in Dong Da, Hanoi",320.0,0.0,Hanoi,"Make outbound calls following predefined scripts to promote MB Bank products and provide customer care.
Perform calls for two channels: OB Service (services quality and debt reminders) and OB Sale (selling MB Bank products).
Respond to customer inquiries and support sales activities to achieve targets.
Qualifications: male or female, aged 20-33, education from secondary level or higher.
Maintain a clear, articulate speaking voice with no strong regional accent.
Prior experience in customer service or sales is a plus and is considered an advantage."
Frontend Developer,1000.0,5.0,"Hanoi, Vietnam","Design and develop real-time web/app user interfaces using React and Vue; connect front-end to back-end systems, APIs, and databases smoothly.
Collaborate effectively with other teams to complete assigned projects.
Research algorithms and new technologies to optimize user experience.
Strong knowledge of CSS and CSS frameworks (e.g., Bootstrap, ElementUI); proficient in converting Figma designs to HTML/CSS.
Proficient in RESTful APIs; ES6+ JavaScript/TypeScript; React, Vue, and libraries such as Hooks, Context, Redux, Vuex; SSR experience with Next.js or Nuxt.js.
Experience with Webpack, Vite, and optimizing cross-browser compatibility and performance; familiarity with real-time libraries like WebSocket, Socket.IO, MQTT is a plus."
IT Specialist (Chinese Language),400.0,0.0,Bắc Giang,"Manage network, software, and hardware systems.
Oversee information security and data management systems; monitor and maintain security operations.
Troubleshoot security and data management issues; provide support for related incidents.
Proficiency in Chinese (speaking, reading, and writing) required.
Knowledge of networking concepts including subnets, VLANs, and security measures; install Fortinet devices, firewalls, and VPNs.
Work location: Bac Giang"
Assistant to Chief Executive Officer - Performance Marketing,600.0,3.0,Hanoi,"Oversee daily reporting of performance marketing campaigns, collect and analyze data from platforms (Facebook, Google, TikTok) to assess results.
Identify issues reducing effectiveness, propose improvements to leadership, and monitor KPIs to ensure campaigns meet targets.
Research and apply AI technologies to optimize multi-channel marketing; integrate AI to automate data analysis, trend prediction, and campaign optimization.
Collaborate with AI/Tech teams to develop automated AI systems for marketing operations; propose process improvements from data collection to real-time adjustments.
Stay updated on AI Marketing trends, prepare reports on potential AI applications, and propose long-term AI strategy for sustainable marketing.
Ensure data security and work with teams to develop optimal solutions, maintaining high execution speed and accountability.
Support cross-departmental collaboration (Marketing, Tech, HR) to implement AI tools and measure effectiveness."
Key Account Sales Executive (KA),320.0,1.0,Ho Chi Minh City,"Develop and expand the key account channel in the designated area by covering and growing key customers.
Expand the company's product portfolio at the point of sale for key accounts.
Implement the assigned volume and sales targets for the area.
Drive business development objectives as assigned in each period.
Requirements: College or university degree.
Desired skills: strong communication, negotiation and sales abilities; proficiency in Microsoft Office; professional appearance and demeanor; discipline, honesty and perseverance."
Customer Service / Telesales Advisor (No Experience Required) - Fixed Salary 15 Million VND,600.0,0.5,Ho Chi Minh City,"Make outbound calls using company-provided data to introduce and promote products to customers.
Provide information and support related to health assistance programs for low-income individuals and investment/retirement planning services.
Maintain customer care throughout the participation and usage of company services.
Work schedule from 21:00 to 06:30, Sunday–Thursday (off Friday & Saturday), with Sunday 22:00–06:00; adjust for multiple time zones.
Require at least 22 years old; energetic, positive, persistent; training available for those without prior telesales/customer service experience.
Benefits include a base salary with commissions and unlimited bonuses; training period of 2 months; data provided; opportunities for career advancement."
Dermatologist,600.0,0.0,"Hanoi, Ho Chi Minh City","Conduct R&D on products and training protocols for distributors to directly train partnering doctors and spa owners.
Engage with clients: support the sales team to visit partner facilities to demonstrate products/services, train, and transfer treatment protocols.
Deliver internal training: participate in teaching, prepare lecture materials, and conduct company professional training for staff.
Represent the brand at industry events, conferences, and seminars as a product physician when requested (organized by the company or sponsors).
Perform additional tasks as directed by leadership and provide daily work reports.
Requirements: medical doctor/pharmacist/physician; preference for dermatology specialization; recent graduates welcome; strong communication and knowledge transfer skills; proactive and team-oriented; experience managing a team is a plus."
Senior QA Engineer,880.0,4.0,Hanoi,"Design and execute test cases for web and mobile applications based on product requirements.
Read documentation, prepare test data, and ensure comprehensive test coverage.
Identify, log, and track defects; perform thorough regression testing.
Execute test cases accurately and document results for traceability.
Produce bug reports and daily progress updates; collaborate with the Test Leader.
Demonstrate strong knowledge of software testing, API testing (Postman) and DB testing (SQL); maintain good English communication."
Debt Collection Assistant - 15-30 Million VND in Ho Chi Minh City - Office Hours - Sundays Off,600.0,0.0,Ho Chi Minh City,"Conduct outbound calls to persuade customers to repay overdue loans.
Gather information and propose viable repayment options to enable loan settlement.
Update customer status in internal systems and CRM.
Report work results and performance metrics to supervisors.
Requirements: high school diploma or equivalent; experience in customer service, sales, or telesales in finance or debt collection preferred.
Strong communication and situational handling skills; proficient telephone communication and information synthesis; ability to work under pressure.
Demonstrates honesty and professional ethics."
UI/UX Designer,600.0,2.0,Hanoi,"Collaborate directly in the product development process for mobile apps and websites to ensure user-friendly, intuitive, and visually appealing UI/UX.
Work closely with developers, marketing, and product management to ensure designs meet project requirements and goals.
Analyze target user profiles to design UI/UX that aligns with customer personas.
Develop and wireframe wireframes, prototypes, UI and UX concepts to illustrate ideas and user scenarios.
Validate UI/UX after production deployment and monitor metrics to inform improvements.
Research and apply new UI/UX design trends and incorporate them into designs."
Agricultural Produce Sales Manager,600.0,3.0,Hanoi,"Plan, organize, and oversee distribution of agricultural products from producers to agents, retailers, supermarkets, and end customers.
Build and maintain strong relationships with business partners, customers, and stakeholders in the distribution channel.
Research market needs, customer behavior, competition, and trends to propose effective distribution strategies and programs.
Lead, train, and evaluate the performance of the distribution sales team.
Monitor and report on sales, costs, profits, inventory, quality, and service across the distribution channel.
Propose and execute promotional activities and sales support for the distribution channel; collaborate with other departments as needed."
Sales Manager (New ALPHA Project),1400.0,1.0,Hanoi,"Develop and execute business plans to drive growth.
Expand the customer base and manage sales activities.
Monitor and supervise daily sales performance.
Provide end-to-end customer support before, during, and after sales.
Build and promote personal brand on social platforms (TikTok, Zalo, Facebook).
Qualifications: Bachelor's or associate degree; age 25–40; strong interest in sales, communication, and professional presentation; eager to learn; preferred experience in sales, banking, or insurance."
Aesthetic Physician,1200.0,2.0,Ca Mau and seven other locations in Vietnam,"Conduct patient examinations and provide tailored service recommendations to clients.
Perform non-surgical aesthetic procedures (filler, botox, mesotherapy, threading, etc.).
Ensure adherence to skincare protocols and treatment plans trained and transferred by the company.
Coordinate with spa management and branch staff; record, monitor, and report treatment outcomes across sessions to support advisory decisions.
Requirements: gender either male or female; minimum 2 years of experience with proficiency in filler, botox, meso, and threading; preferred dermatology/aesthetic background; willingness to travel.
Maintain professional appearance and strong client consultation skills; flexible to work at multiple locations nationwide."
Executive Assistant and Translator to CEO,1200.0,3.0,"Ho Chi Minh City, Bình Dương","Support the CEO by organizing daily tasks and managing schedules.
Coordinate travel arrangements and schedule meetings with clients and partners.
Attend meetings with partners/clients and provide interpretation support as needed.
Prepare daily work reports and accompany the CEO on business trips.
Willing to work at the Saudi headquarters or travel to Saudi Arabia, Malaysia, and other locations as required.
Requirements: female, presentable appearance; fluent English (IELTS >= 5.0 or TOEIC 600); accurate translation and interpretation experience; conversational Chinese (HSK 3) or equivalent; proactive, sociable, able to organize work efficiently; proficient in MS Office."
Project Coordinator,640.0,4.0,Ho Chi Minh City,"Receive information from the Construction Command Center and coordinate project activities.
Monitor project progress to ensure adherence to the approved plan.
Manage project costs and maintain quality management records.
Ensure safety management for the project.
Serve as liaison between the Construction Command Center and related departments.
Additional details will be discussed during the interview."
Sales Manager,800.0,2.0,Hanoi,"Lead sales of stainless steel products including filtration vessels and industrial tanks, and develop the market for stainless steel pipes and fittings.
Develop business plans and sales strategies for the team to achieve targets and KPIs.
Support team members in acquiring new customers and maintaining existing and potential customers.
Train and monitor the performance of the sales team.
Empower and guide team leaders to manage their teams and implement sales plans.
Maintain cross-department relationships to drive company activities and growth."
Scrum Master,1000.0,2.0,Hanoi,"Plan, advise, and implement Scrum in software projects aligned with the company's direction.
Ensure Scrum events are conducted actively, effectively, and within the prescribed Scrum timebox.
Coordinate and organize work to ensure the Scrum framework operates correctly and efficiently; remove obstacles affecting progress.
Train team members to have a clear understanding of the Scrum framework, its application principles, and execution methods.
Monitor and supervise the implementation process of Scrum and address blockers to the team’s progress.
Requirements: At least 2 years of experience in a similar role; good English communication skills; ability to participate in and support multiple projects; understanding of Agile methodologies; proficient in Jira and Confluence."
Agency Director / Sales Director,800.0,5.0,Hanoi,"Support the company's CEO in managing and operating the agency's activities.
Develop business plans aligned with short-term and long-term objectives.
Establish processes, regulations, and guidelines for the company's sales activities to ensure safety and efficiency.
Make investment and business decisions in line with the strategy to maximize profitability.
Responsible for training, staffing, and managing the entire sales department to achieve company and brand targets.
Requirements: at least 5 years of leadership experience in the passenger car industry; strategic vision, strong leadership, and passion for business; willingness to face challenges and adapt to a dynamic business environment."
Project Management Specialist,600.0,2.0,Hanoi,"Coordinate overall project activities: intake requirements, analyze requirements, design system solution, plan and execute the project.
Prepare project plans and manage project schedules.
Manage project scope, initial work items, and change requests.
Manage project resources including cost, personnel, technology, and time.
Communicate with customers, partners, and internal units to execute the project; report progress, quality, and issues to superiors.
Manage project documents and records; build, train, and oversee project team."
E-commerce Market Development Specialist (Remote),600.0,0.5,Ho Chi Minh City,"Execute marketplace marketing campaigns according to corporate directives to attract actual customers.
Plan daily work and set customer-targeted goals on a daily basis.
Create promotional content and disseminate offers within the customer community.
Monitor sales performance for the customers under management.
Collaborate with team members; demonstrate negotiation and persuasive communication skills.
Provide enthusiastic and positive customer service with flexible working hours and a results-based incentive structure."
Cybersecurity Specialist,360.0,0.0,"Hanoi, Ho Chi Minh City","Develop and monitor the overall information security system, track security events, identify anomalies, assess vulnerabilities, and report violations or incidents.
Develop and implement information security regulations, procedures, and policies to ensure compliance with laws and industry standards in finance and securities.
Research, propose, and implement new security technologies to enhance monitoring, promptly respond to incidents, and implement preventive, deterring, or alerting measures.
Deploy alert and intrusion detection systems to identify real-time threats and respond quickly to security incidents.
Collaborate with other departments to scan technical weaknesses, assess and test IT applications, servers, and network security, and develop remediation plans for vulnerabilities.
Manage user access rights and verify access to financial trading systems and existing company software."
Technical Leader,2000.0,5.0,Hanoi,"Participate in designing and delivering system architectures for new projects; lead system design and implementation.
Troubleshoot bugs and incidents, diagnose root causes, and implement temporary and permanent solutions with timely response.
Lead and deliver technical training to elevate the IT capabilities of the team; mentor colleagues.
Monitor project progress, manage risks, and maximize the performance of the tech support team.
Required skills: hands-on experience in building Web (PHP), Native Apps (iOS/Android), and Cross-platform Apps (Flutter); cloud (AWS) and cloud-based architectures; AI project deployment; network and security knowledge.
Strong communication, problem solving, project management, and keen interest in learning new technologies; Japanese language proficiency is a strong advantage."
Frontend Developer,600.0,3.0,Hanoi,"Develop and maintain user-friendly web applications and interfaces.
Collaborate with designers and backend developers to implement new features and optimize existing ones.
Ensure high performance and responsiveness across devices and browsers.
Write clean, maintainable, and efficient code while adhering to best practices.
Participate in code reviews and provide constructive feedback to team members.
Stay updated with emerging trends and technologies in frontend development."
"Sales Executive / Sales Representative / Consulting Staff - Immediate start in Hanoi, Binh Duong",360.0,1.0,"Binh Duong, Hanoi","Market and sell the company's products in Vietnam.
Achieve growth and meet assigned sales targets.
Generate business leads for building materials and wood products and closely follow up on sales opportunities.
Monitor and manage customer aging, ensuring prompt collections and adherence to credit terms and limits.
Provide regular, timely sales activity reports and conduct periodic sales presentations.
Maintain the customer database.
Conduct market research, analyze competitors, and provide insights on new products or other matters to Management."
Sales Online Executive,520.0,0.0,"Phan Thiet, Bình Thuận, Vietnam","Confirm all tours on travel e-commerce platforms using standard templates to send service confirmation messages and emails to customers.
Upsell and sell to all customers who contact the company.
Remind customers 1 hour before tour departure and follow up with them.
Care for customers, request post-tour feedback and reviews.
Handle direct calls from customers (WhatsApp and hotline) with professional yet friendly language.
Provide weekly and monthly reports detailing issues, feedback from other departments and service providers to improve sales processes and outcomes.
Participate in training on products, sales skills, and customer service to enhance capabilities and performance."
Medical Sales Representative / Business Development Lead,360.0,1.0,"Hanoi, Ho Chi Minh City","Plan and execute sales activities in the assigned area.
Acquire deep product knowledge (features, benefits, policies) and present to customers.
Identify customer needs and provide consultative sales.
Prospect new and potential customers and nurture existing accounts.
Coordinate with the Accounting Department on receivables and debt collection for the customers.
Monitor competitive landscape and report insights; perform other duties as assigned."
Head of Sales,720.0,3.0,"Dong Nai, Ho Chi Minh City","Build and organize the sales department structure and oversee all sales and marketing activities.
Establish operational processes, plans, and sales strategies aligned with company objectives to achieve targets.
Directly lead and manage all sales and marketing operations to drive business growth.
Develop pricing policies and set marketing guidelines for board approval.
Build, develop, and maintain the customer base, prospect new customers, and expand market share.
Qualifications: Bachelor's degree in Economics/Business, 3+ years of relevant experience, strong leadership and management skills; good market analysis, negotiation and communication; English proficiency; preference for candidates with experience in cold storage, radiation, or related freight forwarding/import-export sectors."
Sales Admin,320.0,1.0,"Hanoi, Vietnam","Process orders, approve orders, and issue sales invoices.
Receive and address customer feedback related to business activities.
Support the sales department by providing documents, policy information, and working tools; assist in market development.
Understand and categorize customers to tailor appropriate customer care policies.
Assist in designing promotional programs, gifts, and customer appreciation initiatives.
Monitor debt collection and customer payment progress; compile regular sales reports; track employee sales performance and attendance; perform other tasks as directed by superiors."
Sales/Consultant for Mixology Courses,280.0,1.0,Ho Chi Minh City,"Advise and assist customers with information about company services, including Mixology courses and related ingredients supplied by the company.
Close orders and sign contracts.
Manage inquiries via messaging and the customer care hotline.
Prepare and submit work reports to supervisors.
Perform additional flexible tasks as assigned by management.
Required: strong persuasion, communication, and problem-solving skills with a clear, engaging voice; proficient computer skills and fast typing; reliable, responsible, and able to work in a team; creative, eager to learn, detail-oriented, and able to handle pressure; high school or vocational qualification."
Assistant to the Chief Executive Officer - Performance Marketing,600.0,2.0,Hanoi,"Prepare and report daily performance metrics for advertising campaigns across platforms (Facebook, Google, TikTok, etc.); collect and analyze numerical data to evaluate results and monitor KPI targets.
Identify issues reducing efficiency and propose improvement solutions to leadership; closely track KPIs to ensure campaigns meet objectives.
Research and apply AI in marketing; explore advanced AI technologies for cross-channel optimization and integrate AI to automate data analysis, trend forecasting, and campaign optimization; collaborate with related departments to deploy AI tools.
Collaborate with AI/tech teams to develop automated AI workflows for marketing operations; propose improvements to data collection, budget optimization, and real-time campaign adjustments using AI; participate in evaluating new AI tools.
Study and update AI marketing documentation; summarize latest AI marketing trends and report potential applications to leadership; propose long-term AI strategies for sustainable marketing innovation.
Requirements include age 23-28, female; university degree in Marketing, Business Administration, E-commerce, or related fields; minimum 2 years in Digital or Performance Marketing; proficiency in data analysis and advertising tools (Google Analytics, Facebook Ads Manager, Google Ads); experience applying AI or automation in marketing; meticulous, detail-oriented, and capable of fast, independent work with AI support tools."
Network Implementation and Maintenance Technician,280.0,0.0,"Hanoi, Vietnam","Install and maintain internet services (ADSL, FTTH) for customers, including cabling from the network provider to the customer premises.
Inspect, repair, and troubleshoot internet transmission issues related to customer lines and in-home devices.
Advise and assist customers with using and configuring affiliated services (e.g., FPT TV, Wi-Fi equipment).
Provide on-site technical support at customers' locations.
Engage with customers to deliver personalized experiences across online and offline touchpoints.
Demonstrate foundational networking knowledge (IP addressing, DNS, web access) and carry out basic fault isolation."
Residential Real Estate Sales Associate - No Experience Required,400.0,0.0,Hanoi,"Learn and apply professional knowledge through company training.
Survey properties available in the company's inventory.
Post listings on property websites and real estate groups.
Identify and engage potential clients, collect client information, and advise on suitable products (training and one-on-one support provided by a supervisor).
Provide negotiations on pricing and assist with post-purchase procedures.
Work in a youthful, dynamic environment with structured career advancement and team support."
Medical Representative / Sales Executive,360.0,1.0,"Hanoi, Ho Chi Minh City","Plan and execute sales activities within the assigned sales territory.
Maintain in-depth knowledge of products, services, features, and policies to inform customers.
Identify customer needs, advise and present products accordingly.
Prospect new customers and nurture both potential and existing clients.
Monitor and coordinate with the Accounting Department to support debt collection for assigned customers.
Monitor and summarize competitor information in the market; perform additional duties as required."
Sales Manager,480.0,2.0,Hai Duong,"Lead and manage the sales department and oversee business activities for the company.
Plan and execute actions to achieve assigned revenue targets.
Allocate targets and monitor, motivate, and coach the performance of each staff member in the department.
Identify and expand business relationships with schools, educational centers, and parents.
Provide direct consultation on educational products, printing, publishing, and school experience programs.
Conduct market and customer research and monitor competitive information; manage post-sales issues beyond the frontline staff scope."
"Automotive Sales Executive at Showroom - Up to 30 Million VND - District 6, Ho Chi Minh City",800.0,0.0,Ho Chi Minh City,"Greet customers at the showroom and assist with their needs.
Present cars to customers, including features and available test drives.
Analyze customer requirements and preferences to propose suitable options.
Discuss contract terms with customers and facilitate the sales process.
Track payments and hand over vehicles to customers.
Explain vehicle usage and warranty/maintenance policies prior to delivery.
Follow up with customers after delivery to build and maintain relationships; perform other sales department tasks as assigned by supervisor or Head of Sales."
Payment Reminder Officer,600.0,0.0,Ho Chi Minh City,"Conduct outbound calls to persuade customers to pay overdue loans.
Gather information and propose feasible payment options to settle debts.
Update customer status in the company system.
Report work results and performance metrics.
Requirements: High school graduation; experience in customer service, finance sales/tele-sales, or debt collection for more than 3 months.
Strong communication and problem-solving skills; ability to communicate via telephone and convey information clearly.
Honest, ethical with professional integrity."
Senior Manual Software Tester,1280.0,4.0,Ho Chi Minh City,"Plan and perform detailed test planning and test case development for Web Applications, with emphasis on PHP-based systems.
Execute functional, regression, smoke, acceptance, monkey, and integration testing; log defects and track bug fixes.
Manage and monitor the lifecycle of issues to ensure timely resolution and quality delivery.
Improve and update existing test cases to enhance coverage, reliability, and efficiency.
Collaborate closely with the PHP development team to ensure product quality aligns with design.
Requirements: minimum 4 years of manual testing experience; strong understanding of cloud-based applications and web app testing; experience with PHP-based web apps; knowledge of testing techniques and tools (e.g., Postman); strong analytical and problem-solving skills; ability to work independently and manage time effectively; good communication skills."
Sales Administrator,500.0,1.0,"Hanoi, Ha Nam","Handle order intake and processing end-to-end.
Coordinate order fulfillment and shipment activities.
Oversee pricing management and related policies.
Serve as the primary point of contact for customers.
Collect and analyze revenue information and customer data.
Investigate and monitor customer satisfaction levels.
Calculate material costs and support related operational tasks."
Sales Manager (ALPHA New Project),1400.0,1.0,Hanoi,"Plan business development strategies and demand generation.
Develop and expand the client base.
Supervise sales activities and ensure targets are met.
Support customers before, during, and after the sale.
Develop personal brand on social platforms (TikTok, Zalo, Facebook).
Qualifications: University degree (college/ bachelor); age 25-40; strong interest in sales, advisory communication, professional style, and willingness to learn.
Preferred: experience in sales, banking, or insurance."
Mobile Developer,680.0,0.0,Hanoi,"Design and develop mobile applications for banking and fintech domains.
Collaborate with Product Owner, Project Manager, and Business Analyst to design, build, and deliver the product; work with Backend and UI/UX teams to define requirements and integrate APIs.
Work in a team or independently, communicating effectively with superiors and project stakeholders.
Require a minimum of 2 years of hands-on experience with React Native or Flutter; familiarity with architecture patterns such as MVC, MVP, MVVM; preference for experience with Micro Frontend and Mini Apps.
Experience with local storage options and API integration (RESTful, gRPC, GraphQL, Socket, WebSocket, etc.); knowledge of design and prototyping tools (Figma, Zeplin, etc.).
Experience with Git and Git Flow; knowledge of packaging native modules or bridging libraries for cross-platform apps; focus on performance optimization and reducing app size."
Manual Tester (Banking Project),920.0,2.0,Hanoi,"Organize and manage project team's tasks.
Participate in testing software projects on web, PC, or mobile platforms.
Plan test strategies, assign tasks, and monitor team progress within the project.
Perform functional and performance testing of the product.
Reproduce and track defects, log bugs, and ensure project quality.
Write software usage documentation.
Coordinate with team members and related departments to ensure software quality before handover to customers."
Regional Manager / Area Manager / ASM,720.0,1.0,Hanoi,"Oversee store operations and regional revenue management across multiple outlets.
Monitor and control costs including losses, waste, staffing, energy, repairs, and other expenses.
Ensure compliance with processes and regulations, including opening/closing shifts, inventory, revenue submission, and security standards.
Manage inventory and merchandising, plan weekly orders and adjustments aligned with company targets for revenue and costs.
Develop and implement sales promotion plans and customer engagement activities to attract new customers.
Supervise human resources: recruitment, training, scheduling, and maintaining staffing levels; communicate new policies to staff; address store issues to maintain a healthy work environment."
Sales Associate - Admissions Counseling - Telesales,800.0,0.0,"Hanoi, Vietnam","Conduct outbound calls to consult, introduce, and invite potential customers to a trial English course using monthly data sources.
Identify customer needs and nurture relationships through telephone and online channels (Zalo, etc.) to promote products.
Build rapport, engage customers, and persuade them to use the product; assist with account setup, scheduling, and class reminders.
Requirements: female candidates aged 23-29 (born 1995-2001), college degree or higher; minimum 1 year of telesales or admissions consulting experience; resilient and ready for coaching.
Receive structured training on telesales and admissions consulting; participate in KPI-based rewards and performance incentives.
Work in a multinational company environment with clear opportunities for salary advancement and professional growth."
Java Developer,1000.0,0.0,"Hanoi, Vietnam","Participate in the development of software projects in the banking, finance, Japanese and English-speaking markets.
Design, implement, and unit test Java applications using frameworks such as Spring MVC, Spring Boot, or Hibernate.
Review code and support team members; coordinate with multiple groups to deliver projects.
Require at least 3 years of Java experience with strong knowledge of web frameworks and microservices architecture.
Proficient in HTML, CSS, and JavaScript with basic knowledge of a frontend framework (Vue, React, Angular) for interactive UI development.
Experience with message queues (ActiveMQ, Kafka), RDBMS (SQL Server, PostgreSQL) and NoSQL (Cassandra, MongoDB); Linux knowledge."
Regional Manager - ASM (Traditional Dealer Channel),800.0,2.0,Hanoi,"Manage the assigned regional area and drive market development.
Identify and acquire new customers within the region for agricultural machinery and home equipment.
Develop and execute sales plans to meet company targets and visit markets to service customers.
Update pricing, introduce new products, and communicate sales policies and promotions to customers.
Monitor competitors and provide market assessments to management.
Coordinate with relevant departments to handle customer complaints regarding quality, delivery time, and warranty; support accounts receivable efforts; and prepare regular weekly and monthly reports."
Software Project Manager,1600.0,2.0,Ho Chi Minh City,"Lead project members and resources to deliver technology and banking projects.
Oversee the end-to-end software project development process from initiation to delivery.
Participate in workshops, meetings, and discussions; track country-specific issues for assigned work streams.
Assist in risk assessment and mitigation plans; facilitate cross-workstream alignment.
Develop a master work plan for in-country applications (development, testing); liaison with Group Central PMO to propose, manage, and follow up on projects and change requests.
Share experience and assist in impact assessment, validation approaches, options and solutions, and identification of dependencies; escalate major issues to management."
Online Marketing Specialist (Google AdWords),320.0,0.0,Hanoi,"Develop online advertising strategies and Google AdWords campaigns, including detailed keyword planning and grouping by theme.
Monitor and optimize campaigns, adjust bids, and improve conversion rates.
Evaluate ad copy quality and website quality; perform quality checks.
Review and adjust campaigns to fit target goals for each campaign.
Analyze AdWords data to reduce costs and increase efficiency; provide actionable insights.
Plan, implement, and complete tasks with diligence and a long-term commitment to the company."
Business Analyst,3400.0,0.0,"Tokyo, Japan","Develop and document detailed business and functional requirements, validate user needs, and prepare product requirements for development teams and partners.
Advise clients on change requirements between legacy and new platforms, ensuring alignment with business goals.
Create UAT test scenarios and assist end-users during product testing to ensure quality and usability.
Produce end-user product manuals and guides to support adoption and usage.
Serve as a liaison for clients/partners during project deployment, providing training and domain expertise as needed.
Candidates should have a degree in foreign language studies or IT, at least 2 years of experience as a Business Analyst in IT, and fluency in Japanese (N1 level)."
Product Director,1600.0,2.0,Hanoi,"Develop product plans by researching markets and user needs to define product goals, direction, and a roadmap; drive the development plan and communicate it clearly to the product team.
Apply data analysis tools to measure product quality and enable continuous improvement throughout the lifecycle.
Implement Go-to-Market strategies and coordinate with Business/Sales and Marketing to deliver products to users; emphasize customer-centric growth and MOA-based expansion.
Manage relationships with banks and business partners; collaborate with partnerships to align product roadmaps with company targets and revenue goals; create programs to expand sales channels.
Demonstrate strong problem-solving, analytical, and communication skills; pay close attention to detail; lead and develop a high-performing team.
Maintain a competitive, technology-driven environment with a focus on delivering value and facilitating strategic growth for the product and organization."
Sales Executive (No Experience Required) - Up to 35 Million VND Plus Guaranteed Salary,480.0,1.0,Hanoi,"Develop and implement business plans to achieve sales targets and expand the client base.
Develop and manage customer portfolios; monitor and drive sales performance within assigned accounts.
Provide exceptional customer support before, during, and after the sale to ensure satisfaction and retention.
Develop personal branding and presence on social platforms including TikTok, Zalo, and Facebook to promote sales activities.
Meet and engage with potential clients; build a professional image and work in a collaborative team environment.
Requirements: University degree (Bachelor/College); age 25-40; passion for sales and a professional work style; prior sales, banking, insurance, or entrepreneurship experience is a plus."
Automation/Manual Tester - QCQA,1600.0,2.0,Hanoi,"Conduct manual and automated testing to ensure high-quality software for e-commerce solutions.
Review requirements, user documentation, and project documentation to create test plans and cases; execute manual test cases as required.
Develop and maintain automated test scripts using Playwright, Appium, or similar technologies; integrate automation with the CI/CD pipeline.
Write and maintain API tests; log bugs, assess severity, and track defect status; report progress to leadership.
Collaborate with an Agile team; ensure proper version control and configuration management of test objects and environments; document findings.
Perform non-functional testing when applicable (e.g., performance, security) and continuously improve testing processes."
Telesales / Consulting / Sales Executive in Hanoi,400.0,2.0,Hanoi,"Make outbound calls to hot leads provided to introduce products and services.
Advise and answer customer questions to best meet their needs.
Manage customer information and continuously update it in the CRM system.
Report weekly progress and sales results to a supervisor.
Build and maintain customer relationships while achieving sales targets.
Demonstrate persistence and handle objections professionally."
System Administrator,600.0,3.0,Hanoi,"Ensure network security and internet infrastructure, configure VPN, monitor multisite connections, implement load balancing, and manage firewalls (IPsec).
Maintain smooth operation of Microsoft Dynamics 365, SQL Server databases, NAV, and POS systems.
Administer and support mail servers (Exchange, Zimbra), virtualization platforms (VMware, KVM), and backup systems (Veeam).
Manage MS 365 suite, licensing, Teams, SharePoint, and tenant configurations.
Administer and configure network devices and security solutions: PfSense/Untangle/iptables/ASA firewalls, Cisco/Fortinet/MikroTik devices; implement VOIP integration.
Troubleshoot and propose improvements for network/system performance, disaster recovery planning, and ongoing technical support."
"Assistant to Deputy General Director, Business Affairs",400.0,2.0,Hanoi,"Set sales targets and plans and present proposals to the Deputy General Director.
Organize information management and customer care.
Receive and process orders.
Monitor and urge debt collection by the Accounting Department for the assigned channel.
Manage and supervise the team members in the responsible group.
Prepare for and participate in meetings as directed by the Deputy General Director.
Perform other tasks as assigned."
Regional Business Manager (Nationwide),400.0,1.0,An Giang and 28 other locations,"Manage the sales team without direct selling responsibilities and provide guidance to leadership.
Advise leadership and develop plans to implement and execute business activities across the organization.
Oversee regional and group operations to achieve assigned business targets while ensuring compliance with policies and procedures.
Plan and execute sales activities for the regional group and support recruitment and development of the sales network.
Train, coach, and mentor agents on product knowledge and job-related skills.
Monitor business activities, motivate agents, and perform additional tasks as assigned by leadership."
Area Sales Manager - OTC Channel,720.0,3.0,Hanoi and 5 other locations,"Be responsible for OTC channel sales targets and the assigned regional area, including Hanoi and additional locations.
Collaborate with departments to develop sales policies and incentive schemes for the field sales team.
Recruit, manage, and develop the Medical Representatives; build and maintain relationships with pharmacies and drugstores in the covered area.
Receive orders from pharmacies and forward to the sales administration team; collect and report market information to support Marketing activities.
Coordinate with Sales Admin and Warehouse to monitor sales, manage inventory, ensure timely deliveries, minimize stockouts and near-expiry items, and handle returns and distribution efficiently.
Coordinate with Finance and HR to calculate salaries, bonuses, and selling expenses; implement compensation and related costs."
Java Developer,1000.0,0.0,Hanoi,"Participate in software project development across banking, finance, and English-speaking markets; design, code, and perform unit testing for applications.
Review code and assist team members; collaborate across groups to drive project development.
Execute tasks assigned by the Team Lead or Project Manager; coordinate with multiple groups to deliver project goals.
Require at least 3 years of Java experience; proficient with Java web frameworks such as Spring MVC, Spring Boot, or Hibernate.
Basic knowledge of at least one frontend framework (Vue, React, Angular) to develop interactive user interfaces; understanding of microservice architecture.
Solid knowledge of HTML, CSS, and JavaScript; experience with message queues (ActiveMQ, Kafka) and relational (SQL Server, PostgreSQL) and NoSQL (Cassandra, MongoDB) databases; familiarity with Linux."
Aesthetic Sales Consultant,2400.0,1.0,Hanoi,"Conduct end-to-end sales process from greeting, consultation, quotation, negotiation to order closure and contract follow-up.
Advise clients on beauty and cosmetic services; upsell services with strong client retention.
Meet monthly and quarterly KPIs and sales targets with a steady flow of customers.
Listen to client needs, understand preferences and style to offer suitable recommendations.
Maintain post-sale customer care and follow-up.
Collaborate with the team to ensure customer satisfaction and professional service."
Pharmaceutical Sales Manager,720.0,2.0,Long An and 7 other locations nationwide,"Provide strategic input to the CEO on sales plans and market development.
Manage OTC Sales Representatives to achieve monthly, quarterly, and annual sales targets.
Support field sales activities and address issues encountered by sales staff.
Oversee customer debt collection and report sales results to senior management.
Develop and expand the existing customer base and identify new opportunities within the region.
Coordinate with Marketing to implement promotions and after-sales programs for customers; collaborate with HR to recruit, set targets, and train the sales team; monitor performance.
Report on sales performance and market dynamics, including competitor activities and new product introductions."
Bridge System Engineer (BrSE),3400.0,0.0,Hanoi,"Collaborate directly with Japanese clients, participating from requirements definition through design and development.
Coordinate with offshore teams to identify the root causes of issues and propose effective solutions.
Plan and monitor project progress to ensure timely delivery.
Conduct quality assurance on project deliverables prior to handover to clients.
Requirements: at least 3 years of experience as BrSE with JLPT N1; strong communication, problem-solving, and negotiation skills.
Work at the Tokyo office.
Opportunity to become a key member and contribute to delivery success."
Deputy Head of Sales,1200.0,1.0,"Hanoi, Northern Vietnam","Develop and implement sales strategies for the insurance sales department.
Manage, lead, and develop the insurance sales team to achieve targets.
Plan business activities and set sales targets for individuals and the department.
Analyze market and competitors to propose initiatives to improve sales effectiveness.
Build and maintain relationships with key clients and manage the existing client portfolio.
Monitor customer care processes and resolve arising issues; report performance to senior management.
Suggest product and service improvements based on customer feedback."
Deputy Head of Sales,1200.0,1.0,"Hanoi, Northern Vietnam","Develop and implement the business strategy for the insurance sales division.
Manage and develop the sales team focused on insurance products.
Plan sales targets and allocate quotas for individual employees and the department.
Analyze market, competitors, and propose actions to improve sales performance.
Build and maintain relationships with major clients and manage the existing client portfolio.
Monitor customer care processes and resolve issues; report results to the leadership.
Recommend product and service improvements based on customer feedback."
Business Manager - Import and Export,600.0,2.0,Ho Chi Minh City,"Responsible for all import-export operations of the company.
Manage customs procedures and documents for import-export, including export-import documents, sales contracts, and transfer procedures.
Receive, verify, and reconcile shipment documents to ensure accurate quantities during customs clearance at the border.
Represent the company in meetings with customs authorities and classify tariffs.
Monitor and supervise goods during transportation; stay updated on changes in laws and regulations related to import-export.
Advise on customs procedures, insurance requirements, and other customs-related matters for the company.
Develop business plans and growth strategies to achieve targets; manage and train staff to develop the team."
Business Development Manager - GT Channel / ASM GT,600.0,3.0,Ho Chi Minh City,"Maintain and open new distributors and mini supermarkets to ensure coverage targets for products.
Identify and develop key account chains across the GT channel.
Recruit and train staff as needed.
Monitor sales performance of agents and outlets; propose timely promotional programs to stimulate sales.
Build sales plans and conduct analysis and evaluation to develop the market.
Requirements: male or female, under 50 years old; 3–4 years of experience in foods, imported foods, alcoholic beverages, or dietary supplements; established client/agent/customer file and regional shop network; strong communication skills and proficient computer literacy; ability to work in a team, plan, and execute; budgeting, analysis, and reporting capabilities."
Business Manager (Remote),1000.0,3.0,Ho Chi Minh City,"Develop and adjust business strategies by analyzing market trends, customer demand, and competitive factors to optimize advertising and sales efforts.
Monitor and evaluate the performance of the sales team and implement measures to improve productivity and efficiency.
Manage and nurture customer relationships, with regular reporting on business results and evaluation of team activities to propose improvements.
Ensure business strategies align with the company's overall objectives and drive sustainable growth.
Qualifications: Bachelor's degree in Business Administration, Marketing, or related fields; 3–5 years of experience in business or e-commerce sales; 2–3 years in a managerial role.
Key skills: leadership, communication, negotiation, presentations, training, and people development.
Location: Ho Chi Minh City, Binh Thanh district; flexible working arrangement."
Senior Front-End Developer (Angular),1000.0,0.0,Unknown,"Design and implement scalable web applications for digital banking, focusing on performance, quality, and security.
Ensure code quality, clarity, maintainability, extensibility, and low defect rate.
Stay updated on emerging technologies and propose innovative solutions to improve platform quality.
Design, maintain, and develop web systems as required; collaborate with team, designers, and BAs on UI/UX and API integration with backend.
Utilize Angular 9+ with TypeScript, RxJS, Angular Material, PrimeNG; apply core Angular techniques (components, directives, DI) and optimize performance; build responsive apps; manage state with NgRx/Akita/NGXS.
Preferred: experience with Redux pattern/state management, RESTful APIs, WebSocket; AWS experience; Git proficiency; OOP knowledge; Agile/Scrum experience."
Admissions Recruitment Specialist - Hanoi,440.0,1.0,Hanoi,"Introduce, advise, and design personalized study plans tailored to the needs of learners.
Build and expand a network of prospective students beyond the provided data.
Plan and report individual recruitment results aligned with business goals and monthly recruitment plans.
Create and finalize training contracts; coordinate cross-departmentally; receive and forward student feedback on service quality.
Proactively monitor and stay informed about competitors' activities; attend and coordinate activities in periodic training programs.
Resolve issues arising from counseling with clients and perform other tasks as assigned by management; qualifications include bachelor's degree (preferred majors: finance, banking, accounting), at least 1 year of experience in a consultant/advisory role, strong communication and problem-solving skills, and presentable appearance."
Head of Vehicle and Tire Sales Department,480.0,3.0,Ninh Binh,"Responsible for budgeting targets, customer segments, data standards, monthly/weekly targets, and business KPIs.
Coordinate with sales staff to plan sales strategies for assigned products.
Implement and allocate tasks to ensure achievement of targets and safeguard the plan before deployment.
Own final responsibility for the quality and effectiveness of all sales campaigns from strategy to execution.
Organize development and optimization of processes for coordination within the Sales Department; optimize workflows and reporting templates.
Build and optimize work processes and performance measurement/reports; manage training and motivation for staff.
Prepare daily, weekly, and monthly work reports for superiors; propose ideas to improve business plans and actively study market, customers, targets to optimize sales activities."
Admissions Advisor / Course Advisor / Sales Associate / Customer Service,280.0,1.0,Hanoi,"Receive and process potential student leads from seminars and marketing campaigns.
Advise and respond to inquiries about programs and guide applicants on procedures, tuition, and enrollment.
Plan and coordinate information sessions, campus tours, admissions counseling, and school events.
Participate in events and fairs to introduce the school to parents and nurture leads.
Build and maintain strong relationships with families and prospective students to deliver excellent service.
Candidates should have a business or marketing degree (or related) and at least 1 year of experience in admissions, sales, or business development; basic English is preferred."
Fullstack Developer (English Support) - 2 to 7 Years Experience,800.0,0.0,"Hanoi, Vietnam","Participate in developing client web projects, analyze requirements, design systems and databases, and implement features.
Work in Agile/Scrum, plan, execute, monitor, and report work for each Sprint.
Support training, share knowledge, and review code for team members; contribute to team growth and leadership when experienced.
Research and adopt new technologies to be applied to projects.
Requirements: Bachelor’s degree in IT or related field; at least 1 year of Web Development experience with Backend (Node.js, Express, NestJS) or equivalent (PHP Laravel, Rails, etc.).
At least 1 year of Frontend experience with React/Next.js or Vue/Nuxt.js; strong knowledge of web development (HTML/CSS/JavaScript) and responsive design; understanding of OOP, coding conventions, and architecture patterns (MVC, MVP, MVVM).
Experience with RESTful API, design patterns, and database design with RDBMS (MySQL, PostgreSQL) or NoSQL (MongoDB, DynamoDB); ability to learn quickly and work independently or in a team; good English communication."
Area Sales Manager (OTC Channel),720.0,3.0,Hanoi; Ho Chi Minh City; Da Nang; Can Tho; Binh Duong; Dong Nai,"Responsible for achieving OTC channel and regional sales targets in assigned markets.
Collaborate with departments to establish sales policies and incentive schemes; recruit, manage, and develop Medical Representatives.
Build and maintain relationships with customers, pharmacies, and drugstores in the designated area; process orders with sales admin.
Collect market intelligence and feed back to Marketing to support campaigns; monitor sales and coordinate with Sales Admin and Warehouse on stock levels to meet targets and minimize stockouts and expired products.
Work with Accounting & HR to calculate salaries, bonuses, and selling expenses; manage overall OTC field operations.
Requirements: degree in Pharmacy/Medicine, Business Administration, Economics; 2–4 years OTC management experience in pharma or functional foods; preferably knowledge of traditional Đông y medicine; strong communication, negotiation, and persuasion skills; able to work under sales pressure."
Java Technical Leader,2000.0,0.0,"Hanoi, Vietnam","Lead Java-based software development for a web application using the Java ecosystem and open-source technologies.
Develop applications based on graphical layout designs, ensuring alignment with requirements and quality standards.
Own production services, including incident response, problem investigation, root cause analysis, and resolution.
Design and implement RESTful APIs and microservices; apply secure coding practices and follow established design patterns.
Collaborate across technical teams, mentor colleagues, and drive adoption of cost-effective, high-quality solutions.
Participate in and contribute to agile Scrum processes; establish development estimates and propose technical solutions with customers.
Continuously research and implement new technologies (e.g., cloud, containers) to maximize development efficiency and product quality."
Sales Executive - Modern Trade (Supermarket Channel),320.0,1.0,Hanoi,"Conduct market research, identify and open new sales points at supermarkets and malls within the assigned area.
Support training and manage staff at points of sale.
Monitor and update sales activities at outlets.
Work directly with supermarket and mall partners to deploy pop-up sales points.
Track receivables, remind agencies of payment schedules and stock delivery plans.
Propose and implement sales programs, discount policies, incentive schemes, and gifts for outlets; supervise promotional activities."
IT Staff,400.0,1.0,Hai Phong,"Install, repair, and maintain computer and network systems.
Manage server systems and execute related technical tasks.
Administer internal information systems: data, email, intranet, software, internet, telephony, and devices.
Operate and maintain hardware, ensuring data and IT system security.
Create videos for company special occasions.
Collaborate with the IT team and adhere to company IT policies."
Regional Business Manager - Nationwide,400.0,1.0,An Giang and 28 other locations nationwide,"Oversee a business sales team without direct selling to customers, ensuring attainment of targets.
Provide strategic advice to leadership and develop plans to implement business initiatives.
Lead the Ban/Group operations to meet assigned business goals while ensuring compliance with policies and procedures.
Plan and execute sales activities for the Ban/Group, including recruitment planning and system development support.
Train and coach agents on product knowledge and job-related skills; monitor sales activities and motivate the team.
Perform additional tasks as assigned by leadership."
Fullstack Developer (English) - 2 to 7 Years Experience,800.0,2.0,"Hanoi, Vietnam","Participate in developing client web projects, analyze requirements, design system and databases, and implement features.
Follow Agile/Scrum methodologies, plan, execute, monitor, and report work by each Sprint.
Assist in training, knowledge sharing, and code reviews for team members; participate in team building and leadership if experienced.
Research and adopt new technologies to be applied to projects.
Requirements: IT degree or related field; minimum 2 years of web development with backend NodeJS (Express, NestJS) or equivalent (PHP Laravel, Rails), and minimum 1 year with frontend frameworks (React/NextJS or Vue/Nuxt). Strong web development knowledge (HTML/CSS/JavaScript), responsive design; experience with OOP, coding conventions, and architecture patterns (MVC, MVP, MVVM); understanding of RESTful API and design patterns; experience with databases (MySQL, PostgreSQL) or NoSQL (MongoDB).
Good communication in English to interact with clients; willingness to work independently and in a team; proactive learner."
Head of Wholesale Sales,600.0,2.0,Hanoi,"Develop and implement strategy to explore and grow the wholesale fashion market.
Collect and analyze market data to identify potential markets and opportunities.
Advise leadership on strategic plans, budgeting, and wholesale operations.
Collaborate with Marketing to plan and execute campaigns targeting potential customers.
Manage execution of sales plans, propose pricing, promotions to drive revenue and brand growth.
Develop and implement sales policies, incentive programs, and customer relationship management with both existing and potential customers.
Monitor inventory and accounts receivable; report weekly/monthly/quarterly performance to senior management."
Team Leader - Female Fashion Page Direct Sales,400.0,2.0,Hanoi,"Lead the sales team for the female fashion page, coordinating full-time and part-time sales and shift coverage.
Manage data and workload distribution, ensuring appropriate coverage and performance.
Recruit, train, and develop online sales team; conduct regular coaching and 1:1 reviews.
Build and monitor daily sales performance reports; optimize strategies to improve conversion.
Develop and optimize sales processes, client care for existing customers, and product-specific consulting scripts.
Collaborate with marketing to plan campaigns and achieve KPIs; analyze market and competitors to propose promotions and sales support."
IT Security Specialist,1000.0,2.0,Hanoi,"Assess and propose security solutions for the company's IT systems.
Build, implement, and maintain information security policies, procedures, and network security systems.
Monitor, detect, analyze, and respond to cybersecurity incidents.
Research vulnerabilities and latest attack methods; stay updated on security trends.
Train and raise security awareness among employees; participate in building the security team.
Report to management on the organization's cybersecurity status."
Technical Manager,2400.0,5.0,Hanoi,"Develop and maintain large-scale backend systems and deploy new solutions.
Collaborate with project teams to analyze requirements and translate them into technical designs.
Document technical specifications, workflows, and project communications; prepare technical proposals as needed.
Assist in preparing and managing technical documents; support estimation and planning for new projects.
Research and apply new technologies to company projects; contribute to system architecture and design patterns.
Coordinate with project leaders and stakeholders to ensure timely, high-quality project delivery; report issues to management."
Marketing Staff,400.0,0.5,"Hanoi, Vietnam","Receive one-on-one training from the Marketing Leader or Marketing Director.
Learn the company's product, conduct customer research, and analyze customer personas.
Research markets in Korea, Japan, Taiwan, and Malaysia to introduce products to those countries.
Create visuals (photos, videos) and content, and develop landing pages; plan and execute marketing campaigns on Facebook with a focus on conversions.
Target audiences and steer campaigns toward key and potential customers; analyze and adjust metrics to improve performance quickly.
Measure, evaluate, and optimize content, costs, and conversion rates; compile statistics and analyze marketing effectiveness."
Regional Business Manager,480.0,2.0,Dong Nai,"Implement and monitor regional plans, sales support activities, programs, and projects within the assigned area.
Prepare reports evaluating the effectiveness of implemented actions.
Manage, assign, and support sales staff to achieve sales targets.
Build, train, guide, and develop subordinate sales teams.
Work at the Tan Binh office and in the managed regions with regular office hours from 07:00 to 16:30.
Require male candidate with college degree, ownership of a motorbike, and at least 2 years of relevant experience; willingness to work in provincial assignments."
Sales Associate,240.0,0.0,Hanoi,"Greet customers and provide product information to assist purchasing decisions.
Display and maintain cleanliness and organization of goods on shelves.
Manage displayed merchandise in the assigned area, including quantity, quality, and packaging for checkout when needed.
Assist other departments as required to ensure smooth store operations.
Proficient in basic office computer use and capable of accessing the store's system software.
Presentable appearance with a clear, pleasant speaking voice; avoid strong regional dialects."
Regional Manager - ASM (Traditional Channel),800.0,2.0,Hanoi,"Manage designated regional sales area for agricultural machinery and home appliances.
Develop the market and acquire new customers in the assigned region; implement sales plans to meet company targets.
Maintain pricing, update products, sales policies, and promotions for customers.
Gather competitive intelligence and report on market conditions and trends.
Handle customer complaints related to product quality, delivery time, and warranty; coordinate with relevant departments; assist with accounts receivable within managed customers.
Prepare and submit weekly and monthly reports and perform other duties as assigned by the supervisor."
Marketing Officer (Facebook Ads / Tiktok Ads) - Male,520.0,2.0,"Hanoi, Vietnam","Create advertisements for 1–3 specified services, coordinating with designers/editors and content producers to generate media assets (images/videos) tailored to campaign goals.
Develop and launch new campaigns; prepare ad accounts, trackers, and access credentials; optimize daily advertising costs.
Meet with clients to discuss project adjustments and ensure alignment with objectives; participate in training to improve skills.
Produce daily, weekly, and monthly performance reports; maintain up-to-date campaign documentation.
Contribute to ongoing optimization efforts and perform other duties as assigned.
Require collaboration with team members, strong initiative, and the ability to manage multiple campaigns across digital platforms."
Regional Sales Manager,480.0,2.0,"Dong Nai, Ho Chi Minh City, Binh Duong","Implement and supervise regional sales plans, campaigns, and activities to support sales growth.
Prepare and present reports evaluating the effectiveness of initiatives and performance.
Manage, assign, and support sales staff to achieve sales targets across the region.
Build, train, guide, and develop subordinate sales personnel to improve performance.
Work at the Tan Binh District office and within the managed regional areas."
FrontEnd Team Lead (VueJs),1400.0,0.0,Hanoi,"Lead frontend development for Vue.js-based interfaces, translating design files into implemented UI.
Collaborate with the backend team to implement UI/UX features and improve user experience.
Design and develop web applications, creating detailed design documents, APIs, and database considerations for features.
Drive code quality, enforce coding standards, and participate in system design reviews.
Manage and mentor team members, plan activities, provide training, and enhance skills of the team.
Analyze requirements, propose technical solutions, and ensure project quality."
Software Developer (Web and Mobile),1000.0,0.0,Ho Chi Minh City,"Responsible for designing modules and delivering software applications for the company.
Write code, perform unit testing, and participate in coding and development across front-end and back-end components.
Analyze requirements, design systems, research new technologies, and propose solutions for products and services.
Review change requests related to business operations; participate in system analysis and design processes.
Optimize and upgrade source code to improve efficiency, stability, and security.
Maintain and develop the company's websites, codebase, and data structures.
Complete other tasks as assigned by superiors."
Branch Operations Manager (Beverage Preparation Division),720.0,3.0,Nghệ An,"Responsible for meeting revenue targets; develop sales promotion plans and supervise execution.
Manage, recruit, train, and develop staff; build organizational structure suitable to center operations; forecast staffing needs and collaborate with HR to recruit; plan training to ensure knowledge and skills; supervise compliance with company policies.
Manage branch costs, assets, and equipment; control material costs; oversee equipment usage and maintain low damage/loss.
Oversee branch operations; coordinate with departments to ensure stable and efficient business; supervise staff; resolve incidents.
Handle customer service; implement and monitor customer feedback programs; directly resolve customer complaints and provide optimal solutions.
Other duties: weekly, monthly, quarterly, yearly reports to CEO; monthly sales performance reporting; protect business information."
Branch Operations Manager (Beverage Preparation),720.0,3.0,Nghệ An,"Responsible for ensuring revenue targets are met and developing sales promotion plans; monitor execution.
Manage recruitment, training, and development; design organizational structure and staffing aligned with branch operations; forecast manpower and collaborate with HR to recruit.
Manage branch costs, assets, and equipment; control material costs according to allocated standards; minimize equipment loss or damage.
Oversee branch activities; coordinate departments to ensure stable, efficient operations; supervise staff performance; resolve incidents.
Manage customer service; implement and monitor customer feedback programs; directly handle customer complaints and make optimal decisions.
Other duties: periodic reporting on business performance to CEO; report monthly sales performance; maintain confidentiality of business information."
Head of Sales - Spa & Health Care,800.0,1.0,Hanoi,"Advise students, spa owners, agents, and distributors on courses and products in the spa and health care sector, and promote usage.
Set targets, manage data, and maintain CRM records; develop business plans and implement sales consulting programs.
Build and execute sales plans; develop new customers in line with the company's strategy and business direction.
Update student/customer data in the CRM; recruit, train, and support the sales team; develop the sales team to align with company goals.
Actively participate in building and promoting personal and company brands within the industry.
Report daily/weekly/monthly workload and revenue; perform other tasks as requested by management."
Regional Manager / Area Manager / ASM,720.0,1.0,Hanoi,"Oversee store operations and regional revenue management.
Control costs including waste, shrinkage, staffing, energy, repairs, and other expenses.
Ensure compliance with processes and regulations: opening/closing shifts, inventory, revenue submission, quality standards, security and labor safety.
Manage equipment, signage, and ensure operations meet standards; monitor inventory and plan weekly orders to meet company targets.
Develop marketing initiatives and activities to boost sales and attract new customers; build strong relationships with customers, colleagues, and landlords.
Manage human resources: recruiting, training, staffing levels, scheduling, communicating new company policies, addressing employee feedback, ensure positive working environment and timely reporting."
Sales Executive / Telesales / Admissions Consultant / Sales Advisor,480.0,0.0,Hanoi,"Advise prospective students on TOEIC and IELTS courses and programs.
Generate and follow up on warm and hot data provided by the company's data marketing.
Responsible for achieving assigned sales targets; prospect and nurture new customers.
Develop potential customers through social media, forums, events, flyers, and partner outreach; report market and competitor insights periodically.
Perform tasks as directed by direct supervisor; maintain customer relationships; communicate product benefits clearly.
Preferred candidates with passion for sales, education sector, creativity; strong telesales skills and clear pronunciation.
Opportunities for career growth into Sales Team Leader; salary reviews conducted every 6 months."
Customer Care Advisor - Haiphong,320.0,0.0,Haiphong,"Receive existing customer data from the domestic shipping company's database.
Advise services that meet the customers' needs.
Handle diverse customers in the shipping sector and provide ongoing customer care.
Assist customers with inquiries and create shipment accounts.
Guide customers when placing orders on the shipping app.
Qualifications: Diploma or university degree, proficient in Microsoft Office (Excel, PowerPoint, Word); no prior experience required; strong listening, analytical, and problem-solving skills; good articulation."
Business Analyst,3400.0,2.0,"Tokyo, Japan","Develop analytical documentation including detailed business requirements, user requirements, and product functionality specifications before handing off to development teams or relevant partners.
Advise clients on changes in requirements between legacy and new platforms.
Create UAT test scenarios and assist end users during product testing.
Produce end-user product manuals and guides.
Serve as a point of contact for training and guidance on business processes with clients, partners, and related departments during project deployment.
Candidates should have a degree in foreign languages or IT, at least 2 years of business analyst experience in IT, fluency in Japanese (N1) including listening, speaking, reading, and writing, and a passion for product research and developing high-value products. Must be able to write documents, train, and present; possess strong project and people management skills, honesty, adaptability, and meticulousness."
Business Development Manager (Remote) - Up to 30 million VND - Immediate Start,1000.0,3.0,Ho Chi Minh City,"Role focuses on developing and implementing business growth strategies for the company.
Analyze market trends, customer needs, and competitive factors to refine advertising and sales strategies.
Monitor and evaluate the performance of the sales team and implement actions to improve productivity.
Manage customer relationships and ensure consistent engagement and satisfaction.
Provide periodic reports on business results, evaluate team activities, and propose improvements.
Ensure business strategies align with the company’s overall goals; collaborate on remote-friendly execution."
Automotive Sales Consultant (Toyota) - No Experience Required (Salary Up to 50 Million),160.0,0.0,Ho Chi Minh City,"Identify, manage, and convert new and potential customers; present products, pricing, services, and promotions to meet customer needs.
Plan and execute sales activities, achieve assigned targets; coordinate with Marketing to implement company strategies including product introductions, customer care, and market development.
Sell new vehicles and bundled products; promote related services (accessories, insurance).
Provide post-sale support and maintain ongoing customer relationships; follow up with customers after purchase.
Participate in training on processes, product knowledge, and selling skills.
Requirements: Diploma/College/University in Economics/Marketing/Business Administration/Automotive; no experience required with training provided; graduates or those awaiting degree preferred; strong communication, presentation, negotiation, and interpersonal skills; good appearance; basic office IT skills; own laptop."
Dermatologist - Spa industry,600.0,2.0,Ho Chi Minh City,"Provide product training on skincare products and mesotherapy injections from European and Korean brands.
Support transfer and adoption of products to spa owners, hospitals, dermatologists, and internal medicine physicians.
Perform other related duties as assigned.
Minimum 2 years of experience as a dermatologist or in dermatology/internal medicine.
Confident in performing filler and botox injections and knowledgeable about active ingredients in dermatology products.
Must hold certificates for filler and botox injections.
Work location: Ho Chi Minh City, 200 Street 3/2, District 10."
IT Interpreter,480.0,2.0,Hanoi,"Directly communicate with Japanese clients via messaging platforms (Slack, Chatwork, email) and online meetings to capture and clarify requirements and provide regular progress reports.
Serve as the liaison between the team and clients, ensuring accurate and timely information exchange about the project.
Learn basic business domain knowledge of the project and relay it to team members.
Translate and manage project-related documents.
Perform project-related tasks and assist the team in testing when needed.
Requirements: Japanese proficiency at N2 or higher, capable of communication; IT translation/interpretation experience of at least 6 months, with client-facing meeting experience; quick learner, independent, proactive; strong communication, teamwork, and responsible attitude; open-minded, energetic, and positive."
Pharmaceutical Sales Manager,720.0,2.0,Long An and other locations nationwide,"Advise the executive management on sales plans and market development strategies.
Manage OTC Medical Representatives to achieve monthly, quarterly, and annual sales targets.
Support sales reps in field activities and address issues encountered during selling.
Supervise debt collection and report sales performance to executive management.
Build and expand the existing client network and develop new potential customers in the region.
Coordinate with Marketing to implement promotions and after-sales programs for customers."
DevOps Leader,2800.0,0.0,"Hanoi, Vietnam","Lead and mentor the DevOps team to ensure the reliability, scalability, and performance of the SaaS platform.
Drive automation of processes and enhance CI/CD pipelines while embedding security and operational efficiency into development and deployment.
Oversee design, implementation, and management of scalable, secure cloud infrastructure and infrastructure-as-code practices.
Implement and maintain real-time monitoring, alerting, disaster recovery, backup, and high-availability strategies.
Collaborate with product and engineering teams to align DevOps practices with business goals and improve delivery velocity.
Optimize deployment pipelines for faster delivery with fewer errors and automate provisioning, scaling, and security across environments.
Enforce security and compliance practices, including container security and secrets management."
Sales Admin,320.0,1.0,Hanoi,"Process orders and issue sales invoices.
Handle customer feedback and resolve issues related to sales activities.
Support the sales department upon request and proactively communicate to identify challenges and provide assistance.
Provide documents, policy information, and tools to the sales team to support market development.
Classify customers and tailor care policies; assist in designing promotional programs and customer appreciation gestures.
Monitor debt collection and payment progress; prepare sales performance reports for management.
Track and consolidate sales reports and attendance/bonus records; perform other tasks as assigned by supervisors."
Sales Officer / Car Sales Consultant,4000.0,1.0,"Hanoi, Ho Chi Minh City","Identify and contact potential customers, reach out, and arrange meetings to lay groundwork for the sales process.
Assess customer needs to recommend appropriate products and services.
Prepare professional presentations highlighting product advantages when meeting customers.
Advise on company products and negotiate contracts with customers.
Track customer contracts and ensure timely handover of vehicles and documents.
Provide after-sales support and handle customer complaints within scope.
Achieve company targets including sales volumes, deliveries, test drive invitations, showroom/event appointments; maintain accurate data in systems and submit reports as required."
Head of Sales - Beauty Division,2000.0,3.0,Ho Chi Minh City,"Lead and manage the sales team.
Leverage AI to analyze customer data and optimize marketing and sales strategies.
Develop and deliver training programs for sales skills and AI utilization.
Assess marketing campaigns and adjust strategies based on AI-driven analytics.
Build and maintain long-term customer relationships by understanding client needs and objectives.
Recruit, set targets, train, and monitor performance of the sales team; identify new markets and monitor competitors."
IT Help Desk Technician,360.0,0.5,Ho Chi Minh City,"Manage company hardware and IT equipment inventory, including computers, desk phones, cameras, projectors, scanners, paper, and other IT assets.
Assemble, replace, repair, and upgrade computer hardware and peripheral devices as needed.
Propose timely replacements and repairs to address hardware issues within the scope of responsibility.
Install operating systems and software applications on end-user devices for office staff and project teams.
Set up network cabling and allocate workstations for new staff or projects; manage user accounts and infrastructure such as firewall, domain controller, and monitor Internet access.
Coordinate with relevant departments to prepare project deployment information before operation or updates; monitor and handle user requests related to systems, software, and hardware."
Software Sales and Consulting Specialist,800.0,0.0,Hanoi,"Receive data from the company, advise on software, demonstrate how to use the software, and install software for customers who intend to purchase.
Provide strategic guidance and digital marketing solutions to clients using the company’s products and services.
Identify and nurture additional customers, and provide customer care and consulting through the company's websites, fan pages, groups, and Zalo channels.
Prepare reports and perform tasks as directed by supervisors.
Requirements: experience in customer care, telesales, sales, or consulting for at least 1 month; male; age 20-27; own laptop; education from Junior College to University; preferred fields include Economics, Trade, IT, Business Administration, Marketing, or related fields.
Personal attributes: proactive, goal-oriented, able to work independently and in a team, ambitious, with a passion for business and technology."
Education Project Marketing Officer,400.0,0.0,Hanoi,"Plan, create content, and execute advertising campaigns for company courses and seminars on Facebook and TikTok.
Conduct market and competitor research to propose strategic improvements.
Assist in organizing company events and activities.
Target candidates who are university students, preferably marketing or social media related, including final-year students or recent graduates.
Demonstrate strong communication skills and ability to work in a team; show creativity, strategic thinking, and problem-solving abilities.
Proficiency in English is required (IELTS 6.5 or equivalent).
No prior work experience required."
Financial Advisor,600.0,1.0,"Hanoi, Vietnam","Provide financial consultation and design tailored financial solutions for clients' needs including retirement, risk protection, travel, investment, and study abroad.
Deliver comprehensive client service, including contract procedures, answering questions, addressing complaints, maintaining relationships, and building a professional advisor brand.
Prepare and present personal sales performance reports and propose solutions to enhance sales effectiveness.
Actively participate in training programs to develop professional knowledge.
Handle client complaints and requests in accordance with company guidelines to ensure client satisfaction.
Requirements: College or university degree; age 23-39; more than 1 year of experience; strong communication, advisory, relationship-building, problem-solving, and customer service skills; professional appearance and proactive, energetic attitude."
Interior Customer Care Specialist,400.0,2.0,Hanoi,"Advise and respond to customer questions about products (decor lighting, decor items) and assist customers in choosing products.
Process and manage customer orders and related tasks for various product lines.
Manage and update the website content: products, inventory, descriptions, and articles; ensure content, images, and site operations meet standards.
Ensure and maintain standards for content, imagery, and website operations.
Stay informed about new decorative lighting lines and trends in interior design; pursue ongoing learning.
Plan and propose new policies for different product lines; perform other tasks as assigned by management."
Sales Executive - Admissions Counseling - Telesales (Income 20-40 million VND per month) - Hanoi,800.0,0.5,Hanoi,"Make outbound calls to advise, introduce, and invite potential students to trial English courses using data supplied monthly.
Identify customer needs and nurture relationships through phone and Zalo; build rapport and encourage course enrollment.
Persuade customers to adopt and use the educational products offered.
Assist customers with creating learning accounts, coordinating registration, and scheduling classes.
Requirements: female candidates aged 23-29, college degree or higher, at least 1 year of telesales/admissions counseling experience, resilient and goal-oriented, with a clear, standard voice.
Receive comprehensive training and work in a multinational company environment."
Sales Administrator,500.0,1.0,"Ha Nam, Hanoi","Receive and process customer orders.
Manage order fulfillment and invoicing processes.
Handle pricing administration and material cost calculations.
Serve as the primary liaison with customers.
Collect and analyze sales revenue data.
Investigate and monitor customer satisfaction.
Perform other duties as assigned by supervisor."
Executive Assistant to Chief Executive Officer (Mandarin Speaking),600.0,2.0,Ho Chi Minh City,"Oversee daily operational processes, collect data, and prepare reports for the CEO.
Advise on company policies and regulations; issue documents as required and ensure accurate, timely dissemination to relevant stakeholders.
Proactively resolve routine operational issues and escalate matters beyond scope with the CEO's guidance; propose solutions.
Organize internal and commercial meetings and record meeting minutes.
Participate in business activities including planning and hosting partner and client meetings as needed.
Support internal issue resolution and coordinate daily work activities."
"Store Manager - Fashion (Nike, Levi's, Tommy) - Hanoi",400.0,1.0,"Hanoi, Hai Phong, Quang Ninh","Oversee human resources operations, align with company and brand culture, and train staff on sales and customer service standards.
Drive store revenue by setting performance metrics and monitoring sales indicators to ensure personal and store targets are met.
Direct inventory management, minimize loss, and ensure compliance with brand guidelines (e.g., tags, pricing).
Maintain brand-accurate store image and in-store merchandising.
Analyze and control store KPIs; report issues to regional/branch management.
Demonstrate flexibility in shift work, possess at least 1 year of experience in fashion/beauty/accessories retail management, strong Excel/reporting skills, and a collaborative, training-oriented mindset."
Sales Manager,800.0,2.0,Hanoi,"Manage sales of stainless steel filtration products, industrial tanks and vessels, and expand the market for stainless steel pipes and accessories.
Develop business plans and sales strategies for the team to achieve revenue targets and KPIs.
Support staff in developing new customers and servicing existing and potential customers.
Be responsible for training and monitoring the performance of the sales team.
Encourage team leaders to manage the team and implement sales plans.
Maintain cross-department relationships to drive company activities.
Introduce, guide, and advise customers on product and project information."
Software Testing Specialist / Tester,640.0,2.0,Hanoi,"Responsible for system testing: create test scripts/plans, execute tests, and report results.
Manage defects and coordinate with stakeholders to ensure issues are resolved before handover.
Write user manuals and instructional documents.
Collaborate with other departments to ensure project quality.
Requirements: university degree in IT or related field; or other degrees with recognized certifications.
Experience > 2 years in software testing for Mobile App/Web/API, with knowledge of testing processes, methods, tools, and bug logging; experience building test scripts.
Experience supporting product acceptance testing (documentation, system demos, UAT, and operations) and querying databases; proficient with Qtest, Jira, Confluence."
Sales Manager,1000.0,2.0,Ho Chi Minh City,"Manage and train sales staff.
Supervise the entire sales process across online and offline channels.
Be responsible for revenue targets and report to the supervisor.
Perform additional duties as assigned by management.
Work location: Head office, Binh Thanh District, Ho Chi Minh City.
Demonstrate strong communication, leadership, and independent work abilities."
Head of Sales - English Proficiency,600.0,3.0,Ho Chi Minh City,"Lead market research in the UCO sector and related issues.
Directly execute projects assigned by the Board of Directors.
Identify, approach, and expand the customer and supplier database in Ho Chi Minh City and the Southern region (including Da Nang and Nha Trang) for restaurants, eateries, hotels, and franchises.
Engage with customers to understand and create demand, and negotiate to achieve results.
Analyze market conditions and competitor strengths/weaknesses; develop sales plans to maintain customer relationships.
Advise on business strategies to ensure the company meets targets; plan and implement sales strategies for different customer segments.
Manage and train the sales team to become company ambassadors; oversee sales activities and performance."
iOS Developer,400.0,0.0,Unknown,"Participate in all stages of the product development lifecycle.
Design, review, write, and test code to create new features and products.
Develop high-quality source code and design, and perform unit testing.
Fix bugs, maintain, optimize, and enhance modules of the product; research and apply new technologies.
Collaborate with the team to analyze, design, and plan the mobile development flow on iOS.
Qualifications include strong knowledge of Swift and Objective-C, design patterns (MVC, MVVM), and UI creation with Storyboard/XIB; familiarity with AutoLayout and SwiftUI is a plus; experience with Firebase and App Store deployment is advantageous."
Business Development Manager (Remote),1000.0,3.0,Ho Chi Minh City,"Develop business strategy aligned with company goals.
Monitor market trends, customer demand, and competitive factors to adjust advertising and sales strategies.
Supervise and evaluate the performance of sales staff and implement productivity improvements.
Manage customer relationships and ensure client satisfaction.
Regularly report business results, assess team performance, and propose improvements.
Coordinate activities to ensure business strategies meet overall company objectives."
Regional Manager / Area Manager / ASM,720.0,1.0,"Hanoi, Vietnam","Oversee store operations and regional revenue management, ensuring optimal performance across assigned locations.
Manage costs including shrinkage, waste, labor, energy, maintenance, and other expenses to achieve budgets.
Ensure compliance with company processes and regulations (opening/closing shifts, inventory, revenue submission, security, safety, and labor standards).
Control equipment and signage, maintain facilities to standard, and adjust inventory plans weekly to align with company goals.
Develop and execute strategies to drive sales, including marketing programs and in-store/out-of-store activities to attract new customers.
Lead HR functions: recruit, train, motivate staff, maintain staffing levels, schedule shifts, and communicate new policies; address employee feedback and ensure a positive work environment."
Game Backend Developer,800.0,0.0,Hanoi,"Develop and maintain backend systems for mobile game products using Node.js.
Build scalable architecture to ensure high performance, stability, and scalability.
Optimize systems to support a large user base and ensure reliability.
Collaborate closely with frontend developers and Game Designers to implement new features.
Troubleshoot issues and ensure continuous system operation; contribute to requirements analysis and technical solution proposals.
Requirements: at least 2 years of Node.js experience; backend development for online applications or games; strong JavaScript and Node.js skills; familiarity with Express.js or Koa.js; experience with NoSQL (MongoDB, Redis) and SQL (MySQL, PostgreSQL); knowledge of WebSocket, RESTful APIs, and Microservices; caching and performance optimization; security considerations; Git and CI/CD; ability to work independently and in a team; problem-solving and communication skills; passion for game development."
System Engineer,520.0,2.0,Hung Yen,"Directly administer, configure, and operate Unix/Linux, VMware/Hyper-V, and Windows Server operating systems.
Implement backup, high availability, and load balancing for Unix/Linux, VMware/Hyper-V/IBM PowerVM, and Windows server environments.
Research and implement security solutions including IPS, NAC, and wireless security; manage antivirus and centralized administration systems.
Develop and test performance monitoring and security-related solutions (e.g., Nagios, Cacti, Zabbix) and prepare evaluation reports.
Proactively improve operational efficiency and system availability; collaborate with other departments to troubleshoot and ensure stable operations.
Build and enforce monitoring and operating procedures to optimize resource use; provide technical support for solutions and assist sales with technical plans."
Sales Manager,1000.0,2.0,Ho Chi Minh City,"Lead and train a sales team across online and offline channels.
Oversee the complete sales process and drive revenue in coordination with leadership.
Manage daily operations at the Bình Thạnh Headquarters and ensure targets are met.
Requirements: female, aged 25–35, university degree, at least 2 years in sales management in electronics; online sales experience; showroom network experience preferred; strong leadership.
Compensation: salary above 25 million VND with performance-based incentives for exceeding targets."
Junior UI Design,320.0,2.0,Ho Chi Minh City,"Proficient with Figma, Adobe Photoshop, and Adobe Illustrator to deliver high-quality UI designs.
Strong command of the design process: user research, user flows, wireframes, and UI design.
Expert knowledge of user experience, design patterns, and platform-specific design for iOS and Android.
Able to create advanced, dynamic, and convincing prototypes.
Stay up-to-date with industry trends, tools, and frameworks; maintain ongoing learning.
Requirements: at least 2 years of UI/UX design experience with a proven product track record; strong UI skills and user-centered design principles; proficient in Figma and related tools; good teamwork and communication; fluent in English."
Sales Leader - Software Sales Business Manager,600.0,3.0,Ho Chi Minh City,"Identify target markets and develop business plans aligned with company strategy and market potential.
Propose and implement strategies to approach and expand the customer base; update sales programs to attract more prospects.
Support and coordinate marketing plans; design sales campaigns to achieve monthly/quarterly/yearly KPIs.
Lead, manage, and train team members to build strong customer relationships.
Organize promotional activities, seminars, and events to bring products closer to customers; monitor competitor activity.
Manage multi-channel sales activities (Telesales, Inbox checks, Market sales) and report daily performance to leadership."
Regional Manager - ASM (Traditional Channel),800.0,2.0,Hanoi,"Manage the assigned regional area and develop the market within the designated territory.
Prospect and acquire new customers in the assigned region, focusing on machinery for agriculture and household equipment (pumps, lawnmowers, generators, screwdrivers, etc.).
Plan and execute sales activities to meet company targets; visit markets and service customers.
Update pricing, new products, sales policies, and promotional programs for customers.
Monitor competitors and provide market assessments to management; handle customer complaints regarding product quality, delivery times, and warranties in coordination with relevant departments.
Coordinate with the accounting department to drive receivables for customers under management; prepare periodic reports (weekly/monthly) and other duties assigned by the supervisor."
"Sales Executive with Chinese/English Proficiency (Data Provided - Commission 26%-40%) - Salary Negotiable - Binh Thanh, Ho Chi Minh City",300.0,1.0,Ho Chi Minh City,"Consult and care for clients: receive leads from Marketing and proactively contact potential clients to advise on office lease solutions that meet their needs, finances, and preferred location.
Conduct surveys and evaluate buildings/offices to provide detailed and accurate information to clients.
Arrange and assist clients to visit office locations for lease and viewing appointments.
Support clients during price negotiations, contract terms, and related legal procedures.
Identify, develop, and manage potential clients; contribute to deal closures and earn commissions according to performance.
Manage the building catalog: contact buildings for available offices and leasing policies, update CRM with listings, and maintain relationships with developers."
Head of Sales,480.0,2.0,Hai Duong,"Lead the sales department and oversee business activities to achieve revenue targets.
Develop and implement plans to meet assigned revenue goals; allocate targets and monitor progress of staff.
Expand business relationships with educational institutions, centers, and parents; provide direct consultation on educational products, printing, publishing, and school experience programs.
Conduct market and customer research; gather competitive intelligence.
Manage post-sale issues, including handling complaints beyond frontline staff, and ensure contractual and payment procedures with customers.
Build strong communication and negotiation skills; drive basic sales skills and relationship-building; motivate the team for long-term retention."
"Fullstack Developer (Java, Angular/ReactJS)",680.0,2.0,Hanoi,"Develop and maintain web applications on Java platform.
Contribute to analysis, design, development, and maintenance of systems and applications.
Implement software products and services per requirements.
Research and apply new technologies to support the job.
Requirements: at least 2 years of Java experience in real projects; strong Spring Boot and RESTful services; experience with AWS or Kubernetes; frontend experience with Angular or ReactJS; experience with RDBMS (SQL Server, MySQL); familiarity with load balancing; finance/banking domain experience is a plus."
Regional Manager - ASM (Traditional Distributor Channel),800.0,2.0,Hanoi,"Manage the assigned region, develop the market, and acquire new customers within the area.
Sales planning and field visits to service customers; focus on machinery, home appliances including pumps, lawn mowers, generators, and screwdrivers.
Prepare and update quotations, introduce new products, sales policies, and promotional campaigns to customers.
Monitor competitors and provide market analysis reports to management.
Coordinate with relevant departments to handle customer complaints regarding product quality, delivery time, and warranty.
Collaborate with the accounting department to collect receivables from customers under supervision.
Produce regular weekly and monthly reports and perform other tasks as assigned by the department head."
Frontend Developer,600.0,2.0,Hanoi,"Develop and maintain user-friendly web applications and interfaces.
Collaborate with designers and backend developers to implement new features and optimize existing ones.
Ensure high performance and responsiveness of applications across devices and browsers.
Write clean, maintainable, and efficient code while adhering to best practices.
Conduct code reviews and provide constructive feedback to team members.
Stay updated with emerging frontend trends and technologies; apply knowledge to projects."
Sales Executive,400.0,0.5,Ho Chi Minh City,"Search for customer information across multiple channels to build a pipeline of potential customers.
Proactively contact potential clients from self-sourced lists or company data to introduce products, services, and promotions via chat and email.
Advise, negotiate, and persuade customers to use the company's services.
Manage and continuously update customer information in the database system.
Establish, develop, and maintain relationships with customers by focusing on their needs and closing deals.
Work independently and as part of a team, under pressure, to meet targets."
Business Manager - Import and Export,600.0,2.0,Ho Chi Minh City,"Responsible for all import and export operations of the company.
Handle import/export procedures and documents such as export/import documents, sales contracts, and transfer procedures.
Receive, check, and reconcile import/export documents to ensure accuracy during customs clearance.
Represent the company in meetings with customs and classify tariffs.
Monitor goods during transportation and stay updated on changes in import/export laws and regulations.
Advise on customs procedures, insurance requirements, and other customs-related issues; develop business plans and ensure targets are met.
Manage and train staff; study, evaluate, and analyze the market to propose business strategies for growth."
Insurance Advisory Specialist - Bancassurance Channel,440.0,1.0,"An Giang and other locations including Dong Nai, Binh Duong, Ho Chi Minh City, Ha Noi, and additional sites","Actively build and maintain strong relationships with customers and partners within the bancassurance channel.
Support partners and bank staff in daily activities within the scope of the role.
Leverage partner bank customer sources to proactively contact and connect with clients.
Fully understand customer needs and accurately present suitable financial solutions and insurance programs.
Ensure full compliance with the company's advisory process and proper presentation of product information, features, and policy terms.
Provide ongoing support and guidance to customers throughout the sales process (pre-, during, and post-sale).
Submit regular business reports and contribute ideas to sales planning and strategy development."
Sales Supervisor,500.0,1.0,"Ha Nam, Hanoi, Vietnam","Receive and process customer orders
Manage order fulfillment and shipment
Perform pricing and cost management for materials
Serve as the main point of contact with customers
Collect and analyze revenue data
Investigate customer satisfaction levels"
Marketing Content Specialist - Hair Tool Industry,340.0,0.5,Hanoi,"Develop and implement the Content Marketing strategy and plan, and directly execute content marketing activities.
Create content aligned with the marketing strategy to attract the target customer group, and manage content on the company website and social pages, including video scripts.
Edit, refine, and optimize content for SEO; monitor, analyze, and evaluate content marketing performance metrics; research customer insights to improve effectiveness; report results regularly to superiors.
Design promotional materials for each product, ensuring consistent brand identity.
Collaborate on additional job duties as assigned by management.
Required skills: experience in content marketing and copywriting; ability to execute multi-platform content (prioritize website content); capability to develop a TikTok channel; strong listening, observing, and problem-solving skills; ability to align personal planning with company plans; willingness to leverage additional relevant skills."
Business Analyst,800.0,2.0,Hanoi,"Gather and analyze client requirements to develop clear business models and solutions based on collected data.
Draft business analysis artifacts such as URD, SRS, Use Cases, User Stories, and diagrams.
Communicate findings to project team and stakeholders, helping clarify customer requirements.
Provide business-oriented advisory based on analysis and research; define project scope and estimate resources and timelines.
Research leading similar products in the financial sector and participate in system testing.
Demonstrate strong qualifications in ICT/telecom/finance with at least 2 years of experience in BA within securities, finance, or banking; proficiency with SQL/Oracle/MongoDB, UI prototyping tools, and issue tracking systems."
POD Store Manager,320.0,1.0,Hanoi,"Manage online storefronts on e-commerce platforms (Amazon, Shopify, Etsy, eBay, etc.).
Optimize product listings, images, and product information to attract customers.
Manage orders and resolve customer inquiries and complaints.
English proficiency required to read documents and respond to foreign customers; English certificate is a plus.
Bachelor's or college degree in Marketing, E-commerce, or related fields; hardworking, creative; able to work independently and in a team.
Work in a dynamic environment with opportunities for skill development."
Sales Executive / Sales Representative / Sales Consultant,360.0,1.0,"Hanoi, Binh Duong","Market and sell company products in Vietnam to achieve growth and hit assigned sales targets.
Generate business leads for building materials and wood panel products and closely follow up on sales opportunities.
Manage accounts receivable: monitor aging, ensure prompt collection, and manage credit terms and limits.
Provide regular sales activity reports and deliver periodic sales presentations.
Maintain the customer database and participate in marketing campaigns such as fairs and exhibitions.
Conduct market research, analyze competitors, and report findings to management."
Sales Manager,800.0,2.0,Hanoi,"Lead sales of stainless steel filtration products, industrial tanks, and develop the market for stainless steel pipes and fittings.
Develop and implement business plans and sales strategies to achieve targets and KPIs for the team.
Support staff in acquiring new customers and maintaining existing and potential clients.
Train and monitor the performance of the sales team; mentor team leaders to execute sales plans.
Maintain cross-department relationships to drive company activities and opportunities.
Present, guide, and advise customers on product and project information.
Qualifications: College/University degree in business administration or related fields; 2-3 years in a similar role; strong leadership and planning capabilities."
Sales Executive / Sales Advisor,400.0,1.0,Ho Chi Minh City,"Identify potential customers and provide consultation to close orders.
Manage and leverage existing customer lists.
Negotiate contracts for design and construction.
Monitor contract implementation and coordinate with Customer Service and Purchasing to fulfill orders for partners.
Requirements: college or university degree in business administration, commerce, construction, architecture, foreign language, or related fields; 1 year of experience (prefer candidates with experience in hotel materials, interior goods, or industrial product marketing).
Excellent communication, creativity, dynamic attitude, and high responsibility with the job."
Business Manager - Import/Export,600.0,2.0,Ho Chi Minh City,"Oversee all import and export operations for the company and ensure compliant, efficient processes.
Manage and verify export-import documentation, contracts, and related trade paperwork.
Represent the company in meetings with customs authorities and coordinate tariff classifications as needed.
Monitor shipments during transit and stay up-to-date with changes in import/export laws and regulations.
Develop business strategies and marketing initiatives to support growth and maintain high quality customer service.
Lead and train staff, build a capable team, and ensure effective execution of plans and targets."
Key Account Staff,400.0,0.0,Hanoi,"Manage and strengthen relationships with key clients to drive business development.
Identify and establish B2B and B2C partnerships aligned with the company’s strategic goals.
Collaborate with the Sales and Marketing teams to expand the client base and execute business strategies.
Build long-term client relationships, identify growth opportunities, develop tailored account plans, negotiate contracts.
Support market positioning, campaigns, and brand promotion; provide market insights and help create customized sales materials.
Track account performance, report on marketing initiatives and growth, and provide actionable insights to improve strategies."
Marketing Research Officer,400.0,1.0,Hanoi,"Conduct market research by collecting data on the target market from multiple sources such as customs data, Tradesparq, Trademap, and other data sources.
Use data analysis tools and methods to provide assessments and reports on demand, market trends, and competitive potential.
Report and propose strategies based on market research results to support business, marketing, investment, market expansion, and strategic decisions.
Monitor and update market and competitor information to help the company maintain and enhance competitiveness.
Support internal company activities.
Perform tasks as required by the Board of Directors and senior management."
Business Manager - Premium Alcohol,600.0,3.0,Ho Chi Minh City,"Responsible for planning business objectives, annual budgeting, analysis, and establishing and monitoring business controls to drive revenue growth.
Coordinate with Marketing to develop sales support policies and channel-specific marketing programs.
Analyze wine consumption trends, collaborate with departments to offer products aligned with consumer preferences, and diversify products while meeting business criteria.
Recruit, guide, train, assign, plan, coach, supervise, and evaluate staff performance and contributions.
Establish and expand the sales network, manage and develop the network, and assign territories and quotas to subordinates.
Develop salary and incentive policies aligned with business goals and monitor related performance."
Logistics Sales Executive,800.0,1.0,"Nam Dinh, Thai Binh, Ha Nam","Develop and execute revenue plans by identifying and expanding potential customer bases and caring for existing customers.
Approach, present, and advise on the company's logistics services to clients.
Plan and target new customer acquisition to meet KPI for new client development.
Sales Manager approves contract negotiations, pricing, discounts, and commissions.
Prepare quotes and contracts with customers; negotiate to satisfy customer requirements.
Support Marketing in evaluating the effectiveness of new products/services and manage customer communications."
Hospital Project Manager,800.0,3.0,"Hanoi and Vinh Phuc, Vietnam","Lead and manage hospital/clinic projects to ensure on-time, on-budget, and quality delivery.
Analyze, plan, and oversee upcoming or ongoing projects, including scheduling and budgeting.
Develop and manage project documents such as project plans, progress reports, risk reports, and requirements documents.
Coordinate with stakeholders including clients, suppliers, and internal departments to ensure alignment.
Monitor progress, resolve issues during implementation, and evaluate project outcomes to capture lessons learned.
Contribute to the development and refinement of the company's project management processes.
Requirements: Bachelor's degree in IT or a related field; minimum 3 years of project management experience; strong knowledge of project management methods (planning, risk, quality, schedule, cost, resource); proficient with Jira, Trello, Asana, MS Project; proficient in PowerPoint, Excel, Google Sheets; strong communication, negotiation, and presentation skills; ability to work independently and in a team; high sense of responsibility and proactivity; experience in Pharmaceuticals/HealthTech is a plus."
Business Manager - GT Channel / ASM GT,600.0,3.0,Ho Chi Minh City,"Maintain and open new agencies and mini supermarkets to ensure coverage targets.
Identify and develop key account chains.
Recruit and train staff as needed.
Monitor sales performance of agencies and outlets; propose timely promotions to accelerate sales.
Develop sales plans and analyze performance to inform market development strategies.
Manage budgets and perform analysis and reporting; coordinate with teams to support operations."
Sales and Advisory Executive - Agricultural Produce,480.0,0.0,Ho Chi Minh City,"Advise, introduce, and sell agricultural and food products to clients.
Build and maintain relationships with existing customers while identifying new prospects.
Assess client needs and propose suitable solutions; present and persuade customers.
Provide post-sales support, maintain customer care, and report sales performance.
Analyze market and competitors to inform effective business strategies and stay abreast of industry trends.
Work independently with initiative; possess strong communication, quick analytical skills, and willingness to travel if required."
Regional Sales Manager,480.0,2.0,Dong Nai and two other locations,"Implement and supervise regional sales plans, activities, programs, and projects within the area of responsibility.
Prepare reports evaluating the effectiveness of execution and outcomes.
Manage, assign, and support sales staff to ensure the achievement of sales targets.
Build, train, guide, and develop subordinate sales personnel to improve performance.
Operate from the Tan Binh District office and oversee regional areas."
Sales Tour Sales Executive for Group Tours - Hanoi,360.0,2.0,Hanoi,"Role based in Hanoi focusing on group tour sales and client development.
Collect market information to identify opportunities in the travel sector.
Prospect and search for potential customers and maintain a robust sales pipeline.
Advise and provide after-sales care to customers to ensure satisfaction and repeat business.
Perform other tasks as assigned by the Department Manager.
Requirements: University degree in economics or related field, tourism is preferred; English proficiency; careful and responsible; experience in Sales Tour."
Sales Executive / Sales Consultant - Attractive Salary - Hanoi,320.0,0.0,"Hanoi, Vietnam","Identify potential customers (manufacturing facilities, aluminum and glass installation companies) and present window and door accessories and solutions, with data support, and maintain post-contract client relationships.
Approach architectural design firms and construction contractors to introduce accessories and door solutions to win projects.
Provide product, pricing, shipping, warranty, and service guidance to customers.
Coordinate with technical, accounting, and production teams to fulfill orders and deliver quality products meeting customer requirements.
Manage accounts receivable and post-sale care; develop and implement sales plans aligned with company goals.
Participate in staff training and performance evaluation within the sales department; undertake additional tasks as directed by management."
Luxury Spirits Sales Manager,600.0,3.0,Ho Chi Minh City,"Responsible for planning business objectives, annual budgeting, analysis, establishing and monitoring sales controls, and developing and implementing strategies to increase revenue.
Coordinate with Marketing to develop sales support policies and targeted marketing programs for each sales channel.
Analyze consumer trends in the spirits market; collaborate with departments to offer products aligned with consumer tastes and diversify product range while meeting business objectives.
Recruit, guide, train, assign tasks, plan, coach, supervise, and evaluate staff contributions.
Establish and expand the sales network, manage and develop the sales network; allocate territory and assign targets to subordinates.
Develop salary policies, target setting, incentive schemes, and other policies related to the alcohol business aligned with the company's direction; stay updated on trends and propose adjustments."
Front End Developer (ANGULAR),960.0,0.0,"Hanoi, Vietnam","Develop and enhance the front-end system for the website layer and collaborate with the backend team to implement optimized and polished user interfaces.
Coordinate with the product development team to implement frontend interfaces for products.
Onsite work at the client's office in central Hanoi (bank sector).
Requirements: minimum 3 years of frontend experience, including 2 years of Angular; strong knowledge of JavaScript (JS) and TypeScript; familiarity with UI frameworks such as Ant Design, Bootstrap, or PrimeNG; experience with forms and form validation in Angular; English reading proficiency.
Work in a dynamic, youthful environment with opportunities to grow and develop technical skills.
Salary: up to 24 million VND gross per month."
Java Developer,800.0,0.0,"Hanoi, Vietnam","Design, implement, and deploy Java applications based on approved technical requirements and designs.
Write clean, optimized, and maintainable code; perform code reviews to ensure adherence to best practices and company standards.
Collaborate with cross-functional teams to identify opportunities to optimize code and improve application performance.
Respond quickly and effectively to technical issues arising during development and post-deployment.
Coordinate with UI/UX, QA, and DevOps teams to ensure holistic, well-structured application development.
Stay updated with the latest technologies and apply them effectively in work."
Regional Sales Manager,600.0,1.0,Hanoi,"Search for and develop new authorized agents in the designated region.
Maintain and support existing customers, resolve issues at agents.
Receive and track orders to meet committed timelines with agents.
Monitor revenue performance from customers and plan initiatives to drive growth and increase revenue.
Willing to travel for market development in the initial phase.
Perform other tasks as directed by the Regional Sales Manager."
Sales Manager,800.0,2.0,Hanoi,"Lead sales of stainless steel products, industrial tanks, and accessories; develop the market for pipes and stainless steel fittings.
Develop business plans and sales strategies for the team to achieve revenue targets and KPIs.
Support staff in developing new customers and maintaining existing and potential clients.
Responsible for training and monitoring the performance of the sales team.
Encourage and mentor team leaders to manage the team and implement sales plans.
Maintain cross-department relationships to promote company operations.
Introduce, guide, and advise customers on product specifications and project information."
Area Sales Manager - Electrical Equipment,720.0,2.0,"Hanoi, Vietnam","Responsible for the revenue and profit of the Electrical Equipment Sales Department.
Develop and implement business plans to expand the customer base and ensure brand coverage.
Build and develop relationships with customers in the electrical equipment sector; report business results, revenue, and costs, and provide market forecasts to the CEO.
Coordinate with Marketing on marketing plans for the electrical equipment category.
Identify potential markets and monitor market fluctuations; continually update on competitors and new products.
Execute tasks as required by the CEO."
Marketing Branding Specialist,520.0,3.0,Hanoi,"Implement brand development activities according to the approved brand strategy.
Build brand storytelling and promotional activities to disseminate Brand Stories.
Develop brand materials including corporate videos, brand films, TVCs, and corporate publications.
Produce marketing communications and advertising content that meet brand standards for campaigns and social media projects.
Collaborate with Performance Marketing to implement content strategy and optimize conversions through strong content.
Manage the brand identity system across the organization and subsidiaries according to the approved brand structure."
Education Sales Consultant,480.0,0.0,Hanoi,"Advise and present study abroad programs in Asia (Korea, China, Taiwan) to clients.
Negotiate and sign contracts with customers.
Participate in and organize counseling sessions at schools, seminars, and study abroad fairs.
Maintain and develop relationships with clients.
Perform additional duties as directed by the supervisor."
Head of Live Page Team - Women's Fashion,400.0,2.0,Hanoi,"Lead a sales team including full-time and part-time members, manage live page shifts to ensure full coverage of sales staff during the day and week.
Manage and allocate data, distributing workload appropriately among team members.
Responsible for recruiting, building, training, and developing the online sales team.
Create and monitor daily sales performance reports, assess team effectiveness, and implement timely adjustments.
Organize regular reviews and 1:1 coaching with the sales team to improve effectiveness and closing rates.
Develop and optimize sales processes, customer care strategies for existing customers, and product-specific online consult scripts; resolve arising issues."
Intern Frontend Developer (Japanese Proficiency N4) in Ho Chi Minh City,168.0,0.0,Ho Chi Minh City,"Collaborate with senior developers to design and develop user-friendly web interfaces.
Write clean, efficient, and well-structured code using JavaScript, jQuery, HTML, and CSS to create responsive web applications.
Integrate with RESTful APIs to fetch and manipulate data, and conduct thorough debugging using browser developer tools.
Participate in code reviews and provide constructive feedback.
Learn and adapt to new technologies and frameworks as needed, while applying Object-Oriented Programming principles.
Candidate should be a final-year student or recent IT graduate; full-time internship with potential to become a permanent member."
Education Event Marketing Officer,360.0,0.0,Ho Chi Minh City,"Implement the marketing plan and manage online and offline communications across social channels according to guidelines.
Create posts on the company's fan pages on Facebook and TikTok.
Run advertising campaigns on Facebook Ads and TikTok Ads.
Monitor and analyze metrics for the fan page channels.
Provide customer care and advise on existing events and courses in the company's system.
Organize company events and courses according to the assigned schedule; handle customer inquiries about event information."
Sales Leader - Software Sales,600.0,3.0,Ho Chi Minh City,"Identify target markets and develop business plans aligned with company strategy and market potential.
Propose market entry and expansion strategies; update sales programs to attract more prospects.
Collaborate on marketing plans and design sales programs to achieve monthly, quarterly, and annual KPIs.
Lead and train team members to build strong customer relationships.
Organize promotional activities, seminars, and events to bring products closer to customers; monitor competitors.
Manage and drive multi-channel sales: Telesales, Inbox, Market Sales; report daily performance to superiors."
Content Marketing Executive,360.0,1.0,Hanoi,"Create and craft content for campaigns, advertising programs, branding communications, and internal and external communications.
Manage and govern social media channels and online platforms.
Develop and nurture community groups and activities to enhance member experience and marketing touchpoints; seed groups aligned with campaign goals.
Monitor and report progress and results of marketing activities on a regular basis.
Stay up-to-date with marketing trends and use tools to ensure efficient marketing operations.
Collaborate with the Marketing team to implement other marketing activities as assigned."
Project Manager,400.0,0.0,Hanoi,"Manage CDM project activities and coordinate cross-functional teams to ensure project delivery.
Research and plan the development of new features for the website.
Collaborate with design and development teams to implement the website according to the proposed plan.
Make adjustments and optimize systems based on client requirements.
Knowledge of Net Zero and environmental protection is advantageous.
Strong teamwork, logical planning, and the ability to work under high pressure; proficient English in communication."
Agricultural Products Sales Manager,600.0,3.0,Hanoi,"Plan, organize, and oversee distribution of agricultural products from producers to agents, retailers, supermarkets, and end consumers.
Build and maintain strong relationships with business partners, customers, and stakeholders in the distribution channel.
Research and analyze market demand, customer behavior, competition, and trends to propose effective distribution strategies and programs.
Manage and develop the field sales team, provide training, guidance, and performance evaluations.
Monitor, control, and report on sales, costs, profits, inventory, quality, and service across the distribution channel.
Address customer and stakeholder issues, complaints, and feedback within the distribution channel.
Propose and implement promotions, advertising, and sales support for the distribution channel."
Admissions Counseling Specialist,440.0,1.0,Hanoi,"Introduce, advise, and design personalized study plans according to students' needs.
Build and grow a network of prospective students beyond provided data.
Plan and report individual enrollment results aligned with business goals and monthly enrollment targets.
Create and finalize training contracts; coordinate with departments and handle student feedback on service quality.
Monitor competitor activities proactively and stay updated on market trends.
Participate in and coordinate activities in regular training programs; address issues arising in counseling and other tasks assigned by management."
IT Specialist (Mandarin Chinese),400.0,0.0,Bac Giang,"Administer network, software, and hardware systems.
Manage information security and data system administration.
Monitor and maintain operation of information security management and data governance systems.
Assist with issues related to information security and data governance.
Requirements: Proficient in Mandarin (speaking, reading, writing) at a competent level.
Knowledge of networking concepts including subnetting, VLANs, information security, etc.
Install Fortinet and other devices; configure firewall and VPN."
Digital/Performance Marketing (Mobile App),600.0,0.0,Ho Chi Minh City,"Conduct market research and analyze users to develop marketing plans for the mobile app.
Focus on engaging highly interactive users by analyzing campaigns, ad groups, and landing pages to optimize ROAS and achieve revenue and profitability KPIs.
Manage campaigns across platforms such as Google Ads, Facebook Ads, TikTok Ads, Unity Ads, and AppLovin Ads.
Analyze and evaluate advertising and product metrics, optimize ad performance, and drive acquisition of high-quality users; prepare performance reports and strategy recommendations.
Create creative ideas, edit video and ad visuals; implement A/B testing and continuous optimization to improve advertising effectiveness and increase in-app purchases.
Collaborate with teams and leverage analytics tools (e.g., Google Analytics) to inform decisions."
Sales Manager,480.0,2.0,Hai Duong,"Oversee sales department operations and manage revenue targets.
Plan and execute work to achieve the assigned sales targets.
Allocate targets and supervise and coach the performance of each team member.
Identify and expand business relationships with schools, educational centers, and parents.
Provide direct counseling on educational products, printing, publishing, and school experience programs.
Conduct market and customer research, monitoring competitors’ information.
Handle post-sale issues and complaints outside the scope of other staff, and manage payment procedures."
CMC Cloud Deployment Specialist (System/DevOps),1200.0,0.0,"Hanoi, Vietnam","Deploy client-facing services on the CMC Cloud KVM platform for customers.
Collaborate with Solutions Architects to capture deployment requirements.
Support customers in deploying and configuring complex system and service architectures.
Research new services and integrate them into the CMC Cloud KVM platform.
Apply deep operational knowledge of Linux/Windows, virtualization, and related services.
Have a basic understanding of networking (routing, switching) and storage, databases, and Kubernetes (K8s).
Familiarity with DevOps tools (containers, automation, CI/CD) is a plus."
Director of Sales Platform,1000.0,2.0,Ho Chi Minh City and Binh Duong,"Manage the business operations of the sales platform.
Collaborate with the Deputy CEO of Marketing and Sales and the Platform Director to develop and achieve business targets.
Coordinate with the company's marketing department to implement communication plans and advertising for each project and develop business plans.
Implement the company's overall business plan; monitor, supervise, and report project business results to the CEO as assigned.
Assist staff in negotiating and closing deals with major clients or when staff face difficulties not resolved by the sales department.
Responsible for developing a stable, professional, ethical, and strong sales team; participate in training and share skills company-wide when required.
Directly report to the Deputy CEO of Sales and the Board of Directors when needed."
Sales Manager (New ALPHA Project),1400.0,1.0,Hanoi,"Develop and execute business plans to achieve sales targets.
Expand and manage client portfolio, and identify new business opportunities.
Monitor daily sales activities and performance; report key metrics.
Provide exceptional customer support before, during, and after sales.
Build and promote a professional personal brand on social platforms (TikTok, Zalo, Facebook).
Qualifications: Bachelor's or college degree; age 25-40; strong interest in sales, communication, and professionalism; willingness to learn.
Preferred: experience in sales, banking, or insurance."
Export-Import Business Manager,600.0,2.0,Ho Chi Minh City,"Oversee all import and export operations and ensure compliance with relevant regulations.
Handle documentation and procedures for goods shipments, including import-export documents and contracts.
Receive, verify, and reconcile shipping documentation with records during customs clearance.
Represent the company in meetings with customs authorities and classify tariffs as needed.
Monitor goods in transit and consistently update knowledge on changes in import-export laws and regulations.
Advise on customs procedures, insurance requirements, and other customs-related issues; plan and execute business development strategies; manage and train staff.
Conduct market research and propose business strategies; develop marketing activities to grow the brand and ensure high-quality customer service."
Sales Representative / Consultant,800.0,0.0,"Hung Yen, Vietnam","Identify and build relationships with potential real estate clients.
Advise and assist clients in buying, selling, or renting properties.
Schedule appointments and accompany clients to view houses, apartments, or offices for rent.
Participate in company marketing and promotional activities.
Maintain positive client relationships and report business strategies to management.
Entry-level-friendly role; candidate should be dynamic, proactive, and eager to learn, with a friendly, motivated attitude."
Project Manager Secretary,280.0,1.0,Bình Dương,"Enter data and documents into the project management software.
Prepare periodic project status reports and analyze data from the software.
Manage and file project-related records; maintain project documentation.
Track construction progress, review and sign-off payment documents and project settlements.
Receive, classify, and review internal construction office documents.
Perform other administrative tasks as required by the Construction Department Manager."
Senior Luxury Spirits Business Manager,600.0,3.0,Ho Chi Minh City,"Responsible for planning business strategy, setting targets, annual budgeting, analysis, and monitoring business controls; develop and implement strategies to increase revenue.
Collaborate with Marketing to implement sales support policies and marketing programs tailored to each sales channel.
Analyze consumer trends in the alcohol market; coordinate with departments to offer products aligned with consumer preferences, diversify product offerings while meeting business criteria.
Recruitment, onboarding, training, assignment, planning, coaching, supervision, and evaluation of employee performance.
Establish and expand the sales network, manage and develop the sales force, define territories, and assign sales targets to subordinates.
Develop compensation, target-setting, and incentive policies for sales staff and other related policies in line with the company's alcohol business strategy."
Sales Manager,1000.0,2.0,Ho Chi Minh City,"Manage and train sales staff
Oversee sales processes across online and offline channels
Achieve sales targets and report to supervisor
Lead and develop a team in electronics/electrical devices sales
Prefer experience with online sales and showroom chain management
Ensure high-quality customer service, with the ability to articulate and independently implement plans
Work location: Ho Chi Minh City, Binh Thanh District"
Sales Executive / Sales Consultant,400.0,0.0,Ho Chi Minh City,"Achieve personal vehicle sales targets for both passenger and commercial vehicles.
Prospect, nurture, and develop relationships with customers; manage potential customer information.
Execute marketing and customer care activities aligned with the assigned market direction, ensuring compliance with policies and procedures.
Adhere to sales policies and contract processes; monitor sales contracts, debt status, and vehicle handover.
Require college degree or higher in automotive technology; basic knowledge of technology and features of trucks and buses is preferred.
Demonstrate negotiation and persuasive skills; proficient in office software."
Sales Advisor / Business Development - Market Expansion - No Experience Required - Immediate Start,600.0,0.0,Gia Lai and 8 other locations,"Sell products and drive sales growth across the assigned routes and territories.
Maintain relationships with existing customers and acquire new potential customers.
Prepare and execute monthly sales plans.
Manage inventory and coordinate merchandise in the designated area.
Conduct promotional activities to boost product awareness and sales.
Requirements: No experience required; training provided; dynamic, enthusiastic, honest, and strong communication skills."
System Engineer,320.0,2.0,Hanoi,"Implement server infrastructure, virtualization, storage cabinets, and backup systems (VMware, Dell, Avamar, Veeam, HPE, Fujitsu).
Deploy microservices architectures on Kubernetes with Docker containers.
Implement system monitoring solutions (Zabbix, Prometheus, Grafana) and assist with incident resolution.
Collaborate with the security team to ensure information security for servers, virtualization, and Kubernetes environments.
Deploy data backup and data recovery solutions.
Deploy AD, DNS, NTP, email, and related Windows Server platform solutions.
Learn and implement automation solutions (Ansible, Terraform), optimize system performance, and propose technical improvements."
Nurse for Immediate Start,320.0,1.0,Hanoi,"Assist physicians with patient examinations, including welcoming new patients and collecting medical information.
Handle follow-up visits, renew treatment cycles, and provide patient counseling and health education before and after procedures.
Assist with procedures by performing blood draws, administering injections and infusions, and facilitating techniques such as aspiration, embryo transfer, insemination, and cyst fluid aspiration.
Check and monitor daily medication cabinet temperatures and record in the daily tracking log.
Coordinate with doctors and other healthcare staff to ensure high-quality patient care and service delivery.
Participate in training sessions and professional development to enhance nursing skills."
"Sales Executive (Korean, English)",400.0,2.0,Ho Chi Minh City; Hanoi,"Maintain regular contact with existing customers.
Prepare quotes and negotiate with customers.
Update customer and order information in the company software.
Coordinate with Accounting to monitor contracts and payment status.
Collaborate with other departments to deliver best service to customers.
Meet the requirements: university/college degree with experience in the garment industry; English or Japanese or Korean with four skills; negotiation, communication, and teamwork.
Perform other tasks as assigned and report to the department head."
ASM Equipment Manager - Electrical Equipment,720.0,2.0,Hanoi,"Responsible for the revenue and profit of the Electrical Equipment Sales Department.
Build and implement business plans to expand the customer base and ensure brand coverage.
Build and develop relationships with customers in the electrical equipment sector.
Report business results, revenue and costs; provide market forecasts to the General Director.
Coordinate with the Marketing department in marketing plans for the electrical equipment category.
Identify potential markets and market fluctuations; continuously monitor competitors and new products.
Perform tasks as requested by the General Director."
Java Developer,1200.0,0.0,Hanoi,"Develop software modules for Payment Service on a Java Microservice Architecture using Java Spring Boot.
Participate in system analysis and design for scalable fintech platforms.
Develop new systems or modify and upgrade existing ones; ensure integration with other programs.
Ensure code quality, unit testing, and support issue resolution; maintain technical design.
Deploy software on DEV/SIT/UAT environments and assist in debugging.
Research and apply new technologies; leverage Agile methodologies; knowledge of microservices patterns and tools."
Business Analyst,680.0,2.0,Ho Chi Minh City,"Analyze business processes to identify changes or new features and translate requirements for customers and stakeholders.
Liaise with development teams and stakeholders to plan backlog and prioritize project/change requests.
Create and maintain documentation including User Requirements, Specifications, and Functional Specifications.
Design mockups/wireframes with prototyping tools; prepare test cases and perform UAT.
Support testing and contribute to building data flow models and data schemas.
Requirements: 2+ years IT BA experience; experience with Agile and Waterfall in hybrid environments; knowledge of SQL, data modeling, and Postman; strong English and Vietnamese communication; analytical and detail-oriented; ability to influence stakeholders."
Assistant to Deputy General Director,600.0,2.0,Hanoi,"Manage and monitor periodic implementation plans across departments to ensure timely execution of targets.
Support the Deputy General Director in coordinating activities with departments to maintain daily operations and handle tasks promptly.
Aggregate and analyze data to provide forecasts and warnings.
Represent the Deputy General Director in internal professional meetings, summarize discussions, and record progress and action plans for departments.
Record minutes of meetings and track progress on actions and timelines.
Perform additional tasks as directed by the direct supervisor."
Sales Manager - Female Only,1400.0,3.0,Hanoi,"Develop short- and long-term sales strategies and evaluate current sales programs' effectiveness.
Plan annual business activities, including key sales targets for monthly and yearly periods across branches.
Set monthly and annual sales targets, monitor implementation, and report results weekly, monthly, and quarterly.
Propose promotions, oversee execution, and report post-implementation effectiveness; manage marketing budgets and promotional costs.
Lead and manage budgets, monitor branch performance to ensure alignment with approved budgets; train and develop sales staff; oversee onboarding and ongoing training.
Coordinate with marketing on monthly and yearly plans; assess competitors and market trends to improve service quality and product performance.
Maintain KPI management, analyze and report KPI achievements, and support team leadership and development."
Sales Executive,480.0,0.0,Hanoi,"Understand and study the company's products; provide consultative answers to customer questions.
Prospect customers through direct market outreach; introduce the company's products.
Deliver customer care in line with company policy; build and maintain long-term customer relationships.
Receive and process customer orders; advise and verify quotes for each dealer tier.
Create and process orders with accurate quantities and pricing per quotes; monitor shipping progress and ensure on-time delivery as requested.
Perform additional tasks assigned by the supervisor; require good communication, sales skills, and market analysis."
Project Manager,1600.0,3.0,Ho Chi Minh City,"Meet with clients and stakeholders to understand project requirements
Define project scope and objectives and develop a detailed project schedule and plan
Allocate resources, assign tasks, and monitor progress to deliverables
Support the full application lifecycle (concept, design, test, release) and provide updates to stakeholders
Lead a mid-sized team (20+ members) with knowledge of Agile methodologies and project management tools
Demonstrate strong knowledge of eCommerce platforms and retail systems; PMP certification preferred; proficient in English"
Branch Operations Manager (Beverage Preparation),720.0,3.0,"Vinh, Nghệ An","Be responsible for achieving revenue targets and implementing sales plans; monitor and enforce execution.
Manage recruitment, training, and development; design staffing structure and workforce plans; collaborate with HR to hire suitable personnel and deliver training.
Oversee branch costs, assets, and equipment; control material costs; ensure proper use of tools and reduce losses.
Coordinate branch operations with departments to ensure stable and efficient business performance; supervise staff and resolve incidents.
Ensure customer service quality; implement customer feedback programs and directly address complaints with optimal resolutions.
Provide periodic reporting (weekly, monthly, quarterly, yearly) on business performance; report monthly sales; maintain confidentiality of business information."
Network Administration Specialist (IT),400.0,2.0,Khánh Hòa,"Manage internal and external networks and related systems including Internet, CCTV, Wi-Fi, and IP telephony for the company.
Administer Cisco switches/routers and Peplink devices.
Maintain and troubleshoot network, server, workstation, and office devices; provide end-user support.
Design, plan, and implement network and server infrastructure; establish backup and security policies.
Research and propose new technologies to apply to the system; upgrade, install, and troubleshoot network hardware and software.
Maintain asset inventory and vendor documentation; develop and standardize network and device documentation; schedule LAN/WAN maintenance; support marketing-related programming."
QA Specialist (Manual Tester) - Healthcare Project,1000.0,2.0,Hanoi,"Review project documents and confirm QA requirements with stakeholders.
Develop test plans and test schedules; design test strategies, checklists, and test cases aligned with specifications.
Create test cases according to specifications and maintain test checklists; perform testing activities.
Execute tests, log defects, and confirm defects after developers fix them; compile test results and provide evidence.
Possess knowledge of software testing processes, methods, tools, and techniques; perform database queries (SQL) as part of testing.
Share communication and teamwork skills; participate in Agile/Scrum projects and support continuous improvement."
Business Manager - Import/Export,600.0,2.0,Ho Chi Minh City,"Responsible for all import and export operations of the company.
Manage customs procedures and documentation, including import/export documents and sales contracts.
Receive, verify, and reconcile shipment documents during customs clearance.
Represent the company in meetings with customs authorities and handle tariff classifications.
Monitor goods in transit and stay updated on changes in import/export laws and regulations; advise on procedures and insurance.
Develop business plans and strategies, manage and train staff, analyze markets, and implement marketing activities to grow the brand while ensuring high-quality customer service."
Marketing Video and Photo Producer,400.0,1.0,Hanoi,"Capture photos and video footage, edit videos and images for marketing materials.
Collaborate with the team to plan content, concepts, and scripts for campaigns.
Contribute ideas and implement marketing campaigns in coordination with the content team.
Coordinate with Content and other team members to produce high-quality content.
Build and manage a library of images and videos for the company's website and social channels.
Take responsibility for creative editing and curating marketing product content.
Perform tasks as directed by management and executive leadership."
Senior Administrative Clerk to CEO,600.0,2.0,Hanoi,"Responsible for receiving, managing, and storing company documents and correspondences.
Manage and preserve all legal records, company trademark registrations, and branch registrations.
Handle express courier services and issuance of documents; perform other tasks as requested by supervisor or CEO.
Requires college or higher education in Archives, Office Administration, Secretarial, or Administrative fields; preference for archival secretary certification.
Demonstrate serious, responsible, and proactive attitude; ability to work under pressure and pursue continuous improvement.
Proficient in using computers and office equipment; ability to commit long-term."
Sales Manager,800.0,2.0,Hanoi,"Sell stainless steel filtration vessels, industrial tanks, and develop the market for stainless steel pipes and fittings.
Develop business plans and sales strategies for the team to meet targets and KPIs.
Support staff in acquiring new customers and servicing existing and potential customers.
Train and monitor the performance of the sales team.
Encourage team leaders to manage the team and implement sales plans.
Maintain cross-department relationships to drive company activities and initiatives."
Nurse,400.0,2.0,Ho Chi Minh City,"Receive patients from reception or sales according to established procedures.
Take photographs of patients as required.
Explain treatment consent forms to patients and obtain consent.
Prepare and disinfect instruments and equipment, ensuring readiness before treatment based on service.
Assist the dentist during treatment and provide post-treatment care instructions.
Review patient records after service, hand off to the relevant department, and verify before/after photos at the end of the day.
Prepare and submit reports as required."
Sales Online Executive - Phan Thiet,520.0,0.0,"Phan Thiet, Binh Thuan","Confirm all tours listed on travel e-commerce platforms using the standard templates to send service confirmation messages via messages or emails.
Upsell and sell to all customer inquiries and contacts with the company.
Remind customers one hour before tour departure and follow up with them.
Care for customers, check in, and request post-tour feedback after the journey ends.
Handle incoming calls directly from customers (via WhatsApp and hotline) using professional and friendly language.
Submit weekly and monthly reports detailing issues to be addressed, feedback from other departments and service providers, and suggestions to improve sales processes and cross-functional cooperation."
Digital/Performance Marketing (Mobile App),600.0,0.0,Ho Chi Minh City,"Conduct market research and user analysis to develop marketing plans for a mobile app.
Focus on acquiring highly engaged users by analyzing campaigns, ad groups, and landing page IDs to optimize ROAS and achieve revenue and profit KPIs.
Manage campaigns across platforms such as Google Ads, Facebook Ads, TikTok Ads, Unity Ads, and Applovin.
Analyze advertising and product metrics, optimize ad performance, and drive high-quality user acquisition.
Prepare campaign performance reports and propose strategies to improve advertising effectiveness and product outcomes.
Create innovative ideas and edit video and ad visuals.
Conduct A/B testing and continuous optimization to increase in-app purchases."
Head of Sales - English Proficiency,600.0,3.0,Ho Chi Minh City,"Conduct market research on the UCO sector and related issues and execute projects from the board of directors.
Directly seek, approach, and expand the customer and supplier database at restaurants, cafes, hotels, and franchised outlets in Ho Chi Minh City and southern provinces.
Engage with customers to understand needs and create demand, negotiate to achieve business results.
Analyze market conditions and competitors to inform strategy within the same field and scope of business.
Develop sales plans based on customer insights to maintain relationships and drive growth.
Lead, plan, and implement business strategies and manage the sales team to meet revenue targets.
Monitor sales performance and prepare weekly/monthly reports for the board of directors."
Pharmaceutical Sales Representative / Business Development Lead,360.0,1.0,"Hanoi, Ho Chi Minh City","Plan and execute sales activities in the assigned territory.
Acquire in-depth knowledge of product features, benefits, and policies to confidently communicate with customers.
Understand customer psychology and needs to provide direct consultation and product recommendations.
Prospect new customers and nurture existing ones, expanding the client base.
Monitor and assist in receivables management in coordination with the Accounting Department for assigned customers.
Research and summarize competitive landscape and market information encountered during work.
Perform other related duties as required."
Front End Magento Developer,520.0,2.0,Hanoi,"Participate in the development of the company's Magento 2-based e-commerce website.
Evaluate and build features to meet business requirements on the Magento platform.
Resolve bugs and develop or upgrade features as requested.
Research new web technologies in development (e.g., Hyva).
Collaborate with the Backend team to integrate data from APIs into the user interface.
Develop applications for mobile contexts (React/Flutter/PWA).
Test and fix issues before deployment to ensure a correct and smooth user experience."
Sales Manager,800.0,2.0,Hanoi,"Lead sales of stainless steel filtration products, industrial tanks, and develop the market for stainless steel piping and fittings.
Develop and execute business plans and sales strategies to achieve targets and KPIs for the team.
Support and coach employees in acquiring new customers and managing existing and potential customers.
Responsible for training and monitoring the performance of the sales team.
Drive team leaders to manage their teams and implement sales plans.
Maintain cross-department relationships to drive company activities and liaise with customers regarding product and project information."
Marketing Research Officer,400.0,1.0,Hanoi,"Conduct market research and collect data from multiple sources to assess market demand, trends, and competitive landscape.
Analyze data using appropriate tools to generate reports and insights on market needs and opportunities.
Report findings and propose strategies to support business and marketing planning, expansion, and strategic decisions.
Monitor market and competitor information to help maintain and enhance competitiveness.
Support internal company activities and assist in executing tasks assigned by executives."
DevOps Engineer (Streaming Mobile Application),1600.0,0.0,Ho Chi Minh City,"Lead design, implementation, and maintenance of scalable AWS infrastructure for a mobile streaming platform.
Build and manage CI/CD pipelines using Jenkins, GitLab CI, or GitHub Actions; implement infrastructure as code with Terraform or CloudFormation.
Develop and maintain Docker containers and Kubernetes configurations; implement blue-green and canary deployment strategies for zero-downtime updates.
Set up comprehensive monitoring and logging using CloudWatch, Prometheus, and Grafana; establish alerting and performance tuning for streaming workloads.
Ensure security best practices across the infrastructure, including IAM, SSL/TLS management, and data protection compliance; conduct security audits.
Collaborate with mobile development teams and document infrastructure and processes; participate in on-call rotation and mentor junior engineers."
Sales Manager,1000.0,2.0,Ho Chi Minh City,"Lead and train the sales team.
Supervise the full sales process across online and offline channels.
Be responsible for sales performance reporting to senior management.
Perform additional duties as assigned by management.
Work location: Ho Chi Minh City, Bình Thạnh District HQ.
Requirements: Female candidates aged 25-35 with a university degree; minimum 2 years of sales management experience in electronics/electronic devices; experience in online sales and showroom chains is a plus; experience managing a team; good appearance, communication, initiative, and detail-oriented."
Software IT Engineer,320.0,2.0,Hanoi,"Manage and support software applications related to company operations.
Administer domains and communication tools such as Skype, Zalo, and email.
Administer and maintain administrator accounts for all websites, both old and new.
Install and manage Global Distribution System (GDS) systems.
Set up and maintain API connections between systems.
Requirements: Male, Diploma or higher in IT; more than 2 years of experience for this role."
Customer Experience Officer (CXO),400.0,1.0,"Ho Chi Minh City, Hanoi","Serve as a Customer Experience Officer to connect the center with students and support their learning journey.
Own student enrollment and registration, assist with sign-ups and payment processes.
Manage course renewals and monitor the center's renewal progress to meet targets.
Track student progress, collect and respond to feedback, and help students achieve academic goals.
Oversee cashiering, invoicing, and document compliance; manage book availability and reporting.
Participate in training sessions and meetings, and perform additional duties as assigned."
Agricultural Products Business Manager,600.0,3.0,Hanoi,"Plan, organize, and oversee distribution of agricultural products from producers to agents, stores, supermarkets, and end customers.
Build and maintain strong relationships with business partners, customers, and stakeholders in the distribution channel.
Research and analyze market needs, customer behavior, competition, and trends to propose effective distribution strategies and programs.
Lead and develop the distribution sales team, train, coach, and evaluate performance.
Monitor, control, and report on sales, costs, profits, inventory, quality, and service in the distribution channel.
Resolve issues, complaints, and feedback from customers and channel stakeholders; propose and implement promotional and sales support activities.
Collaborate with other departments (production, accounting, HR, etc.) and ensure compliance with company policies and applicable laws."
Business Analyst (BA),400.0,3.0,Hanoi,"Analyze and clarify business requirements and propose solutions for system upgrades and new developments.
Receive, manage, and prioritize enhancement requests from business users.
Collaborate to clarify requirements, survey and analyze business processes to propose and agree on solutions.
Review design documents, user manuals, and other project documents to ensure alignment with business needs; write/update URD and FSD; obtain sign-off from stakeholders.
Manage hard and soft project documents; perform project coordinator duties: track progress, coordinate software development lifecycle activities, and support project secretary tasks if needed.
Work in a Scrum/agile environment; participate in Scrum ceremonies and ensure timely communication with teams.
Demonstrate ability to work independently and in teams; maintain diligence, logical thinking, organization, and attention to detail."
Executive Assistant to General Director,600.0,0.5,Ho Chi Minh City,"Manage the General Director's calendar, meetings, and travel plans; take notes and summarize meeting content for executive oversight.
Monitor progress of assigned programs; coordinate with related departments to ensure execution of the planned activities.
Collect and search for information as requested by the Director; classify, organize, and summarize documents from departments for the Director.
Translate documents and draft correspondence as needed.
Perform other duties as described in the job description; report to senior leadership as required.
Demonstrate professionalism, collaborate effectively with colleagues, and show commitment to long-term stability with the company."
"Mobile App Developer (Native, Flutter)",600.0,0.0,Hanoi,"Collaborate with the development team to build mobile applications (native iOS/Android and Flutter) and contribute to product delivery.
Suggest and support technology choices and solutions for the team; participate in planning, task assignment, and effective team management.
Organize and support team-building activities, knowledge sharing, and process improvements to enhance skills and productivity.
Communicate with product and technical stakeholders to align on business goals and project milestones.
Proficient in native iOS/Android development and Dart/Flutter, with experience in Git version control and state management.
Experience with in-app purchases, AdMob, and third-party integrations (Firebase, Adjust, Appsflyer); knowledge of app architecture, high availability, stability, and security."
Sales Manager Assistant,500.0,1.0,"Ha Nam, Hanoi, Vietnam","Receive and process customer orders.
Coordinate order fulfillment and shipment.
Handle pricing administration and discounting as applicable.
Serve as primary liaison with customers.
Collect and analyze revenue data.
Assess customer satisfaction and feedback.
Calculate material/production costs and support cost analysis."
Executive Assistant and Translator to CEO,1200.0,3.0,"Ho Chi Minh City and Binh Duong, Vietnam","Assist the CEO with daily task management and schedule planning.
Arrange itineraries and appointments for the CEO with partners and clients.
Actively participate in meetings with potential partners and clients and provide interpretation support.
Translate information accurately and provide interpretation during meetings between the CEO and clients.
Prepare daily work reports and accompany the CEO on business trips as needed.
Be prepared to work at the Saudi headquarters or travel to Saudi Arabia, Malaysia, and other locations as required.
Requirements: female with a presentable appearance; fluent in English with IELTS >= 5.0 or TOEIC 600; conversational Chinese or equivalent (HSK 3); outgoing, proactive, and well-organized; proficient in Microsoft Word and Excel."
IT ERP Specialist,360.0,2.0,Hanoi,"Implement and proficiently use ERP software; manage and maintain the ERP system, servers, and information security.
Troubleshoot network and computer systems and user accounts to resolve issues encountered during work.
Manage IT-related equipment; monitor the status of devices and propose timely solutions to prevent operational downtime.
Deploy projects related to new processes for the sales department, including user guidance and process/system troubleshooting.
Address infrastructure issues onsite at stores when required and monitor infrastructure devices each morning to ensure stability.
Conduct weekly IT system checks at branches, collaborate with other departments on requests, and perform data backup and recovery."
Nurse Aide - Immediate Start,320.0,1.0,Ho Chi Minh City,"Perform nursing care procedures following standard nursing techniques.
Operate and maintain assets, medications, instruments, and medical devices in the department under direct supervisor.
Advise and guide patients and their families during visits for treatment.
Collaborate with other staff to ensure quality patient care.
Requirements: Gender: Male or Female; Age 22 to 34; Education: Vocational College or Associate Degree in Nursing.
Preferably hold a professional practice certificate; possess strong medical ethics, patient care skills, good health; sociable, meticulous, good communication, responsible; able to work in a team and independently; quick and proactive; proficient in IT."
Project Manager - Hospital,800.0,3.0,"Hanoi and Vinh Phuc, Vietnam","Manage hospital/clinic projects, ensuring timely delivery, quality, and budget compliance.
Analyze, plan, and oversee upcoming and ongoing projects.
Create and manage project documents, including project plans, progress reports, risk reports, and requirements documents.
Coordinate with stakeholders such as clients, suppliers, and internal departments.
Monitor progress, address issues during project implementation, and ensure resolution.
Evaluate project outcomes, capture lessons learned for future projects, and contribute to improving project management processes."
Interior Sales Executive,280.0,2.0,Hanoi,"Identify and approach clients in need of interior products and promote offerings via online and offline channels.
Develop and manage a network of partners, including brokers, architects, and developers, to source projects.
Advise clients on suitable interior solutions and coordinate with the design team; prepare design and construction quotations.
Negotiate design and construction contracts; monitor project progress through to acceptance.
Maintain client database, provide after-sales support, and address customer inquiries.
Prepare regular sales reports for the sales manager and contribute to business planning and strategy."
Regional Sales Manager,480.0,2.0,Dong Nai and two other locations,"Implement and supervise regional sales plans, activities, programs, and projects in the designated area.
Prepare reports assessing the performance and effectiveness of implementations.
Manage, assign, and support sales staff to achieve sales targets.
Recruit, train, guide, and develop junior sales personnel.
Collaborate with the Tan Binh District office and other managed regions to ensure regional sales coverage.
Ensure adherence to company policies and contribute to continuous improvement of sales processes."
Digital Marketing Fullstack,320.0,0.0,Ho Chi Minh City,"Manage monthly performance for the digital team, including product pre-order campaigns, major monthly sales campaigns, and ads on e-commerce platforms.
Allocate and oversee budgets and products for junior staff and freelancers; ensure KPI achievement on monthly, quarterly, and annual horizons.
Responsible for reporting website activity metrics (driven traffic, funnel ads, conversion rate, email marketing, etc.).
Plan and test new products monthly; report and plan revenue targets by product; prepare weekly and monthly reports aligned with overall goals.
Manage advertising payments and-related financial tracking; monitor cash flow and budgeting; plan large budget pushes.
Oversee website tracking activities (training provided): Meta Pixel and Google Analytics setup and tracking.
Collaborate across teams with strong communication, project management, and ability to multitask; engage with management to ensure timely progress."
Area Sales Manager - Electrical Equipment,720.0,2.0,Hanoi,"Responsible for revenue and profit of the Electrical Equipment sales department.
Develop and implement business plans to expand the client base and ensure market coverage of the brand.
Build and cultivate relationships with customers in the electrical equipment sector.
Report business results, revenue, and costs; provide market forecasts to the General Director.
Coordinate with Marketing on campaigns for the electrical equipment category.
Identify potential markets and monitor market movements; keep updated on competitors and new products.
Execute tasks as assigned by the General Director."
Branch Operations Manager (Beverage Preparation),720.0,3.0,Nghe An,"Responsible for achieving revenue targets and developing sales promotion plans, monitoring execution.
Manage recruitment, training, and development; design staffing structure aligned with branch activity and collaborate with HR to hire suitable staff; plan training programs to ensure adequate skills.
Oversee cost control, assets, and equipment; manage raw material costs within defined limits; ensure proper use of equipment and tools to minimize damage or loss.
Coordinate branch operations by liaising with departments to maintain stable and efficient business performance; supervise departmental staff and resolve incidents.
Provide customer service leadership; implement customer feedback programs and directly address complaints with optimal solutions.
Regular reporting on business activities, monthly sales performance, and safeguarding confidential business information."
Sales Executive,280.0,1.0,Hanoi,"Develop and manage distribution channels and sales network; implement market development plans.
Conduct sales activities: participate in fairs and business events; prospect, present products; sign and manage contracts; arrange logistics and delivery.
Place orders and monitor order fulfillment: relay orders to production; monitor production progress, quality, and product specifications; update customers on progress and delivery.
Manage customer relationships (CRM): update sales data in the customer database; assess customer satisfaction; nurture customer relationships; coordinate activities with suppliers and regional sources.
Prepare periodic sales reports and plan weekly/monthly tasks for the sales channel; draft contracts and sign-off procedures; adhere to approved plans."
Project Management Intern - Account Intern,80.0,0.0,Ho Chi Minh City,"Support Account team in project deployment through tasks such as monitoring internal team deadlines and reporting project status.
Prepare project documents and records for the Account team.
Assist in client engagement, provide quotations and proposals to customers.
Produce reports as requested by the Account Manager.
Perform other tasks as assigned by the Account Manager.
Applicants must be students or graduates in Marketing, Business Administration, or related fields; no previous experience required.
Proficiency in English (listening, speaking, reading, writing) and knowledge of Marketing and Digital Marketing; proficient in MS Office; strong communication, meticulous, attentive, team-oriented, and able to work under pressure."
Sales Consultant / Sales Advisor,400.0,0.0,Ho Chi Minh City,"Drive to achieve personal vehicle sales targets for passenger cars and trucks.
Prospect, nurture, and develop relationships with customers; manage potential customer information.
Execute marketing and customer service activities aligned with the assigned market; ensure compliance with policies and procedures.
Monitor sales contracts, accounts receivable, and vehicle handover processes.
Requirements: college degree or higher in automotive technology; basic knowledge of technology and features of trucks and buses.
Proficient in office software with strong negotiation and persuasive selling skills; base location in Ho Chi Minh City."
"Telesales Officer - Bank (Dong Da, Hanoi)",320.0,0.0,Hanoi,"Conduct outbound calls to advise on bank products and provide customer care according to predefined scripts across two channels: OB Service and OB Sale.
For the OB Service channel, make calls addressing service quality and remind customers about outstanding debts.
For the OB Sale channel, perform calls following the script to promote and sell bank products.
Communicate with customers in a professional manner, ensuring clear pronunciation and no regional accent.
Meet eligibility requirements: ages 20-33, education from secondary school or higher, and prior experience in customer support or sales is advantageous.
Location: Hanoi, Dong Da district."
POD Store Manager,320.0,1.0,Hanoi,"Manage online storefronts on e-commerce platforms such as Amazon, Shopify, Etsy, and eBay.
Optimize product listings, images, and information to attract customers.
Handle orders and resolve customer complaints.
Require proficiency in English to read documents and respond to international customer emails (English certification is a plus).
Bachelor's degree in Marketing, E-commerce, or related fields; or equivalent.
Commitment, creativity, ability to work under pressure, and capability to work independently and in a team."
Educational Consultant,400.0,1.0,"Can Tho and multiple locations nationwide (Ho Chi Minh City districts including Binh Tan, District 6, District 10, District 8, Go Vap, District 7, Tan Bình, District 9, Tan Phu; Binh Duong; Rach Gia; Nha Trang; Da Nang; others)","Provide guidance on English courses and act as a liaison between Apollo English and parents, helping clients choose meaningful learning paths.
Contact potential customers using provided data, present detailed course information, and tailor study plans to individual learners.
Schedule placement tests, handle course registrations, coordinate class bookings, and process course payments; address inquiries throughout registration.
Manage cash and receipts, and hand over payment documents to the cashier or accounting department; maintain accurate sales records for self and team.
Fulfill additional duties as assigned by the Center Director; contribute to reaching sales targets.
Display strong communication and customer service skills; work effectively both independently and as part of a team; English proficiency is a plus."
Senior Luxury Wine Business Manager,600.0,3.0,Ho Chi Minh City,"Responsible for planning business, setting targets, annual budgeting, analysis, and monitoring business controls; developing and implementing strategies to grow revenue.
Collaborate with Marketing to formulate sales-support policies and channel-specific marketing programs.
Analyze wine consumer trends; coordinate with departments to offer products aligned with consumer tastes and diversify while meeting company business criteria.
Recruit, onboard, train, assign, plan, coach, supervise, and evaluate employee contributions; build and manage the sales team.
Establish and expand the sales network, manage territory allocations and sales quotas for subordinates; set salary policies and incentive schemes aligned with business goals.
Stay updated on wine industry trends and propose appropriate adjustments; require university degree in Economics or Business Administration; minimum 3 years of management experience in F&B, especially wine; fluent English; knowledge of sales plans for GT/MT/Horeca; strong integrity, confidence, ambition, and communication."
Fullstack Developer,1400.0,0.0,Ho Chi Minh City,"Design, develop, and enhance responsive web applications using .NET to meet business requirements.
Independently research technical solutions and product functionality; participate in code reviews on a regular basis.
Promote development standards and best practices; assist both development and test teams in acceptance testing and troubleshooting.
Proactively seek opportunities to implement improvements in personal and team processes; communicate task estimates and progress.
Document user stories and technical requirements; work with cross-functional teams in an Agile environment.
Show hands-on development experience with front-end frameworks (Angular, ReactJS), Web API, OOP concepts, and relational databases (SQL Server, PostgreSQL); familiarity with unit and integration testing and open-source tools."
"ASM Manager for Electrical Equipment - Hanoi, Cau Giay",720.0,2.0,Hanoi,"Responsible for revenue and profit of the Electrical Equipment Sales Department.
Develop and implement business plans to expand the client base and ensure brand coverage.
Build and grow customer relationships within the electrical equipment sector.
Report business results, revenue, and costs; provide market forecasts to the General Director.
Coordinate with Marketing on marketing plans for the electrical equipment category.
Identify potential markets and monitor market movements, competitors, and new products.
Perform tasks as required by the General Director."
IT Staff,600.0,2.0,"Hanoi, Vietnam","Maintain ERP-related systems (SAP, Oracle).
Develop and manage SQL databases and related programming tasks.
Install computer software and handle IT issue resolution and support.
Collaborate with various departments to communicate technical issues.
Requirements: University degree or higher; fluent in Chinese; basic English.
At least 2 years of ERP maintenance experience; preference for experience in large-scale manufacturing."
Business Development Manager - GT Channel / ASM GT,600.0,3.0,Ho Chi Minh City,"Maintain and open new distributors and mini-supermarkets to ensure product coverage targets.
Identify and develop key retail chains and channel partners.
Recruit, train, and develop staff as needed; monitor sales performance of agents and outlets and propose timely promotions.
Build sales plans, analyze data, and formulate strategies for market development.
Manage budgets, analyze results, and prepare reports; coordinate with internal teams.
Collaborate with cross-functional teams and maintain a positive, energetic work environment."
Angular Developer (Japanese N2),880.0,0.0,Hanoi,"Read and study design documents to understand project requirements.
Participate in the full software development life cycle: system design, technology selection, programming, quality assurance, and deployment.
Proactively discuss, design, coordinate, and advise on API development with the Backend Team.
Explore new technologies and design solutions applicable to the current system.
Report progress to management and collaborate effectively with the team; English reading proficiency is preferred, Japanese communication is a plus.
Requirements: at least 2 years of experience with Angular, JavaScript, and CSS; university degree in information technology or related fields; strong logical thinking, analytical and quick learning abilities."
Java Developer - Japanese,800.0,0.0,"Hanoi, Vietnam","- Develop and maintain software applications, focusing on Microsoft platform-based products such as SharePoint, Translation API, and Azure.
- Design and implement new applications; propose technical solutions and improve software development processes.
- Maintain and upgrade existing data management systems for universities in Japan; ensure system stability and performance through testing and continuous improvements.
- Analyze requirements and design systems; collaborate with clients and stakeholders to design appropriate technical solutions.
- Manage project timelines and coordinate with development team and stakeholders to ensure timely delivery.
- Communicate effectively in Japanese (N4 or higher) and work well in a team; demonstrate problem-solving abilities and time management under pressure."
IT ERP Specialist,360.0,2.0,Hanoi,"Implement and proficiently operate ERP software; manage, maintain ERP systems, servers, and information security.
Provide troubleshooting for network, computer systems, and user accounts.
Manage IT-related equipment; monitor and propose improvements to prevent downtime.
Deploy projects related to new processes for the sales function; provide software usage and error-handling guidance.
Respond to infrastructure incidents requiring on-site visits; monitor infrastructure devices daily to ensure stability.
Update, backup, and recover data; collaborate with other departments; support other tasks as assigned."
Regional Business Manager Northeast (ASM) - FMCG,760.0,2.0,Hanoi,"Plan monthly, quarterly, and yearly sales strategies for the assigned region.
Achieve sales targets and drive business results according to set KPIs.
Manage, support, and develop the distribution channel network within the region.
Collaborate with Marketing to implement Trade Marketing programs and promotional activities to increase product visibility at points of sale and build brand recognition.
Build, recruit, train, evaluate, and develop the regional sales team; ensure effective onboarding and capability growth.
Monitor compliance with policies, supervise delivery, warehousing, shelf display, and equipment within the regional area.
Conduct market research and competitive analysis, analyze sales data and product quality to propose actions that drive regional growth; directly report to the National Sales Director."
IT Helpdesk (English Communication),360.0,2.0,Ho Chi Minh City,"Install and deploy hardware and software for users.
Troubleshoot issues related to computers, printers, emails, and network systems.
Deploy, install, and maintain network systems.
Communicate effectively in English with users and team members.
Experience with Microsoft 365 administration and management.
Education in IT (diploma/degree); CCNA, MCSA, MCSE courses preferred; 2+ years of experience preferred."
Sales Manager,480.0,2.0,Hai Duong,"Oversee the sales department and be responsible for managing business activities to achieve revenue targets.
Plan and implement tasks to meet assigned sales targets and revenue goals.
Allocate targets, monitor progress, and coach staff to meet individual objectives.
identify and expand relationships with educational institutions, educational centers, and parents.
Provide direct consultations on educational products, printing, publishing, and school experience programs; conduct market and competitor research.
Handle post-sale processes such as contracts, documentation, and payments; resolve issues and inquiries beyond frontline staff."
Sales Associate (No Experience Required),480.0,1.0,"Hanoi, Vietnam","Plan and drive business development and sales activities to acquire new clients and expand market reach.
Develop and manage a customer pipeline, cultivate leads, and close deals.
Monitor sales performance and provide support to customers before, during, and after the sale.
Build and promote personal brand on social platforms (TikTok, Zalo, Facebook).
Collaborate in a professional, creative, and dynamic team environment; participate in training and coaching.
Qualifications: university or college degree; age 25-40; interest in sales; prior experience in sales, banking, insurance, or entrepreneurship preferred."
Branch Manager,400.0,3.0,Hanoi,"Oversee branch operations and supervise workflow processes to ensure efficiency.
Recruit, guide, and train staff; supervise overall service delivery and performance.
Manage facility, revenue, and assets; ensure compliance with safety, quality, and company standards.
Handle parent inquiries and manage customer relationships; address complaints professionally.
Ensure adherence to company policies; analyze operations and contribute to business strategy development.
Demonstrate leadership and team development; require relevant degree (business, HR, law) and at least 3 years of management experience; strong communication and negotiation skills."
Business Manager - Import and Export,600.0,2.0,Ho Chi Minh City,"Responsible for all import-export operations of the company.
Manage all customs procedures and accompanying documents (export/import documents, sales contracts, transfer procedures).
Receive, verify, and reconcile import/export documents with quantities during customs clearance at the border.
Represent the company in meetings with customs authorities; classify and manage duties and taxes.
Monitor goods during transport and stay updated on changes in import/export laws and regulations; advise on customs procedures, insurance, and related issues.
Develop business plans and strategies to achieve targets; supervise and train staff; conduct market research and propose strategic plans; execute marketing activities to develop the brand and ensure customer service quality."
Business Development Manager,400.0,1.0,Ho Chi Minh City,"Seek and develop new client relationships.
Maintain client relationships and provide suitable financial solutions to meet their needs.
Plan and manage the sales team; guide and support staff to achieve revenue targets.
Propose and implement business strategies; drive sales for the team and individuals.
Provide post-sale customer care to enhance company reputation and build customer loyalty."
Sales Executive / Sales Representative,360.0,1.0,"Binh Duong, Hanoi","Market and sell company products in Vietnam to achieve growth and hit sales targets.
Generate business leads for building materials and wood panel products and follow up on sales opportunities.
Monitor accounts receivable; ensure prompt collection and manage credit terms and limits.
Provide regular, timely sales activity reports and conduct periodic sales presentations.
Maintain the customer database and participate in marketing campaigns, exhibitions, and tradeshows.
Conduct market research, competitor analysis, and report findings to management; perform other duties as requested by management."
Sales Consultant - Automobile Showroom,800.0,0.0,Ho Chi Minh City,"Greet customers at the showroom and assist with inquiries.
Provide detailed information about vehicles (exterior, interior, and test drive) to customers.
Assess customer needs and preferences to tailor recommendations.
Discuss and negotiate terms of purchase contracts with customers.
Track payments and coordinate vehicle delivery to customers.
Explain vehicle operation and warranty/maintenance policies before handover, and follow up after delivery to build relationships."
Business Manager (Remote) - Up to 30 million VND - Immediate Start,1000.0,3.0,Ho Chi Minh City,"Develop and implement business strategies to drive growth and revenue.
Assess market trends, customer demand, and competitive landscape to adjust advertising and sales strategies.
Monitor and evaluate the performance of the sales team and implement actions to improve productivity.
Manage customer relationships and provide periodic reports on business results, with recommendations for improvement.
Ensure business strategies align with the company’s overall goals and drive cross-functional collaboration.
Qualifications: Bachelor's degree in Business Administration, Marketing, or related fields; 3–5 years in business or e-commerce sales, including 2–3 years in a managerial role; strong leadership, communication, negotiation, presentation, training skills."
Agricultural Products Sales Manager,600.0,3.0,Hanoi,"Plan, organize, and oversee distribution of agricultural products from producers to agents, stores, supermarkets, and end consumers.
Build and maintain strong relationships with business partners, customers, and stakeholders in the distribution channel.
Research and analyze market demand, customer behavior, competition, and trends to propose effective distribution strategies and programs.
Manage and develop the distribution sales team, providing training, guidance, and performance evaluation.
Monitor and report on sales, costs, profits, inventory, quality, and service of the distribution channel.
Resolve customer and stakeholder issues, complaints, and feedback within the distribution channel.
Propose and implement promotional activities, advertising, and sales support for the distribution channel."
Sales Manager - GT Channel / ASM GT,600.0,3.0,Ho Chi Minh City,"Maintain and expand GT channel and ASM GT distributors and mini supermarkets to ensure product coverage targets.
Identify and develop key account chains and pursue growth opportunities with major retailers.
Recruit and train staff as needed to support channel development and sales execution.
Monitor sales performance across distributors and outlets; propose timely promotions to drive sales.
Develop sales plans and conduct analysis to inform market development strategies.
Requirements: male or female, under 50 years old; 3–4 years of experience in foods, imported foods, alcoholic beverages, or dietary supplements; existing customer/distributor networks and regional key shop data; strong communication and proficient computer skills; ability to work in a team, plan, execute, and manage budgets; capable of analysis and reporting."
Sales Executive / Medical Equipment Sales Consultant,480.0,2.0,Ho Chi Minh City,"Plan and execute monthly, quarterly, and annual sales plans and report results.
Maintain existing client relationships and establish new potential customers in the assigned area.
Recommend issues related to product distribution according to manufacturer specifications and finance/after-sales policies as directed by management.
Draft and finalize contracts (with regional manager approval on terms), drive contract execution, oversee delivery, installation, operation, and warranty, and monitor payments and invoicing to assess customer satisfaction.
Be responsible for sales performance in the assigned territory and report directly to the regional manager.
Compile data and analyze market trends and competitors on a monthly/quarterly/annual basis per supervisor guidance.
Collaborate with related departments to achieve objectives."
Medical Representative / Business Development Manager,360.0,1.0,"Hanoi and Ho Chi Minh City, Vietnam","Plan and execute sales activities in the assigned area and achieve sales targets.
Have clear knowledge of product information, features, benefits, and policies.
Understand customer psychology and needs to provide direct consultation and product recommendations.
Seek new customers and potential accounts while maintaining existing customers.
Monitor and coordinate with the accounting department to support debt collection for customers.
Research and summarize competitor information and market insights during work.
Requirements: College degree or higher; preferred backgrounds in economics, healthcare, or pharmacy; 1+ year experience as a Medical Representative or 2+ years in other sales roles; strong discipline, responsibility, and ability to work under pressure; proficiency in office software and good communication skills."
IT Specialist,400.0,2.0,Hanoi,"Manage and operate servers, storage, and network devices to ensure system stability.
Configure and manage user accounts, email, and information security.
Set up and maintain the internal network to ensure stable and secure connections.
Perform regular maintenance of hardware and software and apply updates.
Collaborate with vendors to operate, warranty, maintain, and repair devices.
Provide user support for hardware/software incidents and office software (Microsoft Office, Outlook) and other applications.
Manage IT assets: issue, track, and recover assets; document handovers."
Debt Collection Call Agent (Overdue Loan Payments),600.0,0.0,Ho Chi Minh City,"Make outbound calls to persuade customers to repay overdue loans.
Collect information and propose repayment options to enable loan settlement.
Update customer status in the internal system and maintain accurate records.
Report daily/weekly results and performance metrics.
Qualifications: high school graduate; minimum 3 months experience in customer service, sales/teleSales in finance, or debt collection; strong communication and problem-solving abilities; ability to work under pressure.
Personal attributes: honesty and professional ethics."
Area Sales Manager (OTC Channel),720.0,3.0,"Hanoi, Da Nang, Ho Chi Minh City, Can Tho, Binh Duong, Dong Nai","Responsible for OTC channel sales targets and regional duties in Hanoi and additional locations.
Coordinate with departments to develop sales policies and incentive plans for the assigned area.
Recruit, train, manage, and evaluate field medical representatives.
Build and maintain relationships with customers, pharmacies, and drugstores in the assigned area.
Receive and process orders from pharmacies, and coordinate with Sales Admin to ensure timely processing and accurate reporting.
Collect and provide market feedback to support marketing activities; work with Sales Admin and Warehouse to monitor sales, manage inventory, minimize stockouts and expired goods, and ensure timely distribution."
Manual Tester,720.0,3.0,Hanoi,"Plan QA strategy and collaborate with project managers and stakeholders to develop comprehensive test plans and align testing timelines with the project schedule.
Design and execute test cases that cover all aspects of the software or product, coordinating both manual and automated testing activities.
Identify, log, and track software defects using appropriate tools; clearly communicate issues and work with developers to resolve them.
Collaborate across cross-functional teams including development, design, and product to understand requirements and ensure product quality; provide feedback to improve usability and functionality.
Requirements include at least 3 years of QA/Tester experience, strong software testing background, and experience with Agile/Scrum projects; experience with web products, HTML, CSS, HTTP, REST API, and GraphQL is preferred.
Automation skills such as writing automated test cases with Selenium (Java) are a plus; strong analytical, logical thinking, and excellent communication skills."
Sales Representative (Gross income from 10 million VND plus commissions),400.0,1.0,"Binh Duong, Vietnam","Identify and develop potential customers for automotive tires, focusing on those with demand for tire products.
Maintain and nurture relationships with existing customers to drive growth.
Advise customers on the company’s tire products, including brands, product lines, and promotional programs.
Negotiate, close sales, and ensure achievement of sales targets.
Support and assist customers during product usage, addressing questions and providing timely feedback.
Coordinate with the warehouse and delivery teams to ensure on-time delivery and meet customer requirements."
Head of Sales - English Proficiency,600.0,3.0,Ho Chi Minh City,"Understand the market for the UCO industry and related issues; provide insights to leadership.
Directly execute tasks and projects assigned by the Board of Directors.
Prospect, approach, and expand the customer and supplier database in Ho Chi Minh City and southern provinces, including Da Nang and Nha Trang.
Engage with customers to understand needs and create demand; negotiate to achieve business results.
Analyze market conditions and competitive landscape; develop plans to maintain client relationships and drive growth.
Advise on business strategies and build sales plans tailored to different customer segments; manage and train the sales team."
React Native Developer,400.0,0.0,Thai Nguyen,"Directly develop applications on the React Native platform.
Explore new technologies to improve performance and scalability of applications.
Support related projects as required by the job.
Require candidate with a background in IT and a bachelor's degree from a relevant university.
Minimum 1 year of React Native experience with apps already published on app stores and built for both Android and iOS.
Experience uploading apps to Google Play and Apple App Store.
Demonstrate independent thinking and good teamwork skills."
Dental Technician,400.0,0.0,Thai Binh,"Perform administrative tasks related to patient records.
Conduct dental examinations, provide consultations, and treat dental conditions.
Adhere to hygiene and safety standards in the dental clinic.
Use and maintain dental equipment and instruments.
Develop treatment plans and perform procedures such as tooth extraction, fillings, scaling, crowns, and dental implants.
Build and maintain positive relationships with patients and work collaboratively with the team."
Head of Admissions Consulting Team,480.0,2.0,"Vinh, Nghe An","Lead a team of 6-10 sales staff in education admissions consulting to achieve targets.
Plan and implement weekly, monthly, quarterly, and annual sales strategies to attract, advise, and close clients, ensuring targets are met.
Collaborate with schools, buildings, and partner organizations to identify potential students.
Monitor and drive team performance to meet KPIs; provide motivation and guidance to staff.
Recruit, train, and develop the admissions sales team to align with company requirements.
Prepare and submit reports to management as required; support the center director as needed."
Marketing Staff - Livestream,480.0,1.0,Hai Phong,"Develop ideas, create content, and write PR articles for the brand across social media platforms including Facebook, Fanpage, Tiktok, and Shopee.
Write scripts and host livestreams for product promotions on the company's pages.
Seed posts and videos to relevant groups to boost reach and engagement.
Contribute to the development and implementation of content and visual strategies for the company's social media channels.
Support general marketing department tasks and collaborate with the team to meet marketing goals.
Demonstrate creativity, responsibility, and strong writing and communication skills; ability to engage audiences on camera."
Area Sales Manager (OTC Channel),720.0,3.0,"Hanoi, Ho Chi Minh City, Da Nang, Can Tho, Binh Duong, Dong Nai","Responsible for OTC channel sales targets and the assigned regional area.
Collaborate with departments to develop sales policies and incentive schemes for the sales team.
Recruit, train, manage, and evaluate the Medical Representatives team.
Build and maintain relationships with customers, pharmacies, and drugstores in the assigned area.
Collect and report market information to support Marketing activities.
Coordinate with Sales Admin and warehouse to monitor sales, manage inventory, prevent stockouts and near-expiry items, and ensure timely distribution.
Coordinate with Finance and HR to calculate compensation, bonuses, and selling expenses for sales staff."
Sales Administrator,500.0,1.0,"Hà Nam and Hà Nội, Vietnam","Handle order intake and processing.
Manage order fulfillment and shipping activities.
Coordinate pricing operations and materials cost calculations.
Serve as the primary liaison with customers.
Collect revenue information and monitor customer satisfaction.
Assist with additional tasks as directed by supervisor."
E-commerce Market Development Specialist (Remote),600.0,0.0,Ho Chi Minh City,"Execute marketplace marketing campaigns in line with company directives to attract real customers.
Plan daily work activities and set customer targets.
Develop promotional content and share offers within the customer community.
Monitor sales performance for clients under management and adjust strategies accordingly.
Collaborate effectively in a team and engage in negotiation and persuasive communication with customers.
Provide enthusiastic, responsible customer service and maintain a positive work attitude.
Be flexible with overtime and performance-based rewards."
IT Support,560.0,2.0,Hanoi,"Install and configure IT infrastructure, including development and staging environments, new web/server/database storage, and web/app services.
Manage and operate web/app servers, email, storage, and optimize existing server configurations.
Monitor access and analyze error logs (nginx, td-agent/logstash, elasticsearch, Kibana) to improve system reliability.
Administer virtualization and VM environments (VMware, Xen) and oversee VM lifecycle.
Provide technical support: troubleshoot computer, software, network issues; monitor systems; plan maintenance; manage IT assets.
Plan hardware, software, and system upgrades; report and propose improvements to enhance IT efficiency."
Admissions - Student Care,320.0,0.5,Hanoi,"Plan and coordinate recruitment activities with partners; organize seminars, recruitment fairs, and student orientation to support study abroad programs in Vietnam.
Engage with universities and colleges; nurture relationships with schools to promote study abroad programs, including Taiwan options.
Set recruitment targets, strategies, and semester plans; manage and track campaign progress.
Collaborate with multiple departments to execute recruitment events and student services; ensure timely completion of tasks.
Build strong communication with students and parents; provide counseling and follow-up via in-person meetings, email, and video calls.
Demonstrate the ability to work in a team, manage time effectively, analyze and present results; maintain a positive, patient, and responsible attitude."
Head of Sales,1200.0,0.0,"Hanoi, Vietnam","Advise and guide clients on projects, facilitate transactions, negotiate and sign contracts, and collect and report Real Estate market conditions.
Develop and implement business plans, proposing solutions to maintain and promote activities to meet revenue and cost targets.
Create telesales, direct sales, and client outreach scripts; enhance customer care skills.
Drive sales capability of the entire team, ensure team revenue, assign tasks, supervise and assist sales staff, and provide training.
Support and monitor the execution of business plans; report on business results, revenue, and costs.
Requirements: at least 1 year of Real Estate experience and at least 1 year in a similar role; strong management, market knowledge, planning and legal awareness; self-motivated with clear goals; computer access and transportation; ability to work under high pressure; strong communication, negotiation, and problem-solving skills."
TechLead Java,1400.0,3.0,Hanoi,"Analyze system architecture and understand integration with other systems.
Possess deep technical expertise in Frontend or Backend, such as Java backend or ReactJS frontend.
Contribute to architectural solution discussions to meet functional and non-functional requirements.
Analyze, evaluate, and select the most suitable solutions.
Collaborate with the development team to resolve major issues and propose technical options based on specific requirements.
Communicate with stakeholders to support system integration and alignment with project goals."
Sales Manager,800.0,2.0,Hanoi,"Lead and drive sales for stainless steel filtration products and industrial tanks, and expand market for stainless steel pipes and accessories.
Develop and implement business plans and sales strategies for the team to achieve revenue targets and KPIs.
Support team members in acquiring new customers and maintaining relationships with existing and potential clients.
Train and monitor the performance of the sales team to ensure effective execution of sales plans.
Motivate and guide team leaders to manage and implement sales plans efficiently.
Maintain cross-functional relationships with other departments to drive company activities.
Introduce, explain, and advise on product and project information to customers."
Sales Manager - Female Candidates Only,1400.0,3.0,Hanoi,"Develop short- and long-term sales strategies and evaluate the effectiveness of current sales programs.
Prepare annual business plans (core and supplementary) and set monthly and annual sales targets for each facility.
Monitor implementation and report sales results weekly, monthly, and yearly; propose promotional programs and report post-implementation effectiveness.
Develop and manage budgets, including marketing spend and enrollment costs for months and years.
Supervise facilities to ensure compliance with approved budgets; conduct sales training for new staff and ongoing training for the network.
Analyze competition and market trends to improve service quality and product offerings; manage KPIs and KPI reporting."
Head of Sales,720.0,3.0,"Dong Nai, Ho Chi Minh City","Lead the sales department, overseeing organization structure and direct management of sales and marketing activities.
Develop operating processes, business plans, and sales strategies aligned with corporate goals to achieve set business results.
Directly manage all sales and marketing operations to drive effective performance and growth.
Establish pricing policies and marketing guidelines; obtain approval from the board of directors.
Build, develop, and maintain the customer base, identify potential customers, and expand market reach.
Requirements: university degree in economics-related fields (e.g., International Trade, Business Administration, Economics, Marketing, Logistics).
At least 3 years of experience in a similar role; strong English communication; leadership and analytical, negotiation, and market planning skills; dynamic, proactive, and responsible."
Fullstack Developer,800.0,0.0,Hanoi,"Collaborate with team leads and project managers to develop products by coordinating with multiple groups.
Participate in requirements gathering, analysis, design, and technology research when assigned.
Build and deploy systems including APIs and microservices.
Proficient in C# and .NET with at least 1 year of experience; experience with Angular for at least 1 year.
Work with databases such as MS SQL Server and Oracle; strong skills in HTML, CSS, JavaScript, jQuery, and responsive web design.
Knowledge of queues, caching, and Docker is a plus; ability to learn new technologies from English documentation; work independently and in a team, under pressure to meet deadlines."
Agricultural Products Sales Manager,600.0,3.0,Hanoi,"Plan, organize, and oversee distribution of agricultural products from producers to agents, stores, supermarkets, and end consumers.
Build and maintain strong relationships with business partners, customers, and stakeholders in the distribution channel.
Research and analyze market, demand, customer behavior, competition, and trends to propose effective distribution strategies and programs.
Manage and develop the distribution sales team, train, coach, and evaluate performance.
Monitor, control, and report on sales, costs, profits, inventory, quality, and service for the distribution channel.
Resolve issues, complaints, and feedback from customers and stakeholders in the distribution channel.
Propose and implement promotions, advertising, and sales support activities for the distribution channel."
Sales Manager,1000.0,2.0,Ho Chi Minh City,"Manage and train sales staff to achieve performance targets.
Oversee the full sales lifecycle across online and offline channels.
Be responsible for sales results and report to the supervisor.
Perform additional tasks as required by management.
Location: Bình Thạnh District, Ho Chi Minh City.
Qualifications: female, 25-35 years old, university degree, at least 2 years of sales management experience in electronics devices, experience in online sales; experience with showroom chains is a plus; capable of leading a team."
Luxury Alcohol Sales Manager,600.0,3.0,Ho Chi Minh City,"Plan and manage the annual business plan, targets, budgeting, analysis, and oversee business controls; develop and implement strategies to increase revenue.
Coordinate with the Marketing department to establish sales support policies and channel-specific marketing programs.
Analyze consumer trends in wine and spirits and collaborate with relevant departments to offer products that match consumer tastes while diversifying the product range and meeting business criteria.
Recruit, guide, train, assign tasks, plan, coach, supervise, and evaluate staff contributions.
Establish and expand the sales network, manage and develop the sales force, allocate territories and assign sales to subordinates; set targets and monitor performance.
Develop salary and incentive policies aligned with business objectives and other policies related to alcohol business operations.
Stay updated on market trends in wine and spirits and propose appropriate adjustments."
Business Analyst (Tester),360.0,1.0,Ho Chi Minh City,"Learn business domain and software processes for the ALOBO system and participate in its development.
Understand and analyze business requirements, detail and model requirements, and translate them into software solutions; propose solutions and create analysis/design documents.
Analyze client requirements for the development team; design mockups and wireframes.
Collaborate to test functions developed by the team before handover to the client.
Test other functions on DEV and LIVE environments to identify defects.
Work with clients and support them in using the software."
Network and System Administrator,400.0,1.0,Hanoi,"Install, configure, maintain, and administer all servers, services, and the internal network.
Manage data backup and restore procedures.
Research and implement improvements to enhance work efficiency.
Educational requirements: college/university degree in network administration or Microsoft/Aptech system administration.
Demonstrate carefulness and responsibility; committed to assigned tasks.
Willing to work overtime when required or to handle incidents.
Location: Hanoi"
Frontend Intern,192.0,0.0,"Quy Nhon, Bình Định, Vietnam","Receive training in frontend frameworks including Angular, Vue.js, and React.js.
Gain experience with Git workflows and code editing tools.
Learn basic JavaScript and TypeScript fundamentals.
Develop a solid understanding of HTML, CSS, Bootstrap, and JavaScript.
Demonstrate programming ability through tests or a working product demonstration.
Location: Quy Nhơn, Bình Định, Vietnam."
Head of Sales - English Proficiency,600.0,3.0,Ho Chi Minh City,"Conduct market research on the UCO sector and related issues; execute projects directed by the board of directors.
Directly search, approach, and expand the customer and supplier database across restaurants, cafes, hotels, and franchises in Ho Chi Minh City and southern regions (including Da Nang and Nha Trang).
Interact with customers to understand and create demand, and negotiate to achieve business objectives.
Analyze competitors to identify strengths and weaknesses, study general customer preferences, and develop sales plans to maintain customer relationships.
Advise and propose business strategies to ensure the company achieves optimal results; plan and build sales strategies tailored to customer segments and company goals over time.
Manage and train the sales team, oversee activities for monthly/weekly plans, monitor performance, and ensure revenue targets are met.
Prepare weekly and monthly sales reports for leadership."
Agricultural Products Business Manager,600.0,3.0,Hanoi,"Plan, organize, and oversee distribution of agricultural products from producers to distributors, retailers, supermarkets, and end consumers.
Build and maintain strong relationships with business partners, customers, and stakeholders in the distribution channel.
Research and analyze market demand, customer behavior, competition, and trends to propose effective distribution strategies and programs.
Manage and develop the distribution sales team, including training, guidance, and performance evaluation.
Monitor, control, and report on sales, costs, profits, inventory, quality, and service within the distribution channel.
Propose and implement promotional, advertising, and sales support activities for the distribution channel."
Cloud Engineer (Database Service),640.0,0.0,"","Research and develop database service products for the Cloud Computing platform.
Design and implement efficient, secure, and scalable data storage solutions.
Manage and optimize performance of database systems on the Cloud platform.
Collaborate with other teams to ensure database systems meet application and user requirements.
Perform regular maintenance, upgrades, and backups of databases.
Troubleshoot database incidents to ensure system stability.
Support customers in using the cloud database service and provide usage guidance."
Facebook Ads Marketing Specialist,400.0,0.5,Hanoi,"Participate in the company's advertising campaigns on social platforms.
Build and manage pages and accounts.
Prospect and search for customer data with demand for the products.
Develop product and company branding on digital media channels.
Perform additional tasks as assigned by supervisors."
Director of Agency / Sales Director,800.0,5.0,Hanoi,"Support the company CEO in managing and operating the agency's activities.
Develop business plans aligned with the unit's short- and long-term goals.
Establish processes, policies, and guidelines for the company's sales operations to ensure safety and efficiency.
Make investment and business decisions aligned with strategy to maximize profits.
Responsible for training, organizing, and managing the sales department to achieve company and brand targets.
Requires at least 5 years of leadership experience in the passenger car industry with strategic vision, strong leadership, and business drive."
"Telesales / Financial Advisory Officer (On-site in Tan Binh, Ho Chi Minh City)",400.0,0.0,Ho Chi Minh City,"Use the company's Call Center to contact customers for financial consultations.
Work with pre-provided data; no lead searching required.
Assist customers with loan application procedures.
Product: cash loan; documents require only a national ID card (CCCD) and approval within 30 minutes.
Update call status in the system and perform other tasks as requested by management.
No prior experience required; clear, fluent telephone communication; prior phone sales or financial/insurance customer service experience is a plus."
Angular Developer,680.0,0.0,Hanoi,"Develop user interface features using Angular to create responsive, high-quality web applications.
Build and scale products or systems with large user bases, converting ideas into concrete software solutions.
Transform concepts into detailed software solutions and continuously optimize to improve performance and efficiency.
Contribute to improving existing technical processes and standards to boost team productivity.
Research new technologies and assess their applicability to current and future projects.
Follow the company's software development processes and best practices."
Branch Manager,400.0,3.0,"Hanoi, Vietnam","Recruit, guide, and train staff to ensure high performance.
Supervise workflows and operations of the branch to maintain efficiency.
Manage branch revenue and overall financial performance.
Oversee facilities management and ensure compliance with safety and standards.
Handle parent inquiries and resolve complaints with professional service.
Lead and develop the team with strong communication, negotiation, and relationship-building skills.
Ensure adherence to company policies and standards while supporting strategic planning."
Technical Leader,800.0,3.0,Hanoi,"Interpret development requests from product stakeholders (BAs, POs, PMs) and translate them into actionable plans.
Analyze, provide feedback, and propose backend/frontend system solutions and architectures.
Monitor, optimize, and maintain system performance and stability.
Research and propose performance optimization strategies and implementation approaches.
Oversee software operations and lead a team of programmers; plan workload and ensure code quality.
Review code, mentor team members, and foster strong teamwork and professional growth."
Sales Manager,800.0,2.0,Hanoi,"Drive sales for stainless steel products, including filtration, industrial tanks, and expand the market for stainless steel pipes and fittings.
Develop business plans and strategies for the sales team to achieve revenue and KPI targets.
Support staff in acquiring new customers and maintaining existing and potential client relationships.
Train and monitor the performance of the sales team; guide team leaders in managing the team and executing sales plans.
Maintain cross-functional relationships to promote company activities.
Present, explain, and advise customers on product and project information."
"Sales, Telesales and Enrollment Guidance Specialist",480.0,0.0,Hanoi,"Provide information and guidance on TOEIC/IELTS courses and respond to inquiries from prospective students.
Manage and convert inbound and outbound sales leads; drive sales for assigned targets.
Identify and develop potential customers through social media, campaigns, events, flyers, and partner outreach.
Monitor market trends and competitors; prepare periodic reports.
Perform tasks as directed by the supervisor and align activities with sales objectives.
Candidate requirements: strong interest in sales and consulting; preferably solid telesales ability with clear speech; English knowledge is a plus."
POD Store Manager,320.0,1.0,Hanoi,"Manage online POD storefronts on e-commerce platforms (Amazon, Shopify, Etsy, eBay, etc.).
Optimize store content, product images, and product information to attract customers.
Handle orders and resolve customer complaints.
Requirements: proficient in English to read documents and respond to emails from international customers; English certification is a plus.
Bachelor's degree in Marketing, E-commerce, or related fields; hardworking, creative, and capable of working independently and in a team.
Salary from 8-15 million VND per month; performance-based bonuses; continuous training and development."
Head of Sales - Spa/Health & Wellness,800.0,1.0,Hanoi,"Advise students and spa owners on spa courses and products, and their usage, for learners or spa owners, and for agents and distributors.
Set data targets, update and manage data in the CRM; participate in building and planning business strategies and sales consultation programs; develop new customers aligned with the company's business direction.
Update student/customer data in the CRM and maintain data accuracy.
Recruit, manage, train, and support the sales team; develop the sales force in line with company direction.
Actively participate in building and promoting personal and company brands within the industry.
Prepare and report daily/weekly/monthly workload and revenue; perform other tasks as required by management."
Java Developer,1200.0,0.0,Hanoi,"Develop software modules for Payment Service (e-wallet, payment gateway) on Java Microservice architecture using Java Spring Boot.
Participate in system analysis and design; develop new systems or modify and upgrade existing ones.
Test completed programs and integrate with other applications; develop and deploy on DEV/SIT/UAT environments; support bug fixing.
Ensure code quality and technical design; research new technologies to apply to company projects.
Require a university degree in Computer Science/IT/Applied Math-IT or equivalent; 3-5 years of Java Microservice development experience (Spring Boot, REST/JSON)."
Fullstack Developer,1400.0,0.0,Ho Chi Minh City,"Design, develop, and enhance custom responsive web applications using .NET to meet business requirements.
Research technical solutions and product functionality independently.
Promote and maintain development standards, participate in code reviews, and ensure code quality.
Assist development and QA teams with acceptance testing and troubleshooting.
Identify opportunities to improve personal and team processes; communicate estimates and progress.
Document user stories and technical requirements; work in an Agile environment with TDD awareness."
Head of Sales,1200.0,0.0,Hanoi,"Advise and guide clients on projects, complete transaction procedures, negotiate and finalize contracts, and collect and report real estate market conditions.
Develop and implement business plans, propose solutions to maintain and drive revenue while managing costs to meet targets.
Create telemarketing, direct sales, and client outreach scripts; enhance customer care and satisfaction.
Drive sales capability across the team, ensure revenue targets are met, assign tasks, supervise and support sales staff, and provide training and guidance.
Support and monitor the execution of the business plan; report on results, revenue, and costs.
Requirements include: at least 1 year of real estate experience and at least 1 year in a similar role; strong management, market and regulatory knowledge; self-motivation and goal setting; computer access and transportation; ability to work under high pressure; excellent communication, negotiation, and problem-solving skills."
Sales / Medical Equipment Consultant,720.0,0.5,"Hanoi, Vietnam","Identify, develop, and nurture relationships with new customers in the medical equipment sector.
Maintain and strengthen relationships with existing clients.
Analyze customer needs, projects, procurement plans, and deployment status to tailor solutions.
Collaborate with internal departments to prepare bids and implement plans based on actual needs.
Qualifications: candidates aged 25-35, open to both genders; preference for experience with consumables in medical devices.
Education: diploma or higher; preferred fields include Pharmacy, Diagnostic Imaging, Electronics, Biomedical Electronics, or Biotechnology."
Agricultural Commodities Sales Manager,600.0,3.0,Hanoi,"Plan, organize, and lead distribution activities of agricultural products from producers to agents, retailers, supermarkets, and end customers.
Build and maintain strong relationships with business partners, customers, and stakeholders in the distribution channel.
Research and analyze market demand, customer behavior, competition, and trends to propose effective distribution strategies and programs.
Manage and develop the distribution sales team, provide training, guidance, and performance evaluation.
Monitor and report on sales, costs, profits, inventory, quality, and service across the distribution channel; address issues and customer complaints.
Propose and execute promotions, advertising, and sales support for the distribution channel.
Collaborate with other departments (production, accounting, admin, HR, etc.) and ensure compliance with company policies and relevant laws."
Marketing Specialist,480.0,2.0,Hanoi,"Collaborate with the Head of Department to develop marketing plans, focusing on online brand marketing.
Execute brand activities and digital marketing campaigns across online channels according to the assigned plan; develop content plans for Facebook pages and the company website; publish content approved by leadership.
Update keyword trends and product content; propose programs to attract followers or drive traffic to pages and website; provide monthly reports on website and page metrics (visits, interactions, followers).
Assist in managing and distributing marketing materials (catalogs, flyers, POSM, branded items); supervise allocation and updates to ensure consistent brand image at points of sale and with distributors.
Coordinate with other departments to organize events such as launches, customer appreciation events, company events, roadshows, and activations.
Monitor market and competitors; collect and report marketing intelligence weekly/monthly or as needed; stay current on marketing trends and POSM tools to optimize brand marketing."
Sales Manager - Female Only,1400.0,3.0,Hanoi,"Develop short- and long-term sales strategies and evaluate the effectiveness of current sales programs.
Create annual business plans for key periods (main and off-season) and set monthly and annual revenue targets for each branch.
Monitor and report sales results on a weekly, monthly, quarterly, and annual basis; propose promotions and oversee their execution.
Plan and manage budgets including promotional and enrollment-related expenses; track costs monthly and annually.
Ensure monthly and yearly adherence to budgets across branches; support offline events and partnerships; collaborate with Marketing on plans and activities.
Train sales staff, identify strengths and weaknesses, provide ongoing coaching, and analyze KPIs to drive performance; ensure KPI targets are met."
Sales Assistant - Customer Care / Service Consultation at Hanoi Office,280.0,0.0,Hanoi,"Sell products and services through the company's communication channels.
Receive and process customer inquiries regarding products and services.
Address customer questions and handle complaints across all company channels.
Maintain positive relationships with customers and provide ongoing support.
Perform additional duties as directed by the direct supervisor.
Requirements: ages 20–30, high school diploma or higher; strong communication skills; proficient in office tools (Google Docs, Sheets, Slides) with a focus on presentation, spelling, layout, and color; good computer skills and information searchability; typing speed >50 WPM."
"Fullstack Developer (Java, Angular/ReactJS)",680.0,2.0,Hanoi,"Develop web applications on the Java platform.
Participate in analysis, design, development, and maintenance of systems and applications.
Implement programming of products and services as required.
Research and update knowledge to support work.
Requirements include: 2 years of hands-on Java experience in real projects; proficiency in Spring Boot; knowledge of multithreading and RESTful services; experience with cloud infrastructure such as AWS and Kubernetes; frontend experience with Angular or ReactJS is a plus; experience with RDBMS (SQL Server, MySQL); experience with load-balanced web/application servers.
Banking/finance domain experience is advantageous."
Experienced Business Analyst,600.0,1.0,Hanoi,"Lead business analysis for software development projects within the eCommerce domain based on at least 1 year of experience.
Collaborate with senior technical staff and IT management to deliver eCommerce, software development, and tech services for customers.
Bridge the gap between technical and non-technical stakeholders by eliciting requirements and producing business requirement artifacts including business cases, use cases, functional and non-functional specifications, and UI design specs.
Demonstrate advanced English proficiency with experience in direct customer interaction and presenting in English.
Exhibit excellent communication, facilitation, teamwork, and strong negotiation and influencing skills at all business levels; manage multiple projects when needed.
Apply Agile methodologies with strong business acumen and problem-solving abilities; leverage platforms such as Magento, Shopify, and BigCommerce as relevant.
Seize opportunities for career growth in a dynamic environment and adapt to work in Hanoi."
Sales Manager,480.0,2.0,Hai Duong,"Lead and manage all sales activities for the company.
Plan and execute sales strategies to meet revenue targets.
Allocate targets, monitor, and coach sales staff performance.
Prospect and expand business relationships with schools, educational centers, and parents.
Provide direct consultative sales for educational products, printing, publishing, and school experience programs.
Conduct market and customer research, analyze competitors.
Handle post-sale processes (contracts, payments) and resolve customer issues beyond staff scope."
Salesperson / Consultant / Sales,800.0,0.0,Hung Yen,"Identify and build relationships with potential clients in the real estate market.
Advise and assist clients in buying, selling, or renting properties.
Schedule appointments and accompany clients to property viewings (residential/commercial).
Participate in company marketing and promotional activities.
Maintain positive relationships with clients and provide ongoing support.
Report and propose sales strategies to management; training provided for those with no prior experience."
Sales Manager,480.0,3.0,Hanoi,"Build, manage, and develop the sales team to achieve targets and grow sales performance.
Train and guide sales staff to improve skills and efficiency.
Monitor and periodically evaluate sales personnel performance.
Ensure attainment of business targets across sales, market share, and product coverage.
Develop market strategies, identify new customers, and maintain relationships with existing customers.
Oversee daily sales activities, assist in resolving issues, and collect market information.
Prepare periodic sales reports (weekly/monthly/quarterly) and analyze business results for management."
Sales Manager,800.0,2.0,Hanoi,"Responsible for sales of stainless steel products and expanding the market for pipes and fittings.
Develop business plans and strategies for the sales team to meet revenue targets and KPIs.
Support the team in acquiring new customers and maintaining existing and potential customers.
Train and monitor the performance of the sales staff; mentor team leaders to manage their teams and implement sales plans.
Maintain cross-functional relationships to drive company activities; present and advise on product and project information to customers.
Requirements: Bachelor's degree in business administration or related fields; 2-3 years of experience in a similar role; leadership and planning abilities."
Branch Operations Manager - Beverage Preparation Division,720.0,3.0,Nghe An,"Responsible for ensuring revenue targets and developing sales promotion plans; supervise execution to achieve targets.
Manage recruitment, training, and development; design staffing structures aligned with branch operations; forecast manpower and collaborate with HR for hiring; plan skill development for employees.
Oversee cost control, assets, and equipment; monitor raw material usage and reduce waste; ensure proper use of tools and minimize loss.
Coordinate and supervise branch activities across departments to ensure stable and efficient operations; address issues and incidents promptly.
Deliver customer service excellence by implementing feedback programs; directly handle customer complaints and determine optimal resolutions.
Provide regular reports to the General Director (weekly, monthly); maintain confidentiality of business information."
Team Lead - Admissions Consulting,480.0,2.0,Nghe An,"Manage a team of 6-10 sales/consulting staff to achieve targets.
Develop and execute weekly, monthly, quarterly, and yearly business plans to attract, advise, and close customers.
Coordinate with schools, buildings, and organizations with shared client bases to identify potential prospects.
Monitor and drive team performance to meet KPIs; guide staff in converting prospects into students.
Recruit, train, and develop sales personnel to align with company requirements.
Prepare regular management reports and handle additional tasks as directed by supervisors."
Sales Executive (Retail Sales Advisor - Market Operations),320.0,0.0,Long An,"Develop wholesale distribution channels for silicone adhesive at aluminum and glass shops and distributors of aluminum accessories.
Learn about the company's products to present, advise, and answer customer questions.
Negotiate with customers on price and contracts, close orders, and assist customers in signing contracts.
Provide after-sales care and maintain relationships with current customers.
Identify new customers, build a contact database, and expand relationship networks.
Perform other tasks as assigned by supervisors. Note: focus is on wholesale channel development; experience is preferred."
Senior Backend Developer,1000.0,5.0,Hanoi,"Collaborate with product and design teams to understand problems and requirements, provide feedback, options, trade-offs, estimates, and schedules, and deliver end-to-end product implementations with technical leadership.
Work with designers, frontend engineers, and QA to conceive and implement scalable, robust technical solutions that solve real-world problems.
Write reusable, maintainable, and testable code.
Coordinate with iOS engineers to ensure features are delivered on time and with high quality.
Communicate effectively to identify issues and inefficiencies in code and systems, proposing and implementing improvements.
Apply knowledge of modern backend programming paradigms (Go/Java/Kotlin), OOP principles, design patterns, testing practices, Git, and database concepts; demonstrate practical architectural approaches, caching, data storage, and security."
Java Engineer,1000.0,0.0,"Hanoi, Vietnam","Capture customer requirements, prepare requirement analysis, specification, and detailed database design documentation.
Develop assigned features according to the detailed solution document and implement unit tests.
Fix defects found during development and deployment; write and execute unit tests.
Design modules and components following the existing architecture; merge code and perform system integration.
Prepare installation and operation guides; deploy and optimize the system.
Bachelor's degree in IT/Telecommunications or Applied Mathematics/Computer Science; at least 1 year of Java software development; strong OO/design pattern knowledge; data structures and algorithms; experience with Web services (SOAP/REST), WebSocket, Hibernate, JPA, HTML5/CSS3, Spring MVC, Struts; proficiency with Oracle, MySQL, or SQL Server; ability to work independently and in a team; problem-solving skills; Oracle Java certifications and TOEIC 550+ are a plus."
Senior Java Developer,1200.0,0.0,"Hanoi, Vietnam","Analyze and design the product architecture to meet traffic requirements.
Develop core Java / Java web applications and APIs using core frameworks or Spring Boot, Spring MVC, Hibernate, JSP, AngularJS, and related technologies depending on the product.
Develop system modules and services; collaborate with business analysts and testers to fix bugs, update modules, and merge code; establish a base project for the project.
Integrate and deploy products on Linux environments.
Coordinate with other departments to deploy, train, operate, and maintain developed products and services; conduct code reviews and write technical documentation.
Qualifications include a university degree in IT or software engineering (or related fields), at least 3 years of real-project experience, strong system design and documentation skills, knowledge of web systems, caching and databases (cluster, sharing, replication), microservices and Saga, deep Java core/web knowledge, Kafka and Redis, common design patterns, SOLID principles, SQL knowledge, HTML/CSS/JavaScript/AJAX/Web Services/XML, Linux, Oracle/MySQL, and proficient Git/SVN or other source control tools; knowledge of Spring Security or OAuth2 and API/unit testing is advantageous."
PHP Laravel Backend Developer,600.0,0.0,"Hanoi, Vietnam","Participate in analyzing solutions and designing technical architectures for project requirements.
Contribute to end-to-end product development, diagnosing and fixing issues encountered.
Report progress and propose improvements to enhance project quality.
Compile and report team work activities; details discussed during the interview.
Minimum 1 year of experience with PHP backend framework Laravel.
Frontend experience with Bootstrap and jQuery.
Experience in blockchain or finance domains is a plus; proficient with databases such as MongoDB, PostgreSQL or NoSQL, and caching.
Experience with Linux, Nginx, and Node.js is a plus.
Strong sense of responsibility and good problem-solving and business logic skills.
Age requirement: under 30 years old."
"Frontend Developer (ReactJS, MVC.Net)",1120.0,0.0,Hanoi,"Responsible for designing and implementing the user interface of the product to meet project business goals.
Receive requirements from the Product Owner and collaborate with the Business Analyst to develop a user-friendly UI experience.
Coordinate with team members and IT professionals (SA, Front-End Dev, QA) during product completion according to business requirements.
Required: 3 years of experience as a Front-End Developer (ReactJS, MVC.Net); proficient in HTML, CSS/LESS/SCSS, JavaScript; knowledge of RESTful APIs; OOP fundamentals; ability to write automated tests (unit and integration) for end users.
Strong communication and presentation skills; problem-solving, logical thinking; analytical and synthesis skills; teamwork and collaboration; proactive and goal-oriented."
Dental Assistant,360.0,2.0,Ho Chi Minh City,"Assist doctors in providing optimal patient treatment.
Adhere to clinic procedures and policies.
Check and prepare instruments; ensure chairs and equipment are ready for each shift.
Prepare tools and materials for each treatment.
Return instruments for sterilization and sanitize chair and equipment after each treatment.
Maintain cleanliness of treatment area, chair, and machines per schedule; store supplies used in the treatment area.
Requirements: strong communication, proactive attitude, eager to learn; responsible, courteous, and dedicated to patients and colleagues; graduate in health sciences (nursing/medical assistant) with over 2 years of dental experience."
Senior DevOps,1400.0,3.0,"Hanoi, Vietnam","Participate in the development and maintenance of the company's backend systems.
Design, implement, and manage servers, databases, and web SaaS services; optimize performance, ensure security and reliability.
Contribute to software development, testing, and deployment processes, with a focus on SaaS products.
Support and mentor engineering teammates as needed.
Monitor system performance, troubleshoot incidents, and perform remediation as required; analyze system data and report on performance.
Advise on architecture for complex SaaS systems to meet business and technical requirements; collaborate with cross-functional teams."
Transportation Sales Executive,360.0,0.0,Hanoi,"Develop orders from clients provided by the company.
Maintain and grow revenue from existing customers.
Find new customers who require the company's transport services.
Advise clients on services, pricing, and company policies.
Coordinate with other departments to handle order issues and customer requests.
Onboarding/training provided; no prior experience required; candidate age 22-30."
Java Developer,1000.0,3.0,Hanoi,"Participate in software project development across domains such as banking, finance, and markets in Japan and English-speaking regions.
Design, implement, and perform unit testing for the projects.
Participate in code reviews and provide support to teammates.
Work under the guidance of the Team Lead/Project Manager and coordinate across teams to develop the project.
Requirements include at least 3 years of Java experience with proficiency in Java web frameworks (Spring MVC, Spring Boot, or Hibernate).
Knowledge of at least one frontend framework (Vue, React, or Angular) for UI development, and understanding of microservices architecture, HTML/CSS/JavaScript, message queues (ActiveMQ, Kafka), and databases (SQL Server, PostgreSQL, Cassandra, MongoDB).
Familiarity with Linux and the ability to work both independently and as part of a team."
Sales Manager (New ALPHA Project),1400.0,1.0,Hanoi,"Plan and execute business development strategies to grow the client base and achieve sales targets.
Lead and supervise sales activities, ensuring effective execution and performance monitoring.
Develop and maintain relationships with customers before, during, and after the sale.
Build and promote a personal brand on social platforms such as TikTok, Zalo, and Facebook.
Qualifications: college/university degree; age 25-40; strong interest in business, consulting, professional appearance, and willingness to learn;
Preferred: experience in business, sales, banking, or insurance."
Marketing Staff with Livestream Knowledge,480.0,1.0,Haiphong," Ideate, create content, and write PR posts for the brand, products, and services across social media channels such as Facebook, Fanpage, TikTok, and Shopee.
Develop scripts and conduct livestreams of products on the company's pages.
Seed posts and videos to various groups to boost reach and engagement.
Contribute to developing and implementing content and visual strategies for the company's social media platforms.
Support general tasks of the Marketing Department."
Regional Sales Manager,480.0,2.0,Dong Nai and two other locations,"Implement and supervise regional sales plans, activities, and programs within the assigned area.
Prepare reports to evaluate the effectiveness of execution.
Manage, assign, and support sales staff to achieve sales targets.
Build, train, guide, and develop the subordinate sales team.
Work at the Tan Binh District office and in the managed regions.
Ensure regional operations align with company standards and contribute to sales growth."
Executive Secretary to the CEO,520.0,1.0,Hanoi,"Plan weekly, monthly, quarterly, and yearly work plans aligned with the office's targets.
Support the Chief of Office in developing and refining the organization’s management tools.
Manage the CEO's schedule, including arranging meetings, events, and other activities to ensure availability and information.
Handle correspondence and documents, manage and classify important materials, and ensure messages reach the correct departments promptly.
Prepare and support meetings with necessary documents, planning, reports, and minutes, and share information with stakeholders.
Coordinate and manage meeting schedules to ensure timely execution according to the calendar.
Monitor units and individuals to ensure conclusions and directives are implemented on time and with quality; report issues to the CEO as needed."
Head of Sales,1200.0,0.0,"Hanoi, Vietnam","Advise and guide clients through project viewing, complete transaction procedures, negotiate, and sign contracts; collect and report on real estate market trends.
Develop and implement comprehensive business plans; propose strategies to maintain and drive revenue while managing costs.
Create tele-sale, direct-sale, and client outreach scripts; enhance customer care skills across the team.
Enhance sales capabilities for the entire team and ensure the department's revenue targets are met.
Assign tasks, supervise and assist sales staff, and provide training and coaching to improve performance.
Support and monitor the execution of the business plan; report on business results, revenue, and expenses."
Consultant / Telesales / Customer Care - No Experience Required,600.0,0.5,Ho Chi Minh City,"Make calls using pre-provided data to introduce products to customers.
Provide information on medical support programs for low-income people and on investment, savings, and retirement plans.
Manage and follow up with customers during their participation and use of company services.
Maintain professional communication with customers and ensure a positive customer experience.
Collaborate with the team to achieve sales targets; participate in training as needed."
Assistant to CEO,600.0,2.0,Hanoi,"Assist the CEO in business operations, supporting strategic planning and execution.
Participate in short- and long-term business strategy development and planning.
Analyze market conditions and competitors, and propose solutions to improve performance.
Monitor and report progress toward business goals, providing recommendations to ensure efficiency.
Support HR management including policies, recruitment, training, talent development, and performance management; analyze HR metrics and propose process improvements.
Coordinate internal operations by managing schedules, arranging meetings and events, and preparing documents and reports; represent the CEO in authorized meetings."
Assistant to Deputy General Director in Charge of Business,400.0,2.0,Hanoi,"Set sales targets and develop sales plans, and present to the Deputy General Director.
Organize information management and customer care processes.
Receive and process orders.
Monitor and urge debt collection with the accounting department.
Manage and lead team members in the responsible group; oversee workload.
Prepare and participate in meetings as directed by the Deputy General Director.
Perform other duties as assigned."
Head of Sales,800.0,2.0,"Hanoi, Vietnam","Manage sales of stainless steel filtration products, industrial tanks, and develop market for stainless steel pipes and fittings.
Develop and implement business plans and sales strategies to achieve revenue targets and KPIs.
Support staff in developing new customers and maintaining existing and potential customers.
Train and monitor performance of the sales team.
Drive team leaders to manage the team and implement sales plans; maintain cross-department relationships to stimulate company activities.
Present, guide, and advise clients on product and project information.
Qualifications: College/University degree in Business Administration or related fields; 2–3 years of experience in a similar role; leadership and planning abilities."
Information Security Incident Management Expert,1500.0,0.0,Hanoi,"Implement information security projects to ensure the security and safe operation of the entire IT system.
Develop and execute incident management and response plans; manage security incidents (detection, analysis, response, and recovery).
Operate SIEM/SOAR systems; build and optimize rules to ensure effective monitoring and rapid response to security events.
Monitor users, applications, networks, systems, and access to physical assets; include intrusion prevention/detection, email/web filtering.
Participate in business continuity planning (BCP) and IT disaster recovery planning (DRP); conduct tests and drills for all incident response plans.
Maintain logs and monitoring sources; collect, monitor, and report security events 24/7; manage and optimize security monitoring operations and SLA improvements.
Contribute to information security strategy, audits, compliance, and awareness training; support policy development and regulatory compliance."
Operations Director - Construction,800.0,5.0,Ho Chi Minh City,"Oversee overall construction projects from design to handover.
Supervise on-site construction activities ensuring aesthetics, quality, and safety.
Research, plan, and manage design progress and schedules.
Prepare architectural designs, 3D visuals, and technical documents meeting technical and aesthetic requirements.
Plan and monitor construction progress to ensure projects are completed on time.
Manage project budgets, prevent overruns, and optimize costs without compromising quality; ensure compliance with building and safety regulations.
Collaborate with the Board and engage in professional, independent, and team work in a dynamic environment."
Frontend Intern,192.0,0.0,Quy Nhon,"Participate in an internship program with training on basic frontend frameworks: Angular, Vue.js, and React.js.
Learn and practice Git commands and code editing workflows.
Build foundational skills in HTML, CSS, Bootstrap, JavaScript, and TypeScript.
Work under experienced developers to develop and test frontend projects.
Candidate must have a personal laptop meeting minimum specs (8GB RAM, SSD).
Opportunity to convert to a full-time role with competitive compensation.
Engage in knowledge-sharing events and company activities."
Admissions Counselor / Sales / Consultant,400.0,0.0,"Hanoi, Vietnam (and 3 additional locations)","Advise on English language courses and student recruitment; analyze data from Marketing to tailor course recommendations.
Present courses to prospective students and assist with enrollment and payment processes; arrange class scheduling.
Take direct responsibility for achieving personal and team sales targets and revenue goals.
Manage feedback from existing customers and maintain and develop new customer prospects.
Perform administrative tasks and provide support as needed by the center management, including shift-related duties.
Preference given to candidates with telesales and customer service experience; graduates may be trained to enhance sales skills."
Fresher ReactJS,240.0,0.0,Hanoi,"Participate in FSOFT Academy training program focused on ReactJS for 3 months to build foundational and advanced JavaScript and front-end skills.
Learn and proficiently use web technologies: HTML5/CSS3, Bootstrap 4, ES6, TypeScript, with ReactJS expertise.
Training covers programming languages, libraries, tools, testing, source control, and code quality practices; development process aligned with international standards.
After training, join projects and have the opportunity to become a key member on major projects at FPT Software, working with Web and Cloud/AWS across domains such as e-commerce, logistics, aviation, and healthcare.
Benefits include career growth, competitive compensation, exposure to cutting-edge technologies, and opportunities for professional certifications and English skill development."
Sales Manager (Female Only),1400.0,3.0,Hanoi,"Develop short- and long-term sales strategies and assess the effectiveness of current sales programs.
Prepare annual business plans, including core and extracurricular activities.
Set monthly and annual sales targets for branches; monitor implementation and report results on a weekly, monthly, and yearly basis.
Propose promotional programs, supervise implementation, and report effectiveness after execution; plan and manage budgets.
Oversee promotional budgets and monthly/annual enrollment costs; ensure adherence to approved budgets.
Train sales staff, provide advanced training for branches, monitor KPIs, assess strengths and weaknesses, and plan ongoing professional development; support events and partnerships."
"Sales Consultant (1+ years experience) - Cau Giay, Hanoi",280.0,1.0,Hanoi,"Arrange and display merchandise; keep shelves clean, organized, and fully stocked according to company standards; monitor product expiration dates.
Manage inventory to ensure sufficient stock is available in-store.
Participate in promotional campaigns and activities to attract customers.
Sell products, handle payments, and provide customer care and support.
Conduct periodic and surprise inventory checks and audits.
Perform other duties as assigned by the direct supervisor."
Sales Manager,800.0,2.0,Hanoi,"Sell stainless steel filter housings, industrial tanks, and develop the market for stainless steel pipes and accessories.
Develop plans and business strategies for the team to meet sales targets and KPIs.
Support staff in developing new customers and maintaining existing and potential customers.
Responsible for training and monitoring the performance of the sales team.
Drive team leaders to manage the team and implement sales plans.
Maintain relationships with other departments to promote company activities.
Introduce, guide, and advise customers on product and project information."
Personal Financial Advisor / Sales Executive,480.0,2.0,Hanoi,"Plan and actively prospect potential clients.
Advise on optimal financial solutions and design life insurance plans tailored to clients.
Assist clients in processing insurance claims and claims-related support.
Develop and enhance personal brand across social media platforms.
Requirements: University or college degree; age 25-38; interest in sales, customer care, and leveraging relationships in insurance, finance, banking, real estate, travel, and beauty services.
Preferred: prior experience in sales, banking, or insurance."
Mobile Developer (Android/iOS),800.0,0.0,Hanoi,"Analyze requirements and propose suitable technical solutions.
Collaborate closely with design and development teams to ensure product quality.
Develop new or modify Android/iOS platform applications and deploy apps.
Bachelor's or higher in IT, electronics-telecommunications, or related fields; at least 3 years of Android/iOS development experience.
Strong knowledge of Android (Java/Kotlin), Android SDK, Retrofit, and databases (SQLite, Room); proficiency with MVVM/MVP, OOP, and mobile UI/UX concepts; experience with offline storage, multi-threading, asynchronous programming, queuing, and performance tuning.
Experience with push notifications and cloud messaging; knowledge of Flutter, React Native, and Swift is a plus; familiarity with unit tests and UI automation tests is beneficial; proficient with iOS tools (SwiftUI, Combine, Xcode, UI Kit) and databases (Core Data, SQLite, Realm); ability to work independently and in a team; strong time management and task prioritization."
2D/3D Game UI/UX Designer (Mobile Games),480.0,1.0,"Hanoi, Vietnam","Design UI/UX for mobile casual and puzzle games.
Create wireframes, mockups, and prototypes to present design concepts.
Collaborate with product team to optimize interface quality and user experience.
Proficient with industry tools such as Adobe Photoshop, Illustrator, and Figma.
Experience participating in at least one game project with a demo.
Ability to draw by hand and use a Wacom tablet; strong creativity and adaptability."
"Sales Executive (Korean, English)",400.0,2.0,"Ho Chi Minh City, Hanoi","Manage existing customer relationships and provide ongoing support.
Prepare quotations and negotiate with clients.
Update customer and order information in the system.
Coordinate with accounting to monitor contracts and payment status.
Collaborate with other departments to deliver excellent service.
Perform additional tasks assigned by supervisor.
Report work progress to department head."
Sales Assistant - Customer Care / Service Consulting at Hanoi Office,280.0,0.0,Hanoi,"Provide sales advisory via the company’s communication channels.
Receive and process customer requests for products and services.
Answer inquiries and handle complaints across all company channels.
Maintain positive relationships with customers.
Perform additional tasks as assigned by direct supervisor.
Requirements: aged 20-30, high school diploma or higher.
Willing to work in shifts; passionate about customer service and sales."
Newborn Baby Fashion Sales Associate in Hanoi,320.0,1.0,Hanoi,"Identify and acquire new customers with guidance provided.
Utilize existing customer data to perform calls, manage, and nurture relationships.
Care for, maintain, and grow sales with current customers.
Introduce products to clients when new products or collections are available.
Coordinate with relevant departments for order fulfillment, delivery, and debt collection.
Research and gather market, customer, and competitor information.
Report performance to direct supervisor and perform other tasks as assigned."
Marketing Executive - at least 6 months of experience,400.0,0.0,"Hanoi, Vietnam","Study and understand the company's products and conduct customer research to profile target audiences.
Research markets including Korea, Japan, Taiwan, Malaysia to expand product reach to those countries.
Create marketing content including photos, videos, landing pages, and plan subsequent campaigns.
Manage and execute campaigns on platforms such as Facebook; optimize campaigns to reach target and potential customers.
Analyze campaign performance, adjust metrics, and optimize content and costs to improve conversion rates.
Prepare statistics, reports, and evaluate overall marketing effectiveness; cooperate with related departments as needed."
Admissions and Enrollment Consultant / Course Advisor / Sales and Customer Care,280.0,1.0,Hanoi,"Receive and process potential student leads from seminars and marketing campaigns.
Advise and answer questions about study programs and explain application documents, tuition, and enrollment procedures.
Assist in planning and coordinating school information sessions, campus tours, admissions counseling, and special events.
Participate in events and seminars to introduce the school to parents and support parents of prospective students.
Perform other duties as assigned by the Department Head."
Sales Leader - Spa (Tele-Sales & Live Chat Team),600.0,1.0,Ho Chi Minh City,"Plan and manage data to achieve monthly, quarterly, and yearly sales targets; coordinate with Marketing & Trade; optimize data usage.
Lead and coach the tele-sales and live chat team to meet individual and team sales goals; develop scripts; monitor conversations.
Analyze campaigns, customer behavior, and market data; propose actions to grow revenue and expand spa category.
Manage CRM tools and apps to support sales, data management, and revenue growth; ensure data quality.
Recruit, train, and develop team members; create motivation, track KPIs, and succession planning.
Build a collaborative, high-performance team culture with a customer-centric mindset; adapt to market trends."
Sales Manager / Business Development Manager (New ALPHA Project),1400.0,1.0,Hanoi,"Develop and implement business plans and sales strategies to drive growth.
Expand and manage the client portfolio and identify new business opportunities.
Supervise sales activities and monitor performance to meet targets.
Provide comprehensive pre-sale, during-sale, and post-sale customer support.
Build and enhance personal brand on social platforms (TikTok, Zalo, Facebook).
Qualifications: college/university degree; age 25-40; strong interest in business, advisory communication, professional appearance, and a willingness to learn.
Preferred: experience in business, sales, banking, or insurance."
UI/UX Designer,1000.0,3.0,"Ho Chi Minh City, Da Nang","Design and maintain UI/UX for web and mobile applications.
Collaborate with team members to review business requirements and triage bugs with rapid turnaround.
Produce solid, detailed UI/UX design and contribute ideas to improve application usability.
Design, develop, and maintain front-end components using HTML, CSS, and JavaScript.
Work with partners to ensure on-time, on-budget delivery and high-quality products.
Participate in customer/partner design meetings and engage in ongoing UX improvements."
Executive Secretary to CEO,320.0,2.0,Ho Chi Minh City,"Plan and manage schedules, arrange appointments, greet clients and partners, and book travel for the CEO.
Advise, coordinate, and propose solutions and strategic directions to facilitate the CEO's work.
Draft contracts, letters, documents, and correspondence; prepare materials and information as required by the CEO.
Attend meetings and take minutes to ensure accurate records.
Supervise department activities and coordinate cross-functional tasks as part of executive support.
Perform other duties as required by the CEO, with discretion and professionalism; strong organizational skills and ability to work under pressure."
Team Lead - Female Fashion Social Media Page Operations,400.0,2.0,Hanoi,"Manage sales teams including full-time and part-time staff, and assign live page shifts to ensure coverage throughout the day and week.
Manage and allocate data workloads, ensuring tasks are distributed according to each team member's capacity.
Responsible for recruitment, training, and development of the online sales team.
Build and monitor daily sales performance reports; evaluate team performance and implement timely adjustments.
Organize regular reviews and 1:1 coaching with the sales team to improve effectiveness and close rates.
Develop and optimize sales processes and strategies for existing customers, including product-specific online consultation scripts and issue resolution.
Coordinate with Marketing to plan campaigns, achieve KPIs, and tailor promotional activities to market conditions."
Sales Executive - Telecom Consulting and Telesales,320.0,0.0,Hanoi,"Proactively seek information and approach potential customers to generate sales opportunities.
Advise and explain telecom services such as Internet, FPT Play, and Camera solutions offered by the company.
Negotiate, persuade, and drive contract closure with customers.
Provide post-sale support and maintain strong customer relationships.
Requirements: male or female, at least a college diploma, aged 20–30, open to new graduates with confirmed graduation.
Demonstrate strong communication, negotiation, and persuasive skills; be quick, adaptable, and able to work independently; willing to handle high work pressure; own a smartphone and motorbike for commuting."
Senior Frontend Developer - Specializing in Java,1600.0,0.0,Ho Chi Minh City,"Develop and maintain web applications by designing and implementing user-facing features using Angular, TypeScript, and ReactJS; ensure the UI/UX feasibility of designs and build reusable components for future use.
Lead refactoring of existing Angular projects to improve performance and maintainability; identify and apply best practices for code quality and architecture; collaborate with backend developers to integrate frontend components with server-side logic.
Provide technical leadership by mentoring junior developers, conducting code reviews, and staying updated with the latest industry trends; advocate and implement frontend development best practices across the team.
Collaborate closely with designers, product managers, and stakeholders to deliver high-quality products; participate in agile ceremonies and contribute to sprint planning, retrospectives, and daily stand-ups.
Qualifications: Expertise in Angular with proven experience building and maintaining Angular applications; strong knowledge of TypeScript; hands-on experience with ReactJS and component-based architecture; experience in code refactoring; knowledge of modern CSS, HTML5, and responsive design; familiarity with front-end testing frameworks (Jasmine, Karma, Jest); experience with tooling (Webpack, Babel, npm, Git).
Experience: Bachelor's degree in Computer Science, Engineering, or related field (or equivalent); 5+ years of professional frontend development experience with a focus on Angular and TypeScript; proven experience in refactoring and optimizing existing Angular projects."
Nurse - Must Hold Nursing Certification (CCHN),360.0,0.0,"Dong Nai, Ho Chi Minh City, Binh Duong","Provide comprehensive patient care across clinical departments such as Internal Medicine, Pediatrics, and Critical Care.
Perform nursing procedures according to the physician's treatment plan, including injections, IV infusions, and wound dressings.
Monitor and document patient conditions, assess progress, and record clinical changes.
Educate patients and families on health care practices and care techniques.
Follow prescribed dietary plans and assist with daily living activities and mobility as needed.
Maintain cleanliness and sterilization of nursing tools and equipment; uphold hygiene and infection control standards.
Adhere to hospital nursing protocols and carry out additional tasks as assigned by supervisors."
Executive Assistant to CEO,800.0,3.0,Hanoi,"Assist in strategic planning and provide advisory support to the CEO for strategic plans and business development.
Manage and oversee assigned projects to ensure on-time delivery, quality, efficient resource use, and risk mitigation.
Serve as liaison between the CEO and departments; communicate decisions, information, and initiatives.
Support administrative tasks including schedule management for the CEO and preparation of presentations and meeting materials.
Ensure compliance with laws and internal procedures; monitor operations and mitigate operational and legal risks.
Perform additional tasks as required by the CEO to ensure smooth and effective company operations."
Branch Manager,400.0,3.0,Hanoi,"Recruit, mentor, and train staff.
Supervise work processes and ensure efficient operation of the branch.
Manage branch operations and facilities, including maintenance and safety.
Oversee revenue management and financial performance.
Address and resolve parents' complaints; build and maintain relationships with customers and partners.
Ensure compliance with company policies and standards; demonstrate leadership and strategic business planning; proficient in office software and sales tools."
Sales Leader - Software Sales Business Manager,600.0,3.0,Ho Chi Minh City,"Identify target markets and build business plans aligned with strategy and market potential.
Propose and implement strategies to approach and expand the customer base; refresh sales programs to attract prospects.
Support marketing plans and design varied sales campaigns to achieve monthly, quarterly, and yearly KPIs.
Lead, train, and manage team members to build strong relationships with customers.
Organize promotional events and seminars to bring products closer to customers; monitor competitors.
Manage multi-channel sales (telesales, inbox, market sales) and report daily operations to superiors."
Head of Sales,1000.0,1.0,Hanoi,"Lead and manage the sales team to achieve growth targets and revenue objectives.
Support and supervise execution of business plans; report results, revenue, and costs; provide forecasts to the Board.
Develop and expand customer network; seek opportunities and build relationships with clients and partners in the company's business area.
Care for customers and develop mechanisms to increase and maintain revenue.
Build and optimize sales processes from planning to closing sales.
Responsible for allocating sales targets and monitoring performance of the sales team.
Analyze market and implement business plans; build, train, and develop the sales department staff."
Branch Manager,400.0,3.0,Hanoi,"Recruit, guide, and train staff.
Supervise workflows and center operations.
Manage facilities and assets.
Oversee center revenue and budgeting.
Address parent concerns and maintain customer relations.
Ensure compliance with company policies and standards; demonstrate leadership and relationship-building.
Qualifications: degree in business administration, HR, or law; minimum 3 years of management experience in education centers; strong leadership, communication, negotiation, planning, and computer skills."
Head of Spa and Health Care Sales,800.0,1.0,Hanoi,"Advise students, spa owners, agents, and distributors on spa products and courses for consumption and usage.
Set sales targets, update and manage data on the CRM, and build business plans; execute sales advisory programs and develop new customers aligned with the company's business strategy.
Update student/customer data in the CRM.
Recruit, manage, train, support, and develop the sales team to align with the company direction.
Participate in building and promoting personal and company brands within the industry.
Report daily/weekly/monthly workload and revenue results; handle other tasks as assigned by senior management."
Content Marketing Executive,360.0,1.0,Hanoi,"Create and develop content for campaigns, advertising programs, brand communications, and internal/external communications.
Manage and curate channels and social media; build and engage community groups; enhance member experience through marketing touchpoints.
Seed marketing content in online communities to achieve campaign objectives.
Stay updated on marketing trends and use tools to ensure effective marketing activities.
Provide progress and results reports regularly; collaborate with the Marketing team on other assigned activities."
"Sales and Interior Design Consultant - Up to VND 30 million, based in Thanh Tri, Hanoi",1000.0,1.0,Hanoi,"Prospect and advise clients on interior design and interior construction services through marketing sources, direct/indirect sales channels, and personal networking.
Compile and present quotes and proposals to clients.
Coordinate with relevant departments to supervise contract fulfillment and resolve issues to ensure customer satisfaction.
Provide customer care during and after handover of products.
Participate in marketing and communications support activities and perform other tasks as assigned.
Qualifications: Graduate in architecture, interior design, construction, or related fields; at least 1 year of sales experience in interior design or real estate; diligent and eager to learn."
Sales Manager - Female Candidates Only (Attractive Salary 35-40 million VND per month),1400.0,3.0,Hanoi,"Lead sales strategy and business development for short- and long-term plans; evaluate the effectiveness of current sales programs.
Develop annual business plans (core and ancillary) and assign monthly and annual sales targets to each branch.
Monitor implementation and report weekly, monthly, and yearly sales results; propose promotions and track their effectiveness.
Plan and manage budgets, including promotional and enrollment costs; ensure branches comply with the approved budget.
Support offline events, collaborate with partnerships and marketing on monthly and yearly communications and campaigns.
Train sales staff, assess strengths and weaknesses, and create ongoing training plans; oversee onboarding and skill development.
Ensure achievement of personal and department KPIs; analyze root causes of KPI gaps and take corrective actions."
Regional Sales Manager,480.0,2.0,Dong Nai and two other locations,"Implement and monitor regional sales plans, activities, programs, and projects within the designated region.
Develop and manage reports evaluating performance and effectiveness of initiatives.
Lead, assign, and support sales staff to achieve sales targets.
Build, train, mentor, and develop junior sales team members.
Coordinate activities at the Tan Binh District office and in managed regions.
Contribute to a professional, dynamic, friendly, and collaborative work environment with ongoing training and development."
Sales Manager,400.0,1.0,Ho Chi Minh City,"Manage relationships with customers and provide tailored financial solutions to meet their needs.
Plan and manage the sales team, guiding and supporting staff to achieve revenue targets.
Propose and implement business strategies, and drive sales for both the team and individual members.
Provide after-sales care to enhance the company's reputation and build customer loyalty.
Requirements: at least 1 year of experience in sales; experience in finance, banking, business administration, or marketing preferred.
Education: associate degree or higher; strong communication, negotiation, and persuasive abilities; team leadership and collaboration skills; high responsibility and ability to work under pressure to meet targets."
Head of Sales,1200.0,0.0,Hanoi,"Advise and guide clients on projects, complete transaction procedures, negotiate, sign contracts, and collect and report real estate market data.
Develop and implement business plans, proposing solutions to maintain and drive revenue while managing costs.
Create telesales, direct sales, and client outreach scripts; provide customer care and relationship management.
Drive sales capabilities across the team; ensure the team meets revenue targets; assign tasks, supervise, and mentor sales staff.
Support and monitor the execution of the business plan; report on business results, revenue, and costs.
Required: at least 1 year of Real Estate experience and 1 year in a similar role; strong leadership, market understanding, planning and legal knowledge; self-motivated with goal setting; computer skills and means of transportation; ability to work under high pressure; strong communication, negotiation, and problem-solving abilities."
Sales Executive,280.0,1.0,"Hanoi, Vietnam","Market development: build and manage distribution channels and sales networks; propose and execute market development plans.
Sales activities: participate in trade fairs and conferences; identify customers; introduce products; sign and manage contracts; arrange logistics and delivery.
Order placement and fulfillment: transmit customer orders to production; monitor production progress, quality, and specifications; assist workshop during execution; update customers on progress and delivery.
CRM and client relations: update sales information in the customer database; assess customer satisfaction and explore new products; provide ongoing customer care and organize activities linking customers with suppliers.
Reporting and planning: prepare periodic sales reports; plan weekly/monthly work plans for channel head approval and execute approved plans; draft contracts and manage signing procedures."
Head of Sales - Spa/Healthcare Division,800.0,1.0,Hanoi,"Advise students, spa owners, agents, and distributors on spa courses and products and how to use them.
Set performance targets, update and manage data on the CRM; participate in business planning and sales advisory programs; develop new customers aligned with the company's strategy.
Maintain student/customer data in the CRM; recruit, manage, train, and support the sales team; develop the sales team in line with company direction.
Actively participate in building and spreading both personal and company brands in the industry.
Update daily/weekly/monthly reports on workload and revenue; perform other tasks as required by management.
Requirements: university degree in relevant fields; at least 1 year of experience, preferably in pharmaceuticals or cosmetics; ability to build and lead a team; strong customer acquisition and relationship-building skills; proficient in office software and reporting."
Branch Operations Manager (Beverage Preparation),720.0,3.0,"Vinh, Nghệ An","Responsible for achieving revenue targets and developing sales plans; oversee execution to drive performance.
Manage recruitment, training, and development; design organizational structure aligned with branch operations; forecast staffing and collaborate with HR to hire.
Manage branch costs, assets, and equipment; control material costs and minimize damage, loss, or theft.
Oversee branch operations; coordinate cross-functional teams to ensure stable and efficient business; supervise staff and resolve issues.
Ensure customer service quality; implement and monitor customer feedback programs; directly address customer complaints and make optimal decisions.
Submit periodic reports (weekly, monthly, quarterly, yearly) on branch performance; provide monthly sales reporting and protect business information."
IT Project Manager (Base Tech),2400.0,3.0,Hanoi,"Manage IT projects with Japanese partners and define project scope and milestones.
Develop and implement software development, QA, and workflow processes.
Participate in project governance for the company's product.
Perform project estimation, track progress, and manage risks.
Conduct interviews, assess capabilities, and assign tasks to engineers.
Report project status, evaluate personnel, and propose actions to leadership."
Telesales / Consultant / Sales Executive in Hanoi,400.0,2.0,Hanoi,"Make outbound calls to potential customers from provided hot data to introduce products and services.
Provide consultation and answer customer questions, addressing their needs effectively.
Manage and update customer information in the company database.
Report progress and sales results to supervisors on a weekly basis.
Collaborate with the team to achieve sales targets and improve service quality.
Maintain professional communication and negotiation skills to handle objections.
Utilize office software to document interactions and track follow-ups."
Business Manager / Sales Manager (New ALPHA Project) Attractive Income From 35 Million,1400.0,1.0,Hanoi,"Develop business plans and strategies to drive revenue growth for the assigned project.
Expand and manage a client portfolio, identifying new business opportunities.
Monitor sales performance and supervise sales activities; support customers before, during, and after the sale.
Build and enhance personal brand on social platforms such as TikTok, Zalo, and Facebook.
Qualifications: college/university degree; age 25-40; strong interest in sales, consulting, professional presentation, and eagerness to learn.
Preferred: prior experience in sales, banking, or insurance."
Real Estate Marketing Specialist,520.0,2.0,Hanoi,"Research products and projects and develop marketing proposals for the product; send to developers, clients, and partners.
Create detailed media plans including costs, timelines, and execution steps, and obtain approvals.
Implement the plans to meet KPIs and coordinate flexibly with internal departments (AM, sales, design, PR/editing, administration, booking, sales-support, etc.).
Monitor and report on communications and advertising activities for projects/campaigns to clients and partners.
Collaborate with the client's in-house marketing team to coordinate integrated sales marketing; explore new channels and marketing approaches.
Support sales in implementing direct marketing activities and organize project events; conduct post-implementation evaluations and reporting."
System Administrator,600.0,3.0,Hanoi,"Ensure network and information security, configure VPNs, monitor multi-site connectivity, and implement load balancing and firewalls (IPsec).
Maintain smooth operation of Microsoft Dynamics 365, SQL Server, and related ERP and database systems (including NAV and POS).
Administer and support Windows Server and Linux environments; manage virtualization platforms (VMware, KVM, Hypervisor) and virtual servers.
Manage and support mail servers and collaboration tools: Exchange, Zimbra, MS 365, Teams, and SharePoint; administer tenancy and mail services.
Configure and manage network devices and security appliances (Cisco, Fortinet, MikroTik; PfSense, Untangle, Iptables, ASA); configure IP phones and VoIP connections to ISPC.
Perform backup and disaster recovery tasks using Veeam and VM/data backups; troubleshoot, restore, and propose improvements for networks and systems."
IT Support,600.0,1.0,Hanoi,"Install and manage server environments for development and staging tasks, including web, PHP, and databases, with attention to memory and storage configuration.
Maintain data storage, backup, and restoration processes; configure and manage web/app services and related infrastructure.
Operate and monitor web/app servers, email, storage, and related components; upgrade and optimize existing server configurations.
Improve access controls and analyze error logs (e.g., nginx, log analytics tools) to enhance system reliability.
Administer virtualized environments (VMware, Xen) and support general IT hardware and software troubleshooting.
Collaborate with team members, document procedures, manage assets, and participate in planning hardware/software upgrades and CI/CD workflows."
Area Sales Manager,600.0,2.0,Ho Chi Minh City,"Manage the sales team to achieve growth and revenue targets.
Plan and implement business strategy to expand customers and ensure broad brand coverage.
Recruit, train, and monitor the performance of the sales team.
Build and develop long-term customer relationships.
Develop sales programs from planning to data finalization and delivery.
Report on business results, revenue, and profit/loss after sales.
Identify potential markets and market dynamics; monitor competitors and new products; perform other tasks as assigned."
Marketing Officer - Brand Manager,720.0,3.0,Hanoi,"Develop and implement marketing strategies and brand/product management plans for assigned brands (including dietary supplements and imported products).
Create annual and quarterly marketing strategies to grow brand awareness and sales by leveraging market trends and customer segment insights.
Prepare the brand's annual budget and marketing plan to achieve sales and market share targets, including market research, product development oversight, packaging design, pricing, trade marketing, product launches, and monitoring of campaigns and revenue.
Define advertising objectives, select appropriate media channels, and allocate resources to deliver effective, cost-efficient campaigns aligned with target consumers.
Adjust marketing strategy and plans in response to market changes and new trends; execute advertising and marketing programs under management oversight.
Track, monitor, and evaluate the effectiveness of marketing programs to ensure sales growth and profitability; periodically analyze sales data.
Recruit, guide, train, and develop team members; lead performance management and development efforts."
Branch Manager,400.0,3.0,Hanoi,"Recruit, guide, and train staff; supervise processes and manage daily operations of the center.
Oversee facility operations and address parent concerns and complaints.
Manage revenue and ensure compliance with laws and company standards.
Build and maintain relationships with customers and partners; negotiate as needed.
Lead and develop the team; contribute to planning and executing business strategies.
Requirements: degree in business administration, human resources, law, or related field; at least 3 years of managerial experience in education centers.
Demonstrate a proactive attitude, strong leadership, and proficiency in office software and sales management tools."
Regional Manager / Area Manager / ASM,720.0,1.0,"Hanoi, Vietnam","Oversee store operations and manage regional revenue performance.
Control costs including waste, shrinkage, staffing, energy, repairs, and other expenses.
Ensure compliance with processes and regulations: shift opening/closing, inventory, revenue submission, QSC, security and safety, and labor compliance.
Manage inventory planning and weekly ordering to align with company targets for revenue and cost.
Develop strategies to boost sales: marketing programs, in-store and external promotions, and customer acquisition initiatives.
Foster positive relationships with customers, colleagues, landlords/partners; timely reporting of incidents and issues; manage staff recruitment, training, scheduling, and performance."
Product Director,1600.0,2.0,Hanoi,"Lead the development of product plans by conducting market and user research to identify needs, define product goals, and outline a development roadmap.
Manage and drive product development, clearly communicating objectives, direction, and roadmap to the product team; use data analytics to measure product quality and enable continuous improvement.
Implement go-to-market strategies in alignment with Go-to-Market plans; collaborate with Sales and Marketing to bring the product to users and emphasize customer care and word-of-mouth growth.
Foster relationships with banking partners and sales agents; coordinate with partnerships to meet product roadmaps and company sales targets; design promotional programs to expand sales channels.
Ensure strong analytical and problem-solving capabilities, attention to detail, and effective teamwork and leadership to achieve business goals.
Support a culture of innovation, collaborate across departments, and contribute to a high-performance, customer-focused product organization."
Assistant to Deputy General Director (Business),400.0,2.0,Hanoi,"Assist the Deputy General Director in setting sales targets, developing sales plans, and presenting proposals.
Manage information flow and oversee customer care processes.
Receive, process, and track customer orders.
Monitor debt collection activities in coordination with the Accounting Department for the assigned channel.
Lead and supervise team members; prepare and participate in meetings as directed by the Deputy General Director.
Perform other duties as assigned, with knowledge of product characteristics, market, and the business field; demonstrate planning, reporting, negotiation, and proficient office IT skills."
System Administrator,1000.0,3.0,Hanoi,"Develop and maintain system processes, data warehouse, and tooling to support process consulting and software development activities.
Provide training and guidance on processes for employees, with periodic sessions.
Organize and pursue ISO 9001/14001 certification activities, maintain documentation, and ensure compliance.
Develop the enterprise data warehouse and management reporting framework.
Conduct periodic assessments of the quality management system and drive improvements based on findings; manage customer feedback and collaboration with relevant units.
Ensure rigorous documentation practices, governance of documents, and cross-functional coordination to meet quality and process standards."
IT Specialist,400.0,2.0,Hanoi,"Manage and operate company servers, storage, and network devices to ensure stable system performance.
Configure and manage user accounts, emails, and information security.
Set up and maintain internal network systems to ensure secure, reliable connectivity.
Perform routine hardware and software maintenance, and apply updates and new versions.
Coordinate with vendors for operation, warranty, maintenance, and repair of devices.
Provide user support: install and troubleshoot office software (Microsoft Office, Outlook) and other specialized software; resolve hardware and software issues on PCs, laptops, printers, scanners, phones, and cameras."
Senior Java Developer,2400.0,3.0,Hanoi,"Collaborate with the project manager to manage Japanese client projects and contribute to team leadership.
Establish and improve software development, quality assurance, and workflow processes within the company.
Contribute to the development of the company’s own product, perform estimation, review source code, and monitor project progress.
Assess team members' capabilities and assign tasks; report project progress and propose solutions to the project manager.
Requirements: university degree in related fields (software technology, information systems, software project management); minimum 3 years of Java product/project development; preferred Team Leader experience with 3–5 developers; knowledge of relational database design; at least 2 years of experience with Git or Bitbucket; ability to manage progress for optimal productivity; experience with unit testing and documentation; object-oriented MVC mindset and good English reading.
Optional skills and attributes: familiarity with MySQL performance optimization, Docker, Linux Cloud Server (AWS, GCP, Azure) are advantageous; creative, proactive communication, and willingness to tackle new technologies."
Regional Business Manager - Nationwide,400.0,1.0,An Giang and other locations nationwide,"Manage a regional sales team (no direct selling) and ensure achievement of sales targets.
Provide guidance to leadership and develop plans to organize and implement sales activities.
Oversee operations of the regional group to achieve assigned targets and ensure compliance with policies and procedures.
Plan and implement sales activities for the regional team.
Plan, organize, and support recruitment and development of the sales network.
Train and coach agents on product knowledge and job-related skills, and monitor performance.
Perform other tasks as assigned by leadership."
Sales Executive / Sales Consultant,400.0,1.0,Ho Chi Minh City,"Identify and prospect clients, provide guidance to help close orders.
Manage and leverage existing client databases.
Negotiate design and construction contracts.
Monitor contract execution and coordinate with Customer Service and Purchasing to fulfill orders for partners.
Requirements: degree in Business Administration, Commerce, Construction, Architecture, Foreign Trade, or related fields; 1 year of experience (preferred in hospitality, materials, interior design, or industrial product marketing).
Skills: good communication, creative, dynamic, and highly responsible."
Sales Administration Officer,500.0,1.0,"Hà Nam, Hà Nội","Handle order receipt and processing efficiently and accurately.
Manage order fulfillment and shipment coordination.
Perform price variance management and cost calculations for materials.
Serve as the primary point of contact with customers.
Collect and analyze revenue data to support business decisions.
Investigate and monitor customer satisfaction levels and provide insights."
Offline Marketing Specialist,320.0,1.0,Da Nang,"Organize events and traditional advertising activities; set up stages and equipment for events at the center.
Ensure the effectiveness of offline marketing campaigns across channels such as display locations, outdoor events, and other offline media.
Execute multi-channel offline marketing to engage students, communicate, and attract potential customers to the company.
Conduct market research to provide information for product improvement or new product development.
Design brand and product identity materials (website, banners, posters, brochures, catalogs, profiles, business cards, presentations, promotions).
Collaborate with the Marketing team to develop concepts for product imagery/videos, and shoot and edit images/videos as required.
Assist with planning, surveying, and obtaining quotes for activities and events; perform image editing and post-production (color grading, retouching)."
Sales Manager,480.0,2.0,Hai Duong,"Lead and manage the sales department's activities to drive business growth.
Plan and execute work to meet assigned revenue targets.
Allocate targets, supervise, and coach sales staff to achieve goals.
Seek to expand business relationships with schools, educational centers, and parents.
Provide direct consultation on educational, printing, publishing products, and school experience programs.
Conduct market and customer research, monitor competitors, and handle post-sale issues beyond frontline staff.
Qualifications include: male, 23–35 years old; good appearance and driving license; college degree or higher; preference for Business/Marketing/Education; 2+ years in sales with education products; strong communication and negotiation skills; proactive and committed to long-term career; willingness to learn."
Pharmaceutical Sales Manager,720.0,2.0,"Long An and other locations nationwide, Vietnam","Advise the Board of Directors on sales plans and market development.
Manage OTC Sales Representatives to achieve monthly, quarterly, and annual sales targets.
Support field sales activities and resolve issues encountered by representatives.
Monitor debt collection and report business results to senior management.
Develop existing customers and identify new potential customers in the area; coordinate with Marketing on promotions and after-sales programs.
Collaborate with the Human Resources/Strategic Development department to recruit staff, allocate targets, train, and monitor performance of the sales team.
Report sales performance and market dynamics; stay updated on competitors and new products."
Android Developer,1280.0,0.0,Hanoi,"Participate in the development of mobile applications for the Android platform and take responsibility for deliverables.
Analyze, review, and provide feedback on requirements and product design; write functional documents as required.
Engage in research and contribute ideas to improve product quality.
Must-have: practical Android experience with Java/Kotlin (minimum 2 years; if stated otherwise in the source, follow that).
Experience with Spring Boot, Hibernate, and REST APIs is preferred; understanding MVP and MVVM patterns.
Knowledge of native app development and UI design is a plus."
"Senior Java Developer (Seasar, Spring Boot)",1200.0,0.0,Ho Chi Minh City,"Implement software architecture for travel e-commerce platforms handling domestic and international bookings (airline tickets, hotels, and online travel).
Design, develop, and optimize product performance on the Java platform (Seasar, Spring Boot) with Java/JEE concepts including DI, AOP, and IoC.
Develop Web services with MVC and RESTful interfaces, and work with SQL/JDBC and ORM (Hibernate) on MySQL or Oracle databases.
Keep up-to-date with the latest technologies and techniques to improve system architecture and development practices.
Contribute to a long-term, stable project environment with a focus on quality and maintainability.
Work location in Ho Chi Minh City, with the project setup and team collaboration aligned to the specified site."
Regional Sales Manager,480.0,2.0,Dong Nai and two other locations,"Implement and supervise regional sales plans, activities, programs, and projects within the assigned area.
Prepare and present reports evaluating the effectiveness of implemented strategies.
Manage, assign, and support sales staff to achieve their sales targets.
Build, train, guide, and develop the subordinate sales team.
Operate from the Tan Binh office while covering the designated regional areas.
Collaborate with cross-functional teams to drive regional sales initiatives and improvements."
Sales Representative / Sales Consultant,400.0,0.0,Ho Chi Minh City,"Meet personal sales targets by selling vehicles to customers and prospects.
Source, nurture, and expand relationships with customers for trucks and buses.
Conduct marketing and customer care activities aligned with the assigned market.
Ensure compliance with company policies, procedures, and sales contracts.
Monitor receivables and manage vehicle handover processes and contract status.
Requires college degree or higher, preferably in automotive technology; basic knowledge of trucks and buses.
Proficient in standard office software."
Business Analyst,800.0,2.0,Hanoi,"Support the CEO and CIO by coordinating with departments to analyze business needs, design systems, and automate business processes (RPA) to improve organizational efficiency.
Assist in monitoring IT department progress through KPIs and budgeting, ensuring effective use of technology investments.
Assist in data processing, analysis, reporting, and documenting meeting minutes.
Participate in organization-wide data science training and related employee development activities.
Explore and evaluate AI tools suitable for each department; propose the most effective, cost-efficient tools and design pilot testing plans.
Coordinate with relevant teams to test AI solutions, gather feedback, and adjust implementations before deployment; provide regular progress reports."
Salesperson / Real Estate Consultant,800.0,0.0,Hung Yen,"Search for and build relationships with potential clients.
Advise and assist clients in buying, selling, or renting real estate.
Schedule appointments and accompany clients to view properties for rent or sale.
Participate in company marketing and promotional activities.
Maintain positive relationships with clients.
Report and propose business strategies to management."
"Sales/Consultant/Telesales Officer (No Experience Required, Hot Data, Saturday and Sunday Off)",240.0,0.0,Hanoi,"Make outbound calls and consult customers using warm data provided by the company.
Do not contact cold data; work with leads that have shown interest.
Work in an online education and training environment with minimal travel requirements.
Five working days per week, with Saturdays and Sundays off.
You will receive training in marketing, sales, and practical customer engagement; opportunities for professional growth and leadership.
Must have a personal laptop to perform job duties."
Regional Sales Manager,480.0,2.0,Dong Nai and two other locations,"Oversee and implement regional sales plans, activities, and programs.
Monitor and evaluate the effectiveness of execution and report results.
Lead, assign, and support the sales team to meet or exceed targets.
Build, train, mentor, and develop subordinate sales staff.
Collaborate with regional offices across assigned areas to drive sales growth.
Ensure professional sales operations and continuous improvement."
Regional Sales Manager,480.0,2.0,"Ho Chi Minh City, Binh Duong, Dong Nai","Implement and supervise regional sales plans, activities, and area support programs.
Prepare reports evaluating the effectiveness of execution and outcomes.
Manage, assign, and support sales staff to achieve sales targets.
Build, train, guide, and develop junior sales team members.
Work at the office in Tan Binh District and across managed regions.
Maintain standard working hours from 07:00 to 16:30."
Software Implementation Specialist for Accounting Software - Hanoi,400.0,0.5,Hanoi,"Implement and configure accounting software and enterprise management systems for clients.
Collect and analyze business requirements to develop survey documents and modification specifications, and confirm them with clients.
Assess client requirements and collaborate with the technical team to program custom solutions.
Engage with clients to understand their processes and tailor software deployments accordingly.
Required qualifications include male or female, aged 22–30, with college or university degree in IT, Information Systems, or related fields; or economics majors with accounting knowledge.
Knowledge of databases and SQL Server is advantageous; strong communication, problem-solving skills, diligence, initiative, and ability to work under high intensity and independently; experience in accounting software implementation is preferred."
Sales Manager,800.0,2.0,Hanoi,"Drive sales of stainless steel filtration products, industrial tanks, and develop the market for stainless steel pipes and fittings.
Develop and implement business plans and strategies for the sales team to achieve targets and KPIs.
Coach and support team members in acquiring new customers and nurturing existing and potential clients.
Train and monitor performance of the sales team; push team leaders to manage and execute sales plans.
Maintain cross-functional relationships to drive company activities; present and advise on product/project information to customers.
Requirements: Diploma/University degree in Business Administration or related fields; 2–3 years of experience in a similar role; leadership and planning abilities."
Brand Marketing - Marketing Communications Specialist,360.0,1.0,Hanoi,"Build, implement, and manage project and team plans.
Manage and coordinate team members to complete tasks.
Be responsible for reporting and guiding project results to superiors.
Identify and develop new opportunities with the team and senior leadership.
Collaborate with partners and relevant stakeholders.
Requirements: Chinese language proficiency (HSK4 or higher), at least 1 year in a similar role, strategic thinking with execution capability, ability to supervise and adjust strategies, and capability to manage and coordinate a team."
Head of Sales,480.0,2.0,Hai Duong,"Lead and manage the company's sales functions and revenue generation.
Develop and implement plans to achieve assigned sales targets.
Allocate targets, monitor progress, and coach sales staff to meet goals.
Expand business relationships with schools, educational centers, and parents; provide product consultations.
Conduct market research and competitor analysis to inform strategy.
Oversee contract processing, documentation, payments, and post-sale issue resolution."
Sales Executive,320.0,0.0,"Hanoi, Vietnam","Identify and cultivate potential customers using company-provided data platforms and self-sourced data.
Build and maintain relationships with agencies and furniture stores to promote and sell products.
Represent the company in client interactions, performing sales activities and product presentations.
Manage the collection process and resolve post-sale customer issues and complaints.
Promote a product range including nano products, wave laminate, plastic flooring, PVC panels, outdoor wood-plastic composite, accessories, multipurpose glue, silicone sealant, and other items.
Prefer candidates with sales experience; training will be provided for those without experience; male candidates with a driving license are favored; ability to build strong client relationships; good health, energetic and enthusiastic."
Mobile App Developer,600.0,0.0,"Hanoi, Vietnam","Design and develop mobile applications for iOS and Android according to specifications.
Lead architectural design, planning, and engineering of mobile solutions.
Research and apply new technologies to improve product quality and performance.
Ensure high performance, quality, and stability of mobile apps.
Collaborate with design, backend, and BA teams to deliver features that meet requirements.
Candidates should have 2+ years of mobile development experience and be proficient in Swift, Objective-C, Java, Kotlin, or Flutter; understand mobile app architecture, UI/UX; have experience with APIs/RESTful services; and have worked on large projects or apps published on App Store or Google Play; strong problem solving and time management."
IT Support,560.0,2.0,"Hanoi, Vietnam","Install and operate web/app servers, databases, and related services in development and staging environments.
Set up new servers (web, PHP, database, memory/storage) and manage data storage, backup, and web/app service configuration.
Manage and operate web/app servers, email, storage; upgrade and optimize server configurations; improve access and error log analysis (nginx, td-agent/logstash, Elasticsearch, Kibana).
Administer virtualization platforms (VMware, Xen) and monitor systems; plan maintenance and rapid fault remediation.
Provide technical support for computers, software, network devices, and connectivity; monitor systems and assets; plan hardware/software/system upgrades.
Prepare reports and propose IT operational improvements; collaborate effectively in a team and communicate clearly."
"Sales Staff (No Experience Required, Income Up to 20 Million)",280.0,0.0,Hanoi,"Establish and expand market presence by identifying potential customers and collecting market data.
Analyze market information and customer data to support sales strategies.
Source leads, pursue contracts, and close deals with clients.
Manage customer records and implement plans to nurture key accounts.
Perform other duties as assigned; training will be provided for new hires.
Work regular daytime hours with relevant team activities and incentives."
Pharmaceutical Sales Manager,720.0,2.0,Long An and other locations nationwide,"Provide strategic sales guidance to the CEO on sales plans and market development.
Manage OTC Sales Representatives to achieve monthly, quarterly, and annual sales targets.
Support sales reps in field activities and resolve issues impacting performance.
Supervise accounts receivable collection and report sales results to senior management.
Develop and expand the customer base, including existing and potential clients in the area.
Coordinate with Marketing to implement promotions and after-sales programs for customers.
Collaborate with Human Resources to recruit, allocate targets, train, and monitor the performance of the field team."
Head of Sales,720.0,2.0,Hanoi,"Develop business and customer acquisition strategies.
Plan department sales targets by period and season; allocate targets and monitor performance.
Coordinate with Marketing to execute campaigns and promote brand to drive sales.
Build, maintain, and develop customer relationships; expand client base.
Lead, train, and supervise sales team; set directions and ensure targets are met.
Propose solutions to strengthen brand presence and market positioning."
Project Manager,400.0,0.0,Hanoi,"Manage CDM projects and research, planning the development of new features.
Collaborate with design and development teams to build the website as proposed.
Implement adjustments and optimizations to the system based on customer requirements.
No prior experience required; knowledge of Net Zero and environmental protection is a plus.
Demonstrate eagerness to learn, analytical thinking, logical planning, and teamwork under pressure; proficient English communication."
"Sales/Consultant/Telesales Officer (No Experience Required, Hot Data, Off Sat-Sun) - Salary 6-8 Million VND",240.0,0.0,Hanoi,"Contact and advise customers using hot data generated by the company; not cold data.
Explain products and solutions to prospects, with a focus on education and training services.
No travel required; role conducted in an online training environment.
No prior experience required; training provided; suitable for new graduates.
Preference for female candidates from Gen Z; strong communication, sales, and advisory abilities; honesty, meticulousness, logical thinking, adaptability, and responsibility.
Must have own laptop/computer; ability to work in a fast-paced, target-driven environment.
Total monthly compensation ranges from 6,000,000 to 8,000,000 VND based on performance."
Business Analyst (BA),720.0,2.0,Hanoi,"Manage and deliver ERP software deployment projects for clients.
Analyze business requirements across mobile app development, B2C e-commerce, loyalty, gamification, and enterprise operations (procurement, sales, warehousing, manufacturing, and supply chain).
Conduct gap analysis between client requirements and existing software features.
Design, build, and present client-appropriate solutions; create user guides.
Train, advise, and hand over solutions to clients; coordinate with internal teams to support projects.
Support internal initiatives to develop the company's image and brand."
Software Tester,640.0,2.0,Hanoi,"Responsible for executing system testing, writing test scripts and plans, and reporting results.
Manage defects and coordinate with points of contact to ensure issues are resolved on time for release.
Prepare and maintain user manuals and instructional documents as part of the testing deliverables.
Collaborate with other departments to ensure project quality and adherence to standards.
Requirements include a university degree in IT or related field (or recognized equivalent certifications), and over 2 years of software testing experience in Mobile App/Web/API projects.
Experience building test scenarios, conducting UAT support, and writing test-related documentation; experience with database queries.
Proficient with testing tools such as Qtest, Jira, Confluence; ISTQB certification is a plus; knowledge of automated testing and performance testing is preferred."
Business Manager - GT Channel / ASM GT,600.0,3.0,Ho Chi Minh City,"Maintain and open new distributors and mini supermarkets to meet product coverage targets.
Identify and develop key account chains.
Recruit and train staff as needed.
Monitor sales performance of distributors and outlets; propose timely promotions to drive sales.
Develop sales plans and analyze market data to identify growth opportunities.
Requirements: male or female, under 50 years old; 3-4 years of experience in food products, imported foods, alcoholic beverages, or dietary supplements; strong communication, proficient in office software; teamwork, budgeting, analysis, and reporting skills."
Nurse,360.0,0.0,"Ho Chi Minh City; Binh Duong; Dong Nai, Vietnam","Provide comprehensive nursing care in clinical wards including Internal Medicine, Pediatrics, and Intensive Care.
Perform nursing procedures according to the doctor's treatment plan, such as injections, IV therapy, and wound care.
Monitor and evaluate patient condition, recording progression and changes in status.
Educate and advise patients and their families on health care and self-care skills.
Assist with personal hygiene, nutrition, and mobility; support patient meals as prescribed.
Maintain cleanliness and sterility of nursing tools and equipment; adhere to hospital nursing protocols.
Perform additional tasks as assigned by supervisors."
Project Manager,1000.0,1.0,Ho Chi Minh City,"Act as a liaison between Operations and Technology to translate needs for building and developing technology-enabled operations features/products.
Plan, execute, and complete strategic projects on time and within budget.
Drive continuous improvement and optimization of operational processes.
Utilize data analytics to evaluate operational performance and identify areas for improvement.
Foster a culture of innovation, collaboration, and continuous improvement within the team.
Preferred candidates have experience in logistics/ecommerce and are proficient with data tools (Excel, Google Sheets, SQL) and project management software."
Sales Manager,1000.0,2.0,Ho Chi Minh City,"Manage and train sales staff.
Oversee sales processes across online and offline channels.
Responsible for sales performance reporting to the supervisor.
Perform additional tasks as required by management.
Minimum 2 years of sales management experience in electronics devices or electronic locks.
Experience in Online sales and showroom chain operations is advantageous."
Sales and Advisory Specialist - Agricultural Products,400.0,0.0,Ho Chi Minh City,"Provide advisory, introduce, and sell products in the agricultural sector to customers.
Build and maintain relationships with existing customers while actively seeking new potential clients.
Analyze customer needs to propose suitable solutions.
Perform post-sales customer care activities.
Monitor and report business performance and sales on a periodic basis.
Study market and competitors to propose effective business strategies."
Marketing Officer - Brand Manager,720.0,3.0,Hanoi,"Develop and implement marketing strategies and brand/product management plans for assigned brands (e.g., nutraceuticals, imported products).
Create annual/quarterly marketing plans to grow brand awareness and sales by analyzing market trends, consumer segments, and category insights.
Prepare the annual brand budget and manage marketing activities, including market research, product development, packaging design, pricing, trade marketing, and new product launches; monitor campaigns and brand performance.
Set advertising objectives, select appropriate media channels, and allocate resources to run effective, cost-efficient campaigns targeting the consumer audience.
Adjust marketing strategies and plans in response to market changes and new trends; execute campaigns under executive oversight.
Monitor, evaluate, and report the effectiveness of marketing programs to drive sales and profit growth; track sales data regularly.
Recruit, lead, train, evaluate, and develop team members."
Key Account Channel Sales Associate (KA),320.0,1.0,Ho Chi Minh City,"Develop the market for key customer channels in the designated area by covering and increasing the number of key customers.
Expand the company's product portfolio at key customer points-of-sale.
Implement sales and volume targets assigned to the area.
Execute business development objectives as assigned by the company.
Qualifications: Diploma or university degree; basic knowledge of key account channels; at least 2 years of experience in FMCG or field sales; experience in key account channel preferred.
Skills: Strong communication, negotiation, and sales abilities; proficiency in Microsoft Office; professional appearance and demeanor; discipline, honesty, and perseverance."
UI/UX Designer,1000.0,3.0,"Ho Chi Minh City, Vietnam; Da Nang, Vietnam","Review business requirements and collaborate with team members to design solid, detailed UI/UX solutions.
Design, develop and maintain web/mobile interfaces using HTML/CSS/JS with a focus on usability.
Create and refine UI/UX concepts in Figma, Adobe CC, Sketch, and participate in design meetings with customers/partners.
Triage and fix bugs with rapid turnaround and ensure on-time, on-budget quality delivery.
Contribute ideas to improve the application and user experience; maintain consistency across platforms.
Requirements include a B.S. in Graphic Design, Multimedia or equivalent; 3+ years of web/mobile app design experience; proficiency in Figma, Adobe CC, Sketch; ability to create HTML pages with HTML/CSS/JS; fluent English."
Sales Accountant,400.0,1.0,Hanoi,"Responsible for issuing invoices, preparing sales documents, and accurately entering data into the internal software (MISA).
Manage accounts receivable and AR reporting; handle bank and cash transactions.
Perform additional duties as assigned.
Requirements: female candidate with a university degree in Accounting or experience in internal accounting; 1-2 years of experience; good communication and organizational skills; positive, proactive, diligent, careful, and highly responsible; own laptop.
Work location: Hanoi."
Website Design Intern,280.0,0.0,Ho Chi Minh City,"Directly interact with and support clients
Conceptualize and demo website designs for clients
Advise clients on layout, color, and functionality of websites
Help clients develop a complete website
Perform other tasks as assigned by the supervisor
Basic computer literacy required; standard working hours; eagerness to learn"
Healthcare Services Sales Specialist,680.0,1.0,"Hanoi, Vietnam","Develop business plans, identify and pursue customers, and expand services for the clinic.
Seek, present, advise, and persuade clients to purchase service packages including health checkups and specialty services.
Search, present, advise, and negotiate contracts with companies/organizations to provide services.
Maintain client relationships, handle feedback, and resolve issues within authority or escalate as needed.
Execute approved sales plans and campaigns to promote products/services and achieve revenue targets monthly, quarterly, and annually.
Expand distribution channels and recruit/train Sales Agents/CTVs in Hanoi and surrounding provinces to grow the advisory network.
Coordinate with Marketing to organize seminars, events, and roadshows to promote service quality and brand awareness."
Sales Tour Travel Consultant for Tour Groups - Hanoi,360.0,2.0,Hanoi,"Collect market information and provide market insights.
Prospect and search for potential clients and build a client base.
Advise and provide customer care to existing and new clients.
Perform additional tasks as assigned by the Department Head.
Requirements: university degree in economics-related fields; tourism is preferred.
Proficiency in English; careful, responsible, and detail-oriented.
Experience in Sales Tour is advantageous."
Software IT Engineer,320.0,2.0,Hanoi,"Manage and operate software related to company operations.
Administer domains and communication tools such as Skype, Zalo, and email.
Maintain administrative accounts for all old and new websites.
Install and manage Global Distribution Systems (GDS).
Configure and maintain API connections between systems.
Collaborate with teams to ensure system reliability and security."
Fullstack Developer,2000.0,0.0,Ho Chi Minh City,"Develop frontend and backend for web applications and APIs using React JS, TypeScript, Java Spring Boot, JPA, and PostgreSQL.
Build and optimize backend API services with a focus on low latency, high availability, and performance.
Work with technologies such as Kafka, Docker, and Azure DevOps CI/CD; contribute to automation testing and performance testing.
Review deployment environments, manage technical issues, and contribute to agile documentation and processes.
Collaborate in an Azure environment and with RDMS databases, especially MS SQL; support frontend development with React and TypeScript.
Participate in CI/CD automation, testing strategies, code reviews, and cross-team collaboration."
Branch Manager,400.0,3.0,Hanoi,"Recruit, guide, and train staff to ensure high performance and service quality.
Supervise and manage branch workflows and daily operation processes.
Oversee branch activities, ensuring smooth and efficient operations.
Care for and resolve complaints from parents to maintain satisfaction and trust.
Manage facilities and asset upkeep, ensuring a safe and functional environment.
Monitor revenue and financial performance, ensuring compliance with company standards.
Lead, motivate, and develop the team; implement business development and strategic plans."
Flutter Developer,600.0,0.0,Hanoi,"Design, develop, and optimize the performance of Android/iOS applications, primarily using Flutter.
Collaborate with the team to brainstorm ideas and implement new features for the application.
Debug issues and enhance features and overall product performance.
Coordinate with team members to operate and optimize the product workflow.
Research new technologies aligned with the product strategy.
Requirements: at least 3 years of experience in a related role; strong knowledge of OOP, data structures, algorithms, and UI/UX; experience with RESTful APIs; experience with Git; problem-solving, teamwork, and self-motivation."
Executive Assistant to the CEO,1000.0,2.0,Hanoi,"Plan and coordinate meetings and the CEO's business trips.
Schedule activities, prepare documents and reports for the CEO.
Support the CEO in managing and directing company operations.
Participate in meetings, conferences, and negotiations with stakeholders inside and outside the company.
Perform administrative and office tasks; propose and implement solutions to arising issues.
Represent the CEO in meetings, monitor progress, and handle other assigned professional tasks; step in when the CEO is unavailable."
"Fullstack Developer (Java, Angular/ReactJS)",680.0,0.0,Hanoi,"Develop web applications on the Java platform.
Participate in analysis, design, development, and maintenance of systems and applications.
Implement programs and services as required.
Research and update knowledge to support job performance.
Requires at least 2 years of Java experience in real projects, and proficiency in Spring Boot and RESTful web services.
Experience with cloud infrastructure (AWS, Kubernetes) and frontend technologies (Angular, ReactJS); experience with RDBMS (SQL Server, MySQL); experience with load-balanced web/app servers; banking/financial domain experience is a plus."
Sales and Customer Care Specialist,600.0,1.0,Hanoi,"Identify and expand potential customer base.
Design and advise tailored financial and insurance plans based on customer needs.
Assist customers with office services and prepare necessary paperwork accurately.
Maintain strong client relationships to deliver high-quality service experience.
Participate in company workshops and exhibitions to enhance service and customer experience and grow the customer base.
Source customers through company-hosted events and workshops.
Collaborate with management on lead generation according to policy."
Healthcare Services Sales Specialist,680.0,1.0,Hanoi,"Develop business plans and identify potential customers to grow clinic services and packages, including health check and specialty service bundles.
Present, advise, and persuade clients to purchase service packages; search for and negotiate contracts with companies and organizations.
Provide customer care, handle feedback, and resolve issues directly or escalate as needed to senior management.
Execute approved sales campaigns to promote products/services and achieve monthly/quarterly/yearly targets; monitor personal KPIs and contribute to department goals.
Expand distribution channels, recruit and train Sales Agents/CTVs in Hanoi and nearby provinces to broaden the advisory network and marketing reach.
Coordinate with Marketing to organize events, seminars, and roadshows to market service quality; supervise monthly sales reporting and revenue tracking."
Business Development Manager (Remote),1000.0,3.0,Ho Chi Minh City,"Develop and implement business strategies to drive revenue growth.
Analyze market trends, customer needs, and competitive factors to refine advertising and sales plans.
Monitor and evaluate sales team performance and implement productivity improvements.
Manage key customer relationships and provide regular reporting on business results.
Ensure alignment of business strategies with overall company goals.
Collaborate with cross-functional teams to support sales and marketing initiatives."
Solution Architect,1600.0,3.0,Hanoi,"Directly participate in projects across banking, fintech, IoT, and enterprise applications.
Analyze and design, build databases and back-end for applications; review and optimize code to ensure high quality and efficiency.
Implement back-end systems for high-load, high-scalability products.
Conduct research on new techniques and technologies; guide and assign tasks to team members.
Requirements: Bachelor's degree in IT or related field; 3+ years of experience in back-end development and scalable systems; proficient in Java, RDBMS (Oracle/MySQL), RESTful API, Spring, Redis; knowledge of microservices and modern technologies; strong database design and algorithm skills; responsible, proactive, and collaborative; experience in banking/fintech is a plus.
Benefits: friendly, dynamic work environment with opportunities for career growth."
